
> anyagent@0.1.0 build:bootstrap <HISTORICAL_REPO>
> pnpm -r --filter "./packages/*" --filter "!@zcode/desktop" build && pnpm --filter @zcode/desktop build:no-runtime-assets

Scope: 15 of 35 workspace projects
packages/formal-proof build$ vite build
packages/rpc build$ tsc
packages/model-option-map build$ tsc
packages/formal-proof build: vite v8.0.8 building client environment for production...
packages/formal-proof build: [2K
packages/model-option-map build: Done
packages/formal-proof build: transforming...✓ 572 modules transformed.
packages/formal-proof build: rendering chunks...
packages/formal-proof build: computing gzip size...
packages/formal-proof build: dist/index.html                  0.41 kB │ gzip:  0.27 kB
packages/formal-proof build: dist/assets/index-Cbvbq-qX.css   7.21 kB │ gzip:  2.08 kB
packages/formal-proof build: dist/assets/index-D-OJ9snz.js   76.64 kB │ gzip: 25.80 kB
packages/formal-proof build: ✓ built in 120ms
packages/formal-proof build: Done
packages/rpc build: Done
packages/provider build$ tsc
packages/provider build: Done
packages/provider-node build$ tsc
packages/provider-node build: Done
packages/zcode-server-cli build$ tsup
packages/zcode-server-cli build: CLI Building entry: {"server-cli":"src/main.ts","server-core":"src/server-core/entry.ts"}
packages/zcode-server-cli build: CLI Using tsconfig: tsconfig.json
packages/zcode-server-cli build: CLI tsup v8.5.1
packages/zcode-server-cli build: CLI Using tsup config: <HISTORICAL_REPO>/packages/zcode-server-cli/tsup.config.ts
packages/zcode-server-cli build: CLI Target: node22
packages/zcode-server-cli build: ESM Build start
packages/zcode-server-cli build: ESM dist/server-cli.js      1.06 MB
packages/zcode-server-cli build: ESM dist/server-core.js     3.38 MB
packages/zcode-server-cli build: ESM dist/server-cli.js.map  5.96 MB
packages/zcode-server-cli build: ESM dist/server-core.js.map 6.86 MB
packages/zcode-server-cli build: ESM ⚡️ Build success in 264ms
packages/zcode-server-cli build: Done
packages/server build$ tsup && pnpm run build:remote
packages/web build$ vite build
packages/web build: vite v8.0.8 building client environment for production...
packages/web build: [2K
packages/server build: CLI Building entry: {"entry-http":"src/entry-http.ts"}
packages/server build: CLI Using tsconfig: tsconfig.build.json
packages/server build: CLI tsup v8.5.1
packages/server build: CLI Using tsup config: <HISTORICAL_REPO>/packages/server/tsup.config.ts
packages/server build: CLI Target: node22
packages/server build: ESM Build start
packages/server build: ESM dist/chunk-ORLOWMR3.js                2.13 KB
packages/server build: ESM dist/broker-helper-health-3TSAEJ6G.js 161.00 B
packages/server build: ESM dist/wsl-backend-7PSDFZY6.js          199.00 B
packages/server build: ESM dist/chunk-436KVSPW.js                23.49 KB
packages/server build: ESM dist/docker-backend-6KU2JENE.js       143.00 B
packages/server build: ESM dist/chunk-4WBCRY56.js                959.00 B
packages/server build: ESM dist/chunk-U67V476Y.js                1.46 KB
packages/server build: ESM dist/chunk-GRU6GXYO.js                12.61 KB
packages/server build: ESM dist/ssh-backend-EZBQUQML.js          21.34 KB
packages/server build: ESM dist/chunk-E43QDAD2.js                33.32 KB
packages/server build: ESM dist/chunk-KVAMV55G.js                1.24 MB
packages/server build: ESM dist/entry-http.js                    3.07 MB
packages/server build: ESM ⚡️ Build success in 214ms
packages/server build: > @zcode/server@ build:remote <HISTORICAL_REPO>/packages/server
packages/server build: > tsx build-remote.ts
packages/server build: Built dist/remote/zcode-server.cjs
packages/server build: Done
packages/web build: transforming...✓ 7695 modules transformed.
packages/web build: rendering chunks...
packages/web build: computing gzip size...
packages/web build: dist/pdfjs/cmaps/CNS2-V.bcmap                                    0.09 kB
packages/web build: dist/pdfjs/cmaps/Roman.bcmap                                     0.09 kB
packages/web build: dist/pdfjs/cmaps/Katakana.bcmap                                  0.10 kB
packages/web build: dist/pdfjs/cmaps/ETenms-B5-H.bcmap                               0.10 kB
packages/web build: dist/pdfjs/cmaps/UniJIS-UCS2-HW-H.bcmap                          0.11 kB
packages/web build: dist/pdfjs/cmaps/Hiragana.bcmap                                  0.12 kB
packages/web build: dist/pdfjs/cmaps/Hankaku.bcmap                                   0.13 kB
packages/web build: dist/pdfjs/cmaps/B5-V.bcmap                                      0.14 kB
packages/web build: dist/pdfjs/cmaps/CNS1-V.bcmap                                    0.14 kB
packages/web build: dist/pdfjs/cmaps/B5pc-V.bcmap                                    0.14 kB
packages/web build: dist/pdfjs/cmaps/HKdla-B5-V.bcmap                                0.14 kB
packages/web build: dist/pdfjs/cmaps/HKdlb-B5-V.bcmap                                0.14 kB
packages/web build: dist/pdfjs/cmaps/HKgccs-B5-V.bcmap                               0.14 kB
packages/web build: dist/pdfjs/cmaps/HKm314-B5-V.bcmap                               0.14 kB
packages/web build: dist/pdfjs/cmaps/HKm471-B5-V.bcmap                               0.14 kB
packages/web build: dist/pdfjs/cmaps/UniCNS-UCS2-V.bcmap                             0.15 kB
packages/web build: dist/pdfjs/cmaps/UniCNS-UTF16-V.bcmap                            0.15 kB
packages/web build: dist/pdfjs/cmaps/UniCNS-UTF8-V.bcmap                             0.15 kB
packages/web build: dist/pdfjs/cmaps/ETHK-B5-V.bcmap                                 0.15 kB
packages/web build: dist/pdfjs/cmaps/ETen-B5-V.bcmap                                 0.15 kB
packages/web build: dist/pdfjs/cmaps/HKscs-B5-V.bcmap                                0.15 kB
packages/web build: dist/pdfjs/cmaps/KSC-V.bcmap                                     0.16 kB
packages/web build: dist/pdfjs/cmaps/UniCNS-UTF32-V.bcmap                            0.16 kB
packages/web build: dist/pdfjs/cmaps/KSC-EUC-V.bcmap                                 0.16 kB
packages/web build: dist/pdfjs/cmaps/UniKS-UTF16-V.bcmap                             0.16 kB
packages/web build: dist/pdfjs/cmaps/KSC-Johab-V.bcmap                               0.16 kB
packages/web build: dist/pdfjs/cmaps/KSCms-UHC-V.bcmap                               0.16 kB
packages/web build: dist/pdfjs/cmaps/KSCpc-EUC-V.bcmap                               0.16 kB
packages/web build: dist/pdfjs/cmaps/V.bcmap                                         0.16 kB
packages/web build: dist/pdfjs/cmaps/UniKS-UTF32-V.bcmap                             0.16 kB
packages/web build: dist/pdfjs/cmaps/78-V.bcmap                                      0.16 kB
packages/web build: dist/pdfjs/cmaps/KSCms-UHC-HW-V.bcmap                            0.16 kB
packages/web build: dist/pdfjs/cmaps/UniKS-UTF8-V.bcmap                              0.16 kB
packages/web build: dist/pdfjs/cmaps/EUC-V.bcmap                                     0.17 kB
packages/web build: dist/pdfjs/cmaps/RKSJ-V.bcmap                                    0.17 kB
packages/web build: dist/pdfjs/cmaps/ETenms-B5-V.bcmap                               0.17 kB
packages/web build: dist/pdfjs/cmaps/78-EUC-V.bcmap                                  0.17 kB
packages/web build: dist/pdfjs/cmaps/78-RKSJ-V.bcmap                                 0.17 kB
packages/web build: dist/pdfjs/cmaps/GB-V.bcmap                                      0.17 kB
packages/web build: dist/pdfjs/cmaps/GBT-V.bcmap                                     0.17 kB
packages/web build: dist/pdfjs/cmaps/UniGB-UTF16-V.bcmap                             0.17 kB
packages/web build: dist/pdfjs/cmaps/UniKS-UCS2-V.bcmap                              0.17 kB
packages/web build: dist/pdfjs/cmaps/GB-EUC-V.bcmap                                  0.17 kB
packages/web build: dist/pdfjs/cmaps/WP-Symbol.bcmap                                 0.17 kB
packages/web build: dist/pdfjs/cmaps/GBK-EUC-V.bcmap                                 0.18 kB
packages/web build: dist/pdfjs/cmaps/GBT-EUC-V.bcmap                                 0.18 kB
packages/web build: dist/pdfjs/cmaps/GBKp-EUC-V.bcmap                                0.18 kB
packages/web build: dist/pdfjs/cmaps/GBpc-EUC-V.bcmap                                0.18 kB
packages/web build: dist/pdfjs/cmaps/UniGB-UTF8-V.bcmap                              0.18 kB
packages/web build: dist/pdfjs/cmaps/GBTpc-EUC-V.bcmap                               0.18 kB
packages/web build: dist/pdfjs/cmaps/UniGB-UTF32-V.bcmap                             0.18 kB
packages/web build: dist/pdfjs/cmaps/UniGB-UCS2-V.bcmap                              0.19 kB
packages/web build: dist/pdfjs/cmaps/Ext-V.bcmap                                     0.21 kB
packages/web build: dist/pdfjs/cmaps/Adobe-GB1-0.bcmap                               0.21 kB
packages/web build: dist/pdfjs/cmaps/Ext-RKSJ-V.bcmap                                0.21 kB
packages/web build: dist/pdfjs/cmaps/GBK2K-V.bcmap                                   0.21 kB
packages/web build: dist/pdfjs/cmaps/Adobe-Japan1-0.bcmap                            0.22 kB
packages/web build: dist/pdfjs/cmaps/Adobe-Japan1-1.bcmap                            0.22 kB
packages/web build: dist/pdfjs/cmaps/Adobe-Japan1-2.bcmap                            0.23 kB
packages/web build: dist/pdfjs/cmaps/Adobe-Korea1-0.bcmap                            0.24 kB
packages/web build: dist/pdfjs/cmaps/Adobe-Japan1-3.bcmap                            0.24 kB
packages/web build: dist/pdfjs/cmaps/Adobe-GB1-1.bcmap                               0.25 kB
packages/web build: dist/pdfjs/cmaps/NWP-V.bcmap                                     0.25 kB
packages/web build: dist/pdfjs/cmaps/90pv-RKSJ-V.bcmap                               0.26 kB
packages/web build: dist/pdfjs/cmaps/Add-V.bcmap                                     0.28 kB
packages/web build: dist/pdfjs/cmaps/Add-RKSJ-V.bcmap                                0.28 kB
packages/web build: dist/pdfjs/cmaps/78ms-RKSJ-V.bcmap                               0.29 kB
packages/web build: dist/pdfjs/cmaps/90ms-RKSJ-V.bcmap                               0.29 kB
packages/web build: dist/pdfjs/cmaps/90msp-RKSJ-V.bcmap                              0.29 kB
packages/web build: dist/pdfjs/cmaps/Adobe-CNS1-0.bcmap                              0.31 kB
packages/web build: dist/pdfjs/cmaps/Adobe-Japan1-4.bcmap                            0.33 kB
packages/web build: dist/pdfjs/cmaps/Adobe-CNS1-1.bcmap                              0.37 kB
packages/web build: dist/pdfjs/cmaps/Adobe-CNS1-2.bcmap                              0.37 kB
packages/web build: dist/pdfjs/cmaps/Adobe-Korea1-1.bcmap                            0.38 kB
packages/web build: dist/pdfjs/cmaps/Adobe-Korea1-2.bcmap                            0.39 kB
packages/web build: dist/pdfjs/cmaps/Adobe-CNS1-3.bcmap                              0.40 kB
packages/web build: dist/pdfjs/cmaps/Adobe-CNS1-4.bcmap                              0.40 kB
packages/web build: dist/pdfjs/cmaps/Adobe-CNS1-5.bcmap                              0.40 kB
packages/web build: dist/pdfjs/cmaps/Adobe-CNS1-6.bcmap                              0.40 kB
packages/web build: dist/pdfjs/cmaps/Adobe-Japan1-5.bcmap                            0.43 kB
packages/web build: dist/pdfjs/cmaps/Adobe-GB1-2.bcmap                               0.46 kB
packages/web build: dist/pdfjs/cmaps/Adobe-GB1-3.bcmap                               0.47 kB
packages/web build: dist/pdfjs/cmaps/Adobe-Japan1-6.bcmap                            0.48 kB
packages/web build: dist/pdfjs/cmaps/CNS2-H.bcmap                                    0.50 kB
packages/web build: dist/pdfjs/cmaps/GB-H.bcmap                                      0.52 kB
packages/web build: dist/pdfjs/cmaps/RKSJ-H.bcmap                                    0.53 kB
packages/web build: dist/pdfjs/cmaps/GB-EUC-H.bcmap                                  0.54 kB
packages/web build: dist/pdfjs/cmaps/H.bcmap                                         0.55 kB
packages/web build: dist/pdfjs/cmaps/GBpc-EUC-H.bcmap                                0.55 kB
packages/web build: dist/pdfjs/cmaps/EUC-H.bcmap                                     0.57 kB
packages/web build: dist/pdfjs/cmaps/Adobe-GB1-4.bcmap                               0.60 kB
packages/web build: dist/pdfjs/cmaps/Adobe-GB1-5.bcmap                               0.62 kB
packages/web build: dist/pdfjs/cmaps/UniJIS-UTF16-V.bcmap                            0.64 kB
packages/web build: dist/pdfjs/cmaps/UniJIS2004-UTF16-V.bcmap                        0.64 kB
packages/web build: dist/pdfjs/cmaps/UniJIS-UCS2-V.bcmap                             0.66 kB
packages/web build: dist/pdfjs/cmaps/UniJIS-UTF32-V.bcmap                            0.67 kB
packages/web build: dist/pdfjs/cmaps/UniJIS-UTF8-V.bcmap                             0.67 kB
packages/web build: dist/pdfjs/cmaps/UniJIS-UCS2-HW-V.bcmap                          0.68 kB
packages/web build: dist/pdfjs/cmaps/UniJIS2004-UTF32-V.bcmap                        0.68 kB
packages/web build: dist/pdfjs/cmaps/UniJIS2004-UTF8-V.bcmap                         0.68 kB
packages/web build: dist/pdfjs/cmaps/UniJISX0213-UTF32-V.bcmap                       0.68 kB
packages/web build: dist/pdfjs/cmaps/UniJISX02132004-UTF32-V.bcmap                   0.68 kB
packages/web build: dist/pdfjs/cmaps/UniJISPro-UCS2-V.bcmap                          0.68 kB
packages/web build: dist/pdfjs/cmaps/UniJISPro-UCS2-HW-V.bcmap                       0.70 kB
packages/web build: dist/pdfjs/cmaps/CNS1-H.bcmap                                    0.70 kB
packages/web build: dist/pdfjs/cmaps/90msp-RKSJ-H.bcmap                              0.71 kB
packages/web build: dist/pdfjs/cmaps/90ms-RKSJ-H.bcmap                               0.72 kB
packages/web build: dist/pdfjs/cmaps/UniJISPro-UTF8-V.bcmap                          0.72 kB
packages/web build: dist/pdfjs/cmaps/83pv-RKSJ-H.bcmap                               0.90 kB
packages/web build: dist/pdfjs/cmaps/90pv-RKSJ-H.bcmap                               0.98 kB
packages/web build: dist/pdfjs/cmaps/B5-H.bcmap                                      1.08 kB
packages/web build: dist/pdfjs/cmaps/B5pc-H.bcmap                                    1.09 kB
packages/web build: dist/pdfjs/cmaps/ETen-B5-H.bcmap                                 1.12 kB
packages/web build: dist/pdfjs/cmaps/HKm314-B5-H.bcmap                               1.77 kB
packages/web build: dist/pdfjs/cmaps/CNS-EUC-H.bcmap                                 1.78 kB
packages/web build: dist/pdfjs/cmaps/KSC-H.bcmap                                     1.83 kB
packages/web build: dist/pdfjs/cmaps/KSC-EUC-H.bcmap                                 1.84 kB
packages/web build: dist/pdfjs/cmaps/CNS-EUC-V.bcmap                                 1.92 kB
packages/web build: dist/pdfjs/cmaps/KSCpc-EUC-H.bcmap                               2.02 kB
packages/web build: dist/pdfjs/cmaps/HKm471-B5-H.bcmap                               2.17 kB
packages/web build: dist/pdfjs/cmaps/HKgccs-B5-H.bcmap                               2.29 kB
packages/web build: dist/pdfjs/cmaps/78-H.bcmap                                      2.37 kB
packages/web build: dist/pdfjs/cmaps/78-RKSJ-H.bcmap                                 2.39 kB
packages/web build: dist/pdfjs/cmaps/78-EUC-H.bcmap                                  2.40 kB
packages/web build: dist/pdfjs/cmaps/Add-RKSJ-H.bcmap                                2.41 kB
packages/web build: dist/pdfjs/cmaps/HKdlb-B5-H.bcmap                                2.41 kB
packages/web build: dist/pdfjs/cmaps/Add-H.bcmap                                     2.41 kB
packages/web build: dist/pdfjs/cmaps/Ext-H.bcmap                                     2.53 kB
packages/web build: dist/pdfjs/cmaps/Ext-RKSJ-H.bcmap                                2.54 kB
packages/web build: dist/pdfjs/cmaps/78ms-RKSJ-H.bcmap                               2.65 kB
packages/web build: dist/pdfjs/cmaps/HKdla-B5-H.bcmap                                2.65 kB
packages/web build: dist/assets/workspaceFileSearchFilter.worker-OQwPzeVM.js         2.65 kB
packages/web build: dist/pdfjs/cmaps/NWP-H.bcmap                                     2.76 kB
packages/web build: dist/pdfjs/cmaps/KSCms-UHC-H.bcmap                               2.78 kB
packages/web build: dist/pdfjs/cmaps/KSCms-UHC-HW-H.bcmap                            2.78 kB
packages/web build: dist/assets/KaTeX_Size3-Regular-CTq5MqoE.woff                    4.42 kB
packages/web build: dist/pdfjs/cmaps/ETHK-B5-H.bcmap                                 4.42 kB
packages/web build: dist/pdfjs/cmaps/HKscs-B5-H.bcmap                                4.43 kB
packages/web build: dist/assets/KaTeX_Size4-Regular-Dl5lxZxV.woff2                   4.92 kB
packages/web build: dist/assets/model-provider-moonshot-kimi-k9BDmLI_.png            4.99 kB
packages/web build: dist/assets/KaTeX_Size2-Regular-Dy4dx90m.woff2                   5.20 kB
packages/web build: dist/assets/KaTeX_Size1-Regular-mCD8mA8B.woff2                   5.46 kB
packages/web build: dist/assets/KaTeX_Size4-Regular-BF-4gkZK.woff                    5.98 kB
packages/web build: dist/assets/KaTeX_Size2-Regular-oD1tc_U0.woff                    6.18 kB
packages/web build: dist/assets/KaTeX_Size1-Regular-C195tn64.woff                    6.49 kB
packages/web build: dist/assets/terminal-C6Bd1jeQ.png                                6.71 kB
packages/web build: dist/assets/KaTeX_Caligraphic-Regular-Di6jR-x-.woff2             6.90 kB
packages/web build: dist/assets/KaTeX_Caligraphic-Bold-Dq_IR9rO.woff2                6.91 kB
packages/web build: dist/pdfjs/cmaps/GBT-H.bcmap                                     7.26 kB
packages/web build: dist/pdfjs/cmaps/GBT-EUC-H.bcmap                                 7.29 kB
packages/web build: dist/pdfjs/cmaps/GBTpc-EUC-H.bcmap                               7.29 kB
packages/web build: dist/assets/image-search-DCThk39K.png                            7.51 kB
packages/web build: dist/assets/KaTeX_Size3-Regular-DgpXs0kz.ttf                     7.58 kB
packages/web build: dist/assets/KaTeX_Caligraphic-Regular-CTRA-rTL.woff              7.65 kB
packages/web build: dist/assets/KaTeX_Caligraphic-Bold-BEiXGLvX.woff                 7.71 kB
packages/web build: dist/assets/feishu-CCgK6olr.png                                  8.06 kB
packages/web build: dist/assets/model-provider-zai-app-CL3KEqFX.png                  8.78 kB
packages/web build: dist/assets/<REDACTED_EMAIL_1>                         9.50 kB
packages/web build: dist/assets/spreadsheets-Dd4d3fMm.png                            9.50 kB
packages/web build: dist/assets/KaTeX_Script-Regular-D3wIWfF6.woff2                  9.64 kB
packages/web build: dist/assets/presentations-CuyJxtRR.png                           9.66 kB
packages/web build: dist/assets/<REDACTED_EMAIL_2>                            9.71 kB
packages/web build: dist/assets/documents-DrPsuPJf.png                               9.74 kB
packages/web build: dist/assets/<REDACTED_EMAIL_3>                                  9.74 kB
packages/web build: dist/assets/pdf-CQM2rvTK.png                                     9.81 kB
packages/web build: dist/assets/KaTeX_SansSerif-Regular-DDBCnlJ7.woff2              10.34 kB
packages/web build: dist/assets/KaTeX_Size4-Regular-DWFBv043.ttf                    10.36 kB
packages/web build: dist/assets/KaTeX_Script-Regular-D5yQViql.woff                  10.58 kB
packages/web build: dist/assets/KaTeX_Fraktur-Regular-CTYiF6lA.woff2                11.31 kB
packages/web build: dist/assets/KaTeX_Fraktur-Bold-CL6g_b3V.woff2                   11.34 kB
packages/web build: dist/assets/KaTeX_Size2-Regular-B7gKUWhC.ttf                    11.50 kB
packages/web build: dist/assets/task-notification-pop-qiQ1Ge3C.mp3                  11.81 kB
packages/web build: dist/assets/KaTeX_SansSerif-Italic-C3H0VqGB.woff2               12.02 kB
packages/web build: dist/assets/KaTeX_SansSerif-Bold-D1sUS0GD.woff2                 12.21 kB
packages/web build: dist/assets/KaTeX_Size1-Regular-Dbsnue_I.ttf                    12.22 kB
packages/web build: dist/assets/KaTeX_SansSerif-Regular-CS6fqUqJ.woff               12.31 kB
packages/web build: dist/assets/KaTeX_Caligraphic-Regular-wX97UBjC.ttf              12.34 kB
packages/web build: dist/assets/KaTeX_Caligraphic-Bold-ATXxdsX0.ttf                 12.36 kB
packages/web build: dist/assets/finder-B1T_P_VR.png                                 12.67 kB
packages/web build: dist/assets/KaTeX_Fraktur-Regular-Dxdc4cR9.woff                 13.20 kB
packages/web build: dist/assets/KaTeX_Fraktur-Bold-BsDP51OF.woff                    13.29 kB
packages/web build: dist/assets/KaTeX_Typewriter-Regular-CO6r4hn1.woff2             13.56 kB
packages/web build: dist/assets/plugin-creator-Bb4PHfyz.png                         13.65 kB
packages/web build: dist/assets/KaTeX_SansSerif-Italic-DN2j7dab.woff                14.11 kB
packages/web build: dist/assets/KaTeX_SansSerif-Bold-DbIhKOiC.woff                  14.40 kB
packages/web build: dist/pdfjs/cmaps/GBKp-EUC-H.bcmap                               14.68 kB
packages/web build: dist/pdfjs/cmaps/GBK-EUC-H.bcmap                                14.69 kB
packages/web build: dist/assets/docx-import-worker-P8QGsCsG.js                      14.79 kB
packages/web build: dist/index.html                                                 15.15 kB │ gzip:     6.07 kB
packages/web build: dist/assets/KaTeX_Typewriter-Regular-C0xS9mPB.woff              16.02 kB
packages/web build: dist/assets/KaTeX_Math-BoldItalic-CZnvNsCZ.woff2                16.40 kB
packages/web build: dist/assets/KaTeX_Math-Italic-t53AETM-.woff2                    16.44 kB
packages/web build: dist/assets/KaTeX_Script-Regular-C5JkGWo-.ttf                   16.64 kB
packages/web build: dist/assets/KaTeX_Main-BoldItalic-DxDJ3AOS.woff2                16.78 kB
packages/web build: dist/pdfjs/cmaps/KSC-Johab-H.bcmap                              16.79 kB
packages/web build: dist/assets/KaTeX_Main-Italic-NWA7e6Wa.woff2                    16.98 kB
packages/web build: dist/assets/KaTeX_Math-BoldItalic-iY-2wyZ7.woff                 18.66 kB
packages/web build: dist/assets/KaTeX_Math-Italic-DA0__PXp.woff                     18.74 kB
packages/web build: dist/assets/KaTeX_Main-BoldItalic-SpSLRI95.woff                 19.41 kB
packages/web build: dist/assets/KaTeX_SansSerif-Regular-BNo7hRIc.ttf                19.43 kB
packages/web build: dist/assets/KaTeX_Fraktur-Regular-CB_wures.ttf                  19.57 kB
packages/web build: dist/assets/KaTeX_Fraktur-Bold-BdnERNNW.ttf                     19.58 kB
packages/web build: dist/pdfjs/cmaps/GBK2K-H.bcmap                                  19.66 kB
packages/web build: dist/assets/KaTeX_Main-Italic-BMLOBm91.woff                     19.67 kB
packages/web build: dist/assets/KaTeX_SansSerif-Italic-YYjJ1zSn.ttf                 22.36 kB
packages/web build: dist/pdfjs/cmaps/Adobe-Korea1-UCS2.bcmap                        23.29 kB
packages/web build: dist/assets/KaTeX_SansSerif-Bold-CFMepnvq.ttf                   24.50 kB
packages/web build: dist/assets/KaTeX_Main-Bold-Cx986IdX.woff2                      25.32 kB
packages/web build: dist/pdfjs/cmaps/UniJIS-UCS2-H.bcmap                            25.43 kB
packages/web build: dist/pdfjs/cmaps/UniKS-UCS2-H.bcmap                             25.78 kB
packages/web build: dist/assets/KaTeX_Main-Regular-B22Nviop.woff2                   26.27 kB
packages/web build: dist/pdfjs/cmaps/UniKS-UTF16-H.bcmap                            26.32 kB
packages/web build: dist/pdfjs/cmaps/UniKS-UTF32-H.bcmap                            26.45 kB
packages/web build: dist/assets/KaTeX_Typewriter-Regular-D3Ib7_Hf.ttf               27.55 kB
packages/web build: dist/pdfjs/cmaps/UniKS-UTF8-H.bcmap                             27.79 kB
packages/web build: dist/assets/KaTeX_AMS-Regular-BQhdFMY1.woff2                    28.07 kB
packages/web build: dist/assets/KaTeX_Main-Bold-Jm3AIy58.woff                       29.91 kB
packages/web build: dist/assets/KaTeX_Main-Regular-Dr94JaBh.woff                    30.77 kB
packages/web build: dist/assets/KaTeX_Math-BoldItalic-B3XSjfu4.ttf                  31.19 kB
packages/web build: dist/assets/KaTeX_Math-Italic-flOr_0UB.ttf                      31.30 kB
packages/web build: dist/assets/KaTeX_Main-BoldItalic-DzxPMmG6.ttf                  32.96 kB
packages/web build: dist/assets/KaTeX_AMS-Regular-DMm9YOAa.woff                     33.51 kB
packages/web build: dist/assets/KaTeX_Main-Italic-3WenGoN9.ttf                      33.58 kB
packages/web build: dist/pdfjs/cmaps/Adobe-GB1-UCS2.bcmap                           33.97 kB
packages/web build: dist/pdfjs/cmaps/UniJIS-UTF16-H.bcmap                           39.44 kB
packages/web build: dist/pdfjs/cmaps/UniJIS2004-UTF16-H.bcmap                       39.53 kB
packages/web build: dist/pdfjs/cmaps/UniJISX0213-UTF32-H.bcmap                      40.51 kB
packages/web build: dist/pdfjs/cmaps/UniJIS-UTF32-H.bcmap                           40.53 kB
packages/web build: dist/pdfjs/cmaps/UniJISX02132004-UTF32-H.bcmap                  40.60 kB
packages/web build: dist/pdfjs/cmaps/UniJIS2004-UTF32-H.bcmap                       40.63 kB
packages/web build: dist/pdfjs/cmaps/Adobe-Japan1-UCS2.bcmap                        40.95 kB
packages/web build: dist/pdfjs/cmaps/Adobe-CNS1-UCS2.bcmap                          41.19 kB
packages/web build: dist/pdfjs/cmaps/UniJIS-UTF8-H.bcmap                            41.69 kB
packages/web build: dist/pdfjs/cmaps/UniJIS2004-UTF8-H.bcmap                        41.77 kB
packages/web build: dist/pdfjs/cmaps/UniGB-UCS2-H.bcmap                             43.36 kB
packages/web build: dist/pdfjs/cmaps/UniGB-UTF16-H.bcmap                            44.08 kB
packages/web build: dist/pdfjs/cmaps/UniGB-UTF32-H.bcmap                            45.73 kB
packages/web build: dist/pdfjs/cmaps/UniGB-UTF8-H.bcmap                             46.83 kB
packages/web build: dist/pdfjs/cmaps/UniCNS-UCS2-H.bcmap                            48.28 kB
packages/web build: dist/pdfjs/cmaps/UniCNS-UTF16-H.bcmap                           50.41 kB
packages/web build: dist/assets/KaTeX_Main-Bold-waoOVXN0.ttf                        51.33 kB
packages/web build: dist/pdfjs/cmaps/UniCNS-UTF32-H.bcmap                           52.67 kB
packages/web build: dist/assets/KaTeX_Main-Regular-ypZvNtVU.ttf                     53.58 kB
packages/web build: dist/pdfjs/cmaps/UniCNS-UTF8-H.bcmap                            53.62 kB
packages/web build: dist/assets/KaTeX_AMS-Regular-DRggAlZN.ttf                      63.63 kB
packages/web build: dist/assets/xlsx-worker-BKxvEeqD.js                            132.09 kB
packages/web build: dist/assets/<REDACTED_EMAIL_4>                           215.70 kB
packages/web build: dist/assets/icon-glm-for-dark-gaDfAQcT.png                     223.61 kB
packages/web build: dist/assets/icon-glm-for-light-Dsx5dwqA.png                    223.80 kB
packages/web build: dist/assets/diffs.worker-CAavpt0L.js                           827.86 kB
packages/web build: dist/assets/pdf.worker.min-qwK7q_zL.mjs                      1,046.21 kB
packages/web build: dist/assets/docx_wasm_bg-HWnIvdMf.wasm                       1,119.33 kB │ gzip:   443.20 kB
packages/web build: dist/THIRD-PARTY-NOTICES.md                                  1,975.82 kB
packages/web build: dist/assets/duke_sheets_wasm_bg-BCCK9PkU.wasm                4,345.44 kB │ gzip: 1,663.17 kB
packages/web build: dist/assets/pdf-viewer-Dgb4oCkS.css                              1.49 kB │ gzip:     0.59 kB
packages/web build: dist/assets/index-DkJ_pFdd.css                                 396.34 kB │ gzip:    63.92 kB
packages/web build: dist/assets/mermaid-GHXKKRXX-Dk9mMvwc.js                         0.07 kB │ gzip:     0.08 kB
packages/web build: dist/assets/previewPanePdfContent-zSbXVZqO.js                    0.07 kB │ gzip:     0.08 kB
packages/web build: dist/assets/previewPanePptxContent-CY9mLeqv.js                   0.07 kB │ gzip:     0.08 kB
packages/web build: dist/assets/x-RpgT1XmH.js                                        0.07 kB │ gzip:     0.08 kB
packages/web build: dist/assets/info-DAWdUdS4.js                                     0.07 kB │ gzip:     0.09 kB
packages/web build: dist/assets/previewPaneOfficeContent-5UnjIze3.js                 0.07 kB │ gzip:     0.09 kB
packages/web build: dist/assets/zoom-in-BpoiRk4U.js                                  0.08 kB │ gzip:     0.09 kB
packages/web build: dist/assets/sparkles-Dmk7DCs0.js                                 0.08 kB │ gzip:     0.09 kB
packages/web build: dist/assets/zoom-out-BXX--Pc9.js                                 0.08 kB │ gzip:     0.09 kB
packages/web build: dist/assets/file-down-3C-2tIX8.js                                0.08 kB │ gzip:     0.09 kB
packages/web build: dist/assets/square-CMhJuDgf.js                                   0.08 kB │ gzip:     0.09 kB
packages/web build: dist/assets/square-terminal-mHSXrv2k.js                          0.08 kB │ gzip:     0.09 kB
packages/web build: dist/assets/store-w5kkoiTP.js                                    0.08 kB │ gzip:     0.09 kB
packages/web build: dist/assets/sun-BvQfYLrD.js                                      0.08 kB │ gzip:     0.09 kB
packages/web build: dist/assets/table-BcFFUgdn.js                                    0.08 kB │ gzip:     0.09 kB
packages/web build: dist/assets/tag-DdEOmAyO.js                                      0.08 kB │ gzip:     0.09 kB
packages/web build: dist/assets/target-CrbbgWZ-.js                                   0.08 kB │ gzip:     0.09 kB
packages/web build: dist/assets/terminal-CR-pQyg1.js                                 0.08 kB │ gzip:     0.09 kB
packages/web build: dist/assets/text-wrap-CgXuhQlO.js                                0.08 kB │ gzip:     0.09 kB
packages/web build: dist/assets/thumbs-down-r7LrOnom.js                              0.08 kB │ gzip:     0.09 kB
packages/web build: dist/assets/thumbs-up-BmxogKJE.js                                0.08 kB │ gzip:     0.09 kB
packages/web build: dist/assets/trash-2-56jRFeWo.js                                  0.08 kB │ gzip:     0.09 kB
packages/web build: dist/assets/trending-up-down-CUW_Pqi1.js                         0.08 kB │ gzip:     0.09 kB
packages/web build: dist/assets/undo-2-cCHixP-2.js                                   0.08 kB │ gzip:     0.09 kB
packages/web build: dist/assets/unplug-D3u8feWd.js                                   0.08 kB │ gzip:     0.09 kB
packages/web build: dist/assets/upload-ByLtwdaf.js                                   0.08 kB │ gzip:     0.09 kB
packages/web build: dist/assets/user-Dfa6J7AF.js                                     0.08 kB │ gzip:     0.09 kB
packages/web build: dist/assets/user-round-BS9nj0x0.js                               0.08 kB │ gzip:     0.09 kB
packages/web build: dist/assets/user-round-pen-rvZhALOE.js                           0.08 kB │ gzip:     0.09 kB
packages/web build: dist/assets/users-BljlyW9N.js                                    0.08 kB │ gzip:     0.09 kB
packages/web build: dist/assets/video-DaC_cdNK.js                                    0.08 kB │ gzip:     0.09 kB
packages/web build: dist/assets/wand-sparkles-BXDilFI_.js                            0.08 kB │ gzip:     0.09 kB
packages/web build: dist/assets/waypoints-7VAOKlSy.js                                0.08 kB │ gzip:     0.09 kB
packages/web build: dist/assets/workflow-C0zC7ns8.js                                 0.08 kB │ gzip:     0.09 kB
packages/web build: dist/assets/wrench-DiumUw_Z.js                                   0.08 kB │ gzip:     0.09 kB
packages/web build: dist/assets/activity-CQ1Vw8vP.js                                 0.08 kB │ gzip:     0.09 kB
packages/web build: dist/assets/alarm-clock-CzBy5_tS.js                              0.08 kB │ gzip:     0.09 kB
packages/web build: dist/assets/anchor-GubvxTHW.js                                   0.08 kB │ gzip:     0.09 kB
packages/web build: dist/assets/app-window-ZAEyD3WW.js                               0.08 kB │ gzip:     0.09 kB
packages/web build: dist/assets/archive-DUNBK2CI.js                                  0.08 kB │ gzip:     0.09 kB
packages/web build: dist/assets/archive-x-Ctmlo4Sg.js                                0.08 kB │ gzip:     0.09 kB
packages/web build: dist/assets/arrow-down-B58rSGlg.js                               0.08 kB │ gzip:     0.09 kB
packages/web build: dist/assets/arrow-down-to-line-fWXSiZ1w.js                       0.08 kB │ gzip:     0.09 kB
packages/web build: dist/assets/arrow-left-4TOh3SO4.js                               0.08 kB │ gzip:     0.09 kB
packages/web build: dist/assets/arrow-left-from-line-Dq6d48uW.js                     0.08 kB │ gzip:     0.09 kB
packages/web build: dist/assets/arrow-right-BWzRFOIX.js                              0.08 kB │ gzip:     0.09 kB
packages/web build: dist/assets/arrow-right-left-ClZ3AAwg.js                         0.08 kB │ gzip:     0.09 kB
packages/web build: dist/assets/arrow-right-to-line-D_HJK25j.js                      0.08 kB │ gzip:     0.09 kB
packages/web build: dist/assets/arrow-up-CMVZMbhA.js                                 0.08 kB │ gzip:     0.09 kB
packages/web build: dist/assets/arrow-up-from-line-CJ6-9tKb.js                       0.08 kB │ gzip:     0.09 kB
packages/web build: dist/assets/arrow-up-right-DyVO9ekB.js                           0.08 kB │ gzip:     0.09 kB
packages/web build: dist/assets/arrow-up-to-line-BbkmZ-5R.js                         0.08 kB │ gzip:     0.09 kB
packages/web build: dist/assets/astroid-BnS6Rhf2.js                                  0.08 kB │ gzip:     0.09 kB
packages/web build: dist/assets/ban-DPlMwkjA.js                                      0.08 kB │ gzip:     0.09 kB
packages/web build: dist/assets/blocks-u61z6BUe.js                                   0.08 kB │ gzip:     0.09 kB
packages/web build: dist/assets/book-open-K8sY1E2x.js                                0.08 kB │ gzip:     0.09 kB
packages/web build: dist/assets/book-open-text-dLnI6fc3.js                           0.08 kB │ gzip:     0.09 kB
packages/web build: dist/assets/bot-Cxu9iVow.js                                      0.08 kB │ gzip:     0.09 kB
packages/web build: dist/assets/bot-message-square-D5SEcjH0.js                       0.08 kB │ gzip:     0.09 kB
packages/web build: dist/assets/brain-DiYfSjix.js                                    0.08 kB │ gzip:     0.09 kB
packages/web build: dist/assets/briefcase-business-BJcIpkG3.js                       0.08 kB │ gzip:     0.09 kB
packages/web build: dist/assets/bug-Dga9mxwo.js                                      0.08 kB │ gzip:     0.09 kB
packages/web build: dist/assets/cable-Cna4DKfi.js                                    0.08 kB │ gzip:     0.09 kB
packages/web build: dist/assets/calendar-clock-A1zJ8rp4.js                           0.08 kB │ gzip:     0.09 kB
packages/web build: dist/assets/calendar-days-YXln-mIl.js                            0.08 kB │ gzip:     0.09 kB
packages/web build: dist/assets/chart-column-BUoAreDp.js                             0.08 kB │ gzip:     0.09 kB
packages/web build: dist/assets/chart-line-BhxSJMGM.js                               0.08 kB │ gzip:     0.09 kB
packages/web build: dist/assets/check-DcjsqcqT.js                                    0.08 kB │ gzip:     0.09 kB
packages/web build: dist/assets/chevron-down-CI5KXz9j.js                             0.08 kB │ gzip:     0.09 kB
packages/web build: dist/assets/chevron-left-CtVp2taj.js                             0.08 kB │ gzip:     0.09 kB
packages/web build: dist/assets/chevron-up-DbPfY24l.js                               0.08 kB │ gzip:     0.09 kB
packages/web build: dist/assets/chevrons-down-0-wkkYr5.js                            0.08 kB │ gzip:     0.09 kB
packages/web build: dist/assets/circle-ClqnkKPH.js                                   0.08 kB │ gzip:     0.09 kB
packages/web build: dist/assets/circle-alert-D8HJVG1A.js                             0.08 kB │ gzip:     0.09 kB
packages/web build: dist/assets/circle-check-DHG1PQ0E.js                             0.08 kB │ gzip:     0.09 kB
packages/web build: dist/assets/circle-check-big-ByGUJrP9.js                         0.08 kB │ gzip:     0.09 kB
packages/web build: dist/assets/circle-dashed-CBPs_z4e.js                            0.08 kB │ gzip:     0.09 kB
packages/web build: dist/assets/circle-minus-Ba0bYH7A.js                             0.08 kB │ gzip:     0.09 kB
packages/web build: dist/assets/circle-pause-DODiiwNV.js                             0.08 kB │ gzip:     0.09 kB
packages/web build: dist/assets/circle-play-ISKDC0q1.js                              0.08 kB │ gzip:     0.09 kB
packages/web build: dist/assets/circle-plus-DyhGMXTE.js                              0.08 kB │ gzip:     0.09 kB
packages/web build: dist/assets/circle-question-mark-DieTOZHz.js                     0.08 kB │ gzip:     0.09 kB
packages/web build: dist/assets/circle-slash-2-BeFysKMY.js                           0.08 kB │ gzip:     0.09 kB
packages/web build: dist/assets/circle-stop-Bvy5IhbT.js                              0.08 kB │ gzip:     0.09 kB
packages/web build: dist/assets/circle-x-t11fEn7w.js                                 0.08 kB │ gzip:     0.09 kB
packages/web build: dist/assets/clipboard-check-P3W8Gkyy.js                          0.08 kB │ gzip:     0.09 kB
packages/web build: dist/assets/clipboard-paste-ORwap6-D.js                          0.08 kB │ gzip:     0.09 kB
packages/web build: dist/assets/clipboard-pen-line-cojEgr5C.js                       0.08 kB │ gzip:     0.09 kB
packages/web build: dist/assets/clock-3-C3XffyG6.js                                  0.08 kB │ gzip:     0.09 kB
packages/web build: dist/assets/clock-CuRl9tnr.js                                    0.08 kB │ gzip:     0.09 kB
packages/web build: dist/assets/clock-alert-DxsKUBWA.js                              0.08 kB │ gzip:     0.09 kB
packages/web build: dist/assets/cloud-DcgZdJER.js                                    0.08 kB │ gzip:     0.09 kB
packages/web build: dist/assets/cloud-download-B2m945fp.js                           0.08 kB │ gzip:     0.09 kB
packages/web build: dist/assets/cloud-upload-C5gQZB3n.js                             0.08 kB │ gzip:     0.09 kB
packages/web build: dist/assets/code-xml-Vp3G1-YD.js                                 0.08 kB │ gzip:     0.09 kB
packages/web build: dist/assets/copy-dIZ4Azp2.js                                     0.08 kB │ gzip:     0.09 kB
packages/web build: dist/assets/cpu-oKBXnI0v.js                                      0.08 kB │ gzip:     0.09 kB
packages/web build: dist/assets/crown-cugq17Mx.js                                    0.08 kB │ gzip:     0.09 kB
packages/web build: dist/assets/download-DGDXijIV.js                                 0.08 kB │ gzip:     0.09 kB
packages/web build: dist/assets/earth-CWx8hnFp.js                                    0.08 kB │ gzip:     0.09 kB
packages/web build: dist/assets/ellipsis-BC-ku-DZ.js                                 0.08 kB │ gzip:     0.09 kB
packages/web build: dist/assets/eraser-DgmN_zdn.js                                   0.08 kB │ gzip:     0.09 kB
packages/web build: dist/assets/external-link-BA4IuxBR.js                            0.08 kB │ gzip:     0.09 kB
packages/web build: dist/assets/eye-4j_EYQBl.js                                      0.08 kB │ gzip:     0.09 kB
packages/web build: dist/assets/eye-off-wB6Q_YuB.js                                  0.08 kB │ gzip:     0.09 kB
packages/web build: dist/assets/file-CaMX_7lJ.js                                     0.08 kB │ gzip:     0.09 kB
packages/web build: dist/assets/file-clock-BhsxciVN.js                               0.08 kB │ gzip:     0.09 kB
packages/web build: dist/assets/file-code-corner-B97Rg91_.js                         0.08 kB │ gzip:     0.09 kB
packages/web build: dist/assets/file-diff-DdvCpm7n.js                                0.08 kB │ gzip:     0.09 kB
packages/web build: dist/assets/file-output-TUpki4ZO.js                              0.08 kB │ gzip:     0.09 kB
packages/web build: dist/assets/file-pen-line-AlhUgSAn.js                            0.08 kB │ gzip:     0.09 kB
packages/web build: dist/assets/file-search-Bh137yOC.js                              0.08 kB │ gzip:     0.09 kB
packages/web build: dist/assets/file-text-BSLofALx.js                                0.08 kB │ gzip:     0.09 kB
packages/web build: dist/assets/files-Dd5pS7WE.js                                    0.08 kB │ gzip:     0.09 kB
packages/web build: dist/assets/flask-conical-BN5125Gh.js                            0.08 kB │ gzip:     0.09 kB
packages/web build: dist/assets/folder-CHeQnyX2.js                                   0.08 kB │ gzip:     0.09 kB
packages/web build: dist/assets/folder-open-C7K557Ef.js                              0.08 kB │ gzip:     0.09 kB
packages/web build: dist/assets/folder-plus-_V0G-1uK.js                              0.08 kB │ gzip:     0.09 kB
packages/web build: dist/assets/folder-symlink-DmPaUakT.js                           0.08 kB │ gzip:     0.09 kB
packages/web build: dist/assets/gauge-DjDGZ5rx.js                                    0.08 kB │ gzip:     0.09 kB
packages/web build: dist/assets/gift-DgGEhvWs.js                                     0.08 kB │ gzip:     0.09 kB
packages/web build: dist/assets/git-branch-Bww99nYc.js                               0.08 kB │ gzip:     0.09 kB
packages/web build: dist/assets/git-commit-horizontal-O9P1MF53.js                    0.08 kB │ gzip:     0.09 kB
packages/web build: dist/assets/git-commit-vertical-DTVguIm5.js                      0.08 kB │ gzip:     0.09 kB
packages/web build: dist/assets/git-graph-CuyYRNID.js                                0.08 kB │ gzip:     0.09 kB
packages/web build: dist/assets/git-merge-CB8nu0tT.js                                0.08 kB │ gzip:     0.09 kB
packages/web build: dist/assets/globe-BCez9dK6.js                                    0.08 kB │ gzip:     0.09 kB
packages/web build: dist/assets/goal-b3srMc5m.js                                     0.08 kB │ gzip:     0.09 kB
packages/web build: dist/assets/graduation-cap-HH2634-s.js                           0.08 kB │ gzip:     0.09 kB
packages/web build: dist/assets/grip-horizontal-C3efyJ8r.js                          0.08 kB │ gzip:     0.09 kB
packages/web build: dist/assets/grip-vertical-CnT_RGvf.js                            0.08 kB │ gzip:     0.09 kB
packages/web build: dist/assets/hand-DTT5-hLc.js                                     0.08 kB │ gzip:     0.09 kB
packages/web build: dist/assets/hash-DEKGMnN4.js                                     0.08 kB │ gzip:     0.09 kB
packages/web build: dist/assets/history-TJ3hST5z.js                                  0.08 kB │ gzip:     0.09 kB
packages/web build: dist/assets/hourglass-C_YqtqLC.js                                0.08 kB │ gzip:     0.09 kB
packages/web build: dist/assets/house-BStTof5v.js                                    0.08 kB │ gzip:     0.09 kB
packages/web build: dist/assets/image-CE-TTVe_.js                                    0.08 kB │ gzip:     0.09 kB
packages/web build: dist/assets/image-off-CSNBkZhQ.js                                0.08 kB │ gzip:     0.09 kB
packages/web build: dist/assets/image-plus-ttnPhhNm.js                               0.08 kB │ gzip:     0.09 kB
packages/web build: dist/assets/import-DfoGs72P.js                                   0.08 kB │ gzip:     0.09 kB
packages/web build: dist/assets/inbox-DL--SlEr.js                                    0.08 kB │ gzip:     0.09 kB
packages/web build: dist/assets/keyboard-DUj_Gqc6.js                                 0.08 kB │ gzip:     0.09 kB
packages/web build: dist/assets/library-CZ4_iqQJ.js                                  0.08 kB │ gzip:     0.09 kB
packages/web build: dist/assets/lightbulb-C71x-KR1.js                                0.08 kB │ gzip:     0.09 kB
packages/web build: dist/assets/link-CJExu06g.js                                     0.08 kB │ gzip:     0.09 kB
packages/web build: dist/assets/list-DaXBxd_b.js                                     0.08 kB │ gzip:     0.09 kB
packages/web build: dist/assets/list-checks-C0fWH3hg.js                              0.08 kB │ gzip:     0.09 kB
packages/web build: dist/assets/list-filter-D0SUaSaQ.js                              0.08 kB │ gzip:     0.09 kB
packages/web build: dist/assets/list-todo-CSS6Q0LQ.js                                0.08 kB │ gzip:     0.09 kB
packages/web build: dist/assets/list-tree-DLoQr0C1.js                                0.08 kB │ gzip:     0.09 kB
packages/web build: dist/assets/loader-bDhoaawZ.js                                   0.08 kB │ gzip:     0.09 kB
packages/web build: dist/assets/lock-Dh0GcuTA.js                                     0.08 kB │ gzip:     0.09 kB
packages/web build: dist/assets/lock-keyhole-BrwBRbDX.js                             0.08 kB │ gzip:     0.09 kB
packages/web build: dist/assets/log-in-F_7PD48X.js                                   0.08 kB │ gzip:     0.09 kB
packages/web build: dist/assets/log-out-H57QF2Dh.js                                  0.08 kB │ gzip:     0.09 kB
packages/web build: dist/assets/map-fPimf_3r.js                                      0.08 kB │ gzip:     0.09 kB
packages/web build: dist/assets/maximize-2-B8FJ6cOD.js                               0.08 kB │ gzip:     0.09 kB
packages/web build: dist/assets/maximize-CpOMleUH.js                                 0.08 kB │ gzip:     0.09 kB
packages/web build: dist/assets/megaphone-W5mcrWfo.js                                0.08 kB │ gzip:     0.09 kB
packages/web build: dist/assets/message-circle-5No0F-gF.js                           0.08 kB │ gzip:     0.09 kB
packages/web build: dist/assets/message-circle-check-BrWIHb7S.js                     0.08 kB │ gzip:     0.09 kB
packages/web build: dist/assets/message-circle-plus-f83hiAyD.js                      0.08 kB │ gzip:     0.09 kB
packages/web build: dist/assets/message-circle-question-mark-CChX-lOl.js             0.08 kB │ gzip:     0.09 kB
packages/web build: dist/assets/message-circle-reply-9LbH9S3T.js                     0.08 kB │ gzip:     0.09 kB
packages/web build: dist/assets/message-square-CwrPXVwo.js                           0.08 kB │ gzip:     0.09 kB
packages/web build: dist/assets/message-square-text-CHoC7GSF.js                      0.08 kB │ gzip:     0.09 kB
packages/web build: dist/assets/messages-square-ClAHovS6.js                          0.08 kB │ gzip:     0.09 kB
packages/web build: dist/assets/minimize-2-BMWaGuXl.js                               0.08 kB │ gzip:     0.09 kB
packages/web build: dist/assets/minus-B0SDgolz.js                                    0.08 kB │ gzip:     0.09 kB
packages/web build: dist/assets/monitor-BpyIhxMw.js                                  0.08 kB │ gzip:     0.09 kB
packages/web build: dist/assets/monitor-cog-Cin6J8cb.js                              0.08 kB │ gzip:     0.09 kB
packages/web build: dist/assets/monitor-smartphone-CmjU2JL7.js                       0.08 kB │ gzip:     0.09 kB
packages/web build: dist/assets/moon-C0SopCsQ.js                                     0.08 kB │ gzip:     0.09 kB
packages/web build: dist/assets/mouse-pointer-click-DXDU_9jW.js                      0.08 kB │ gzip:     0.09 kB
packages/web build: dist/assets/music-2-iiiM_O9n.js                                  0.08 kB │ gzip:     0.09 kB
packages/web build: dist/assets/network-km6OjzoQ.js                                  0.08 kB │ gzip:     0.09 kB
packages/web build: dist/assets/notepad-text-2KXUIlXf.js                             0.08 kB │ gzip:     0.09 kB
packages/web build: dist/assets/package-BX--zae9.js                                  0.08 kB │ gzip:     0.09 kB
packages/web build: dist/assets/palette-C0bH2hOs.js                                  0.08 kB │ gzip:     0.09 kB
packages/web build: dist/assets/panel-left-close-DFrD-n2n.js                         0.08 kB │ gzip:     0.09 kB
packages/web build: dist/assets/panel-left-open-CWvvJJ5l.js                          0.08 kB │ gzip:     0.09 kB
packages/web build: dist/assets/panel-right-close-DJl6PNH7.js                        0.08 kB │ gzip:     0.09 kB
packages/web build: dist/assets/panel-right-open-BTmHCDey.js                         0.08 kB │ gzip:     0.09 kB
packages/web build: dist/assets/panels-top-left-u4ADM34q.js                          0.08 kB │ gzip:     0.09 kB
packages/web build: dist/assets/paperclip-CldvpCos.js                                0.08 kB │ gzip:     0.09 kB
packages/web build: dist/assets/pause-BpOgb9zF.js                                    0.08 kB │ gzip:     0.09 kB
packages/web build: dist/assets/pen-tool-9tTPy-Nb.js                                 0.08 kB │ gzip:     0.09 kB
packages/web build: dist/assets/pencil-C-9qaN56.js                                   0.08 kB │ gzip:     0.09 kB
packages/web build: dist/assets/pencil-ruler-Dc0BU3zS.js                             0.08 kB │ gzip:     0.09 kB
packages/web build: dist/assets/pin-DZUdZ487.js                                      0.08 kB │ gzip:     0.09 kB
packages/web build: dist/assets/play-BUCS-Pf0.js                                     0.08 kB │ gzip:     0.09 kB
packages/web build: dist/assets/plug-DL8YDWxu.js                                     0.08 kB │ gzip:     0.09 kB
packages/web build: dist/assets/plus-DupWiPrX.js                                     0.08 kB │ gzip:     0.09 kB
packages/web build: dist/assets/power-DniSx1YL.js                                    0.08 kB │ gzip:     0.09 kB
packages/web build: dist/assets/presentation-DM0fc1r0.js                             0.08 kB │ gzip:     0.09 kB
packages/web build: dist/assets/quote-CI8-lldB.js                                    0.08 kB │ gzip:     0.09 kB
packages/web build: dist/assets/redo-2-BzJjx-P_.js                                   0.08 kB │ gzip:     0.09 kB
packages/web build: dist/assets/refresh-ccw-tfIAmr5b.js                              0.08 kB │ gzip:     0.09 kB
packages/web build: dist/assets/refresh-cw-DwG2TqnV.js                               0.08 kB │ gzip:     0.09 kB
packages/web build: dist/assets/repeat-2-BZhkpWba.js                                 0.08 kB │ gzip:     0.09 kB
packages/web build: dist/assets/reply-DOPCmH7O.js                                    0.08 kB │ gzip:     0.09 kB
packages/web build: dist/assets/rocket-DQoYWgwH.js                                   0.08 kB │ gzip:     0.09 kB
packages/web build: dist/assets/rotate-ccw-C-hVF0Vd.js                               0.08 kB │ gzip:     0.09 kB
packages/web build: dist/assets/save-CdPjyZod.js                                     0.08 kB │ gzip:     0.09 kB
packages/web build: dist/assets/scale-DGdkX5R-.js                                    0.08 kB │ gzip:     0.09 kB
packages/web build: dist/assets/scroll-text-SgjcKzaD.js                              0.08 kB │ gzip:     0.09 kB
packages/web build: dist/assets/search-CBzT2O55.js                                   0.08 kB │ gzip:     0.09 kB
packages/web build: dist/assets/send-CjNCP8L0.js                                     0.08 kB │ gzip:     0.09 kB
packages/web build: dist/assets/server-mIRkmrfT.js                                   0.08 kB │ gzip:     0.09 kB
packages/web build: dist/assets/settings-2-du1_B44i.js                               0.08 kB │ gzip:     0.09 kB
packages/web build: dist/assets/settings-Bbj5aACE.js                                 0.08 kB │ gzip:     0.09 kB
packages/web build: dist/assets/share-Cl5pym0i.js                                    0.08 kB │ gzip:     0.09 kB
packages/web build: dist/assets/shield-alert-BkYB39IP.js                             0.08 kB │ gzip:     0.09 kB
packages/web build: dist/assets/shield-check-Dmy5Hhao.js                             0.08 kB │ gzip:     0.09 kB
packages/web build: dist/assets/sliders-horizontal-CIVN9eCL.js                       0.08 kB │ gzip:     0.09 kB
packages/web build: dist/assets/smartphone-BI_9d8e_.js                               0.08 kB │ gzip:     0.09 kB
packages/web build: dist/assets/square-arrow-right-enter-Cys_XxqT.js                 0.08 kB │ gzip:     0.09 kB
packages/web build: dist/assets/square-code-Dt21gzc4.js                              0.08 kB │ gzip:     0.09 kB
packages/web build: dist/assets/square-kanban-CCnFTHB5.js                            0.08 kB │ gzip:     0.09 kB
packages/web build: dist/assets/square-mouse-pointer-CiiB4E4Z.js                     0.08 kB │ gzip:     0.09 kB
packages/web build: dist/assets/square-slash-DTfkCc1A.js                             0.08 kB │ gzip:     0.09 kB
packages/web build: dist/assets/chevron-right-eW7_fn0k.js                            0.08 kB │ gzip:     0.09 kB
packages/web build: dist/assets/loader-circle-CGmJuK39.js                            0.08 kB │ gzip:     0.09 kB
packages/web build: dist/assets/triangle-alert-DTo6AVZE.js                           0.08 kB │ gzip:     0.10 kB
packages/web build: dist/assets/mouse-pointer-2-DL7aDpu8.js                          0.08 kB │ gzip:     0.10 kB
packages/web build: dist/assets/clone-BWhtbndj.js                                    0.09 kB │ gzip:     0.10 kB │ map:      1.33 kB
packages/web build: dist/assets/array-BBEGmAaF.js                                    0.10 kB │ gzip:     0.11 kB │ map:      0.52 kB
packages/web build: dist/assets/channel-CeeZ6Ur7.js                                  0.11 kB │ gzip:     0.12 kB │ map:      0.49 kB
packages/web build: dist/assets/pie-ZZUOXDRM-BxIXw9XI.js                             0.11 kB │ gzip:     0.11 kB
packages/web build: dist/assets/info-OMHHGYJF-BPFGvPQ2.js                            0.11 kB │ gzip:     0.11 kB
packages/web build: dist/assets/radar-PYXPWWZC-D-8Da157.js                           0.11 kB │ gzip:     0.12 kB
packages/web build: dist/assets/packet-4T2RLAQJ-sX_JnTFQ.js                          0.12 kB │ gzip:     0.12 kB
packages/web build: dist/assets/treemap-W4RFUUIX-Co6Im0tA.js                         0.12 kB │ gzip:     0.12 kB
packages/web build: dist/assets/wardley-RL74JXVD-CDuWy950.js                         0.12 kB │ gzip:     0.12 kB
packages/web build: dist/assets/gitGraph-7Q5UKJZL-B3DGt9Fm.js                        0.12 kB │ gzip:     0.12 kB
packages/web build: dist/assets/treeView-SZITEDCU-BvbPdSGe.js                        0.12 kB │ gzip:     0.12 kB
packages/web build: dist/assets/architecture-YZFGNWBL-B_MgO6Dc.js                    0.12 kB │ gzip:     0.12 kB
packages/web build: dist/assets/chevron-left-D8IcKLv9.js                             0.14 kB │ gzip:     0.15 kB │ map:      0.77 kB
packages/web build: dist/assets/chevron-right-vb-W9jHd.js                            0.14 kB │ gzip:     0.15 kB │ map:      0.78 kB
packages/web build: dist/assets/tally-1-D_MJhhCT.js                                  0.14 kB │ gzip:     0.15 kB │ map:      0.73 kB
packages/web build: dist/assets/slash-CgAqJbzE.js                                    0.15 kB │ gzip:     0.15 kB │ map:      0.73 kB
packages/web build: dist/assets/wifi-zero-CSdtsG9a.js                                0.15 kB │ gzip:     0.16 kB │ map:      0.75 kB
packages/web build: dist/assets/signal-zero-CmGt5Ai_.js                              0.15 kB │ gzip:     0.16 kB │ map:      0.76 kB
packages/web build: dist/assets/tiny-invariant-L2VPF8T-.js                           0.15 kB │ gzip:     0.14 kB │ map:      0.85 kB
packages/web build: dist/assets/loader-circle-CIoCuPmB.js                            0.16 kB │ gzip:     0.16 kB │ map:      0.79 kB
packages/web build: dist/assets/dot-IZdNwFbo.js                                      0.16 kB │ gzip:     0.15 kB │ map:      0.76 kB
packages/web build: dist/assets/circle-small-O8Zn8hE8.js                             0.16 kB │ gzip:     0.16 kB │ map:      0.80 kB
packages/web build: dist/assets/mountain-DmvTszjk.js                                 0.16 kB │ gzip:     0.16 kB │ map:      0.76 kB
packages/web build: dist/assets/bluetooth-B6_yRhPj.js                                0.16 kB │ gzip:     0.17 kB │ map:      0.77 kB
packages/web build: dist/assets/x-Dblg7pyS.js                                        0.17 kB │ gzip:     0.16 kB │ map:      0.81 kB
packages/web build: dist/assets/ellipse-BI52PQB9.js                                  0.17 kB │ gzip:     0.16 kB │ map:      0.81 kB
packages/web build: dist/assets/fish-symbol-ovy7f1rv.js                              0.17 kB │ gzip:     0.17 kB │ map:      0.79 kB
packages/web build: dist/assets/navigation-aUK80p-_.js                               0.17 kB │ gzip:     0.17 kB │ map:      0.79 kB
packages/web build: dist/assets/chunk-QZHKN3VN-69FlfO7k.js                           0.18 kB │ gzip:     0.15 kB │ map:      0.78 kB
packages/web build: dist/assets/navigation-2-CtclKYjj.js                             0.18 kB │ gzip:     0.17 kB │ map:      0.80 kB
packages/web build: dist/assets/space-ChirTNwX.js                                    0.18 kB │ gzip:     0.17 kB │ map:      0.77 kB
packages/web build: dist/assets/egg-BeTJS0Sx.js                                      0.18 kB │ gzip:     0.18 kB │ map:      0.76 kB
packages/web build: dist/assets/tally-2-D2Wq2hle.js                                  0.18 kB │ gzip:     0.17 kB │ map:      0.84 kB
packages/web build: dist/assets/thermometer-DANFauqa.js                              0.18 kB │ gzip:     0.18 kB │ map:      0.80 kB
packages/web build: dist/assets/option-D1VtR-3w.js                                   0.19 kB │ gzip:     0.17 kB │ map:      0.84 kB
packages/web build: dist/assets/rectangle-vertical-BdH0EqyF.js                       0.19 kB │ gzip:     0.18 kB │ map:      0.90 kB
packages/web build: dist/assets/signal-low-Cw3hRaTt.js                               0.19 kB │ gzip:     0.17 kB │ map:      0.86 kB
packages/web build: dist/assets/unlink-2-CorhYQcR.js                                 0.19 kB │ gzip:     0.18 kB │ map:      0.79 kB
packages/web build: dist/assets/rectangle-horizontal-DS0ILHlt.js                     0.19 kB │ gzip:     0.18 kB │ map:      0.91 kB
packages/web build: dist/assets/code-CSfvyc-f.js                                     0.19 kB │ gzip:     0.17 kB │ map:      0.84 kB
packages/web build: dist/assets/move-up-eRXUseMY.js                                  0.19 kB │ gzip:     0.17 kB │ map:      0.85 kB
packages/web build: dist/assets/move-left-DxDRzwbA.js                                0.19 kB │ gzip:     0.18 kB │ map:      0.86 kB
packages/web build: dist/assets/squircle-Besh5hnX.js                                 0.19 kB │ gzip:     0.18 kB │ map:      0.80 kB
packages/web build: dist/assets/move-up-left-Bx9ecoGh.js                             0.19 kB │ gzip:     0.18 kB │ map:      0.87 kB
packages/web build: dist/assets/arrow-up-left-nz7o_grH.js                            0.19 kB │ gzip:     0.18 kB │ map:      0.88 kB
packages/web build: dist/assets/chevron-last-CSErscz2.js                             0.19 kB │ gzip:     0.18 kB │ map:      0.88 kB
packages/web build: dist/assets/chevron-first-BpeV6LCW.js                            0.19 kB │ gzip:     0.18 kB │ map:      0.89 kB
packages/web build: dist/assets/move-down-CMnifPjD.js                                0.19 kB │ gzip:     0.18 kB │ map:      0.86 kB
packages/web build: dist/assets/move-up-right-Dm-qljWQ.js                            0.19 kB │ gzip:     0.18 kB │ map:      0.88 kB
packages/web build: dist/assets/music-3-CTwdeHyB.js                                  0.19 kB │ gzip:     0.19 kB │ map:      0.88 kB
packages/web build: dist/assets/arrow-down-left-Bsc3gzQV.js                          0.19 kB │ gzip:     0.17 kB │ map:      0.89 kB
packages/web build: dist/assets/clock-12-BmLRjxSO.js                                 0.19 kB │ gzip:     0.18 kB │ map:      0.89 kB
packages/web build: dist/assets/clock-6-JruHzD2r.js                                  0.19 kB │ gzip:     0.18 kB │ map:      0.88 kB
packages/web build: dist/assets/move-down-left-TA7RT_ys.js                           0.19 kB │ gzip:     0.18 kB │ map:      0.89 kB
packages/web build: dist/assets/move-right-ClizS7-Q.js                               0.19 kB │ gzip:     0.18 kB │ map:      0.87 kB
packages/web build: dist/assets/arrow-down-right-VpzY_8H0.js                         0.20 kB │ gzip:     0.18 kB │ map:      0.90 kB
packages/web build: dist/assets/clock-9-BwetYZyx.js                                  0.20 kB │ gzip:     0.18 kB │ map:      0.88 kB
packages/web build: dist/assets/move-down-right-CL48ZgY2.js                          0.20 kB │ gzip:     0.18 kB │ map:      0.90 kB
packages/web build: dist/assets/clock-1-DaOz55xy.js                                  0.20 kB │ gzip:     0.18 kB │ map:      0.88 kB
packages/web build: dist/assets/clock-2-tSOAiAb9.js                                  0.20 kB │ gzip:     0.18 kB │ map:      0.88 kB
packages/web build: dist/assets/clock-4-BTuHGcZC.js                                  0.20 kB │ gzip:     0.18 kB │ map:      0.88 kB
packages/web build: dist/assets/clock-5-BOKI-Mbo.js                                  0.20 kB │ gzip:     0.18 kB │ map:      0.88 kB
packages/web build: dist/assets/chevrons-up-Ecy4M2Kh.js                              0.20 kB │ gzip:     0.17 kB │ map:      0.88 kB
packages/web build: dist/assets/clock-7-CjFIuLfz.js                                  0.20 kB │ gzip:     0.18 kB │ map:      0.89 kB
packages/web build: dist/assets/clock-8-9VTS2D4N.js                                  0.20 kB │ gzip:     0.18 kB │ map:      0.89 kB
packages/web build: dist/assets/infinity-Dk83obaE.js                                 0.20 kB │ gzip:     0.18 kB │ map:      0.81 kB
packages/web build: dist/assets/chevrons-right-DDuytbvl.js                           0.20 kB │ gzip:     0.17 kB │ map:      0.90 kB
packages/web build: dist/assets/clock-10-BWy7pv21.js                                 0.20 kB │ gzip:     0.18 kB │ map:      0.89 kB
packages/web build: dist/assets/clock-11-DV0YrPOJ.js                                 0.20 kB │ gzip:     0.18 kB │ map:      0.89 kB
packages/web build: dist/assets/blend-G2Wd47_M.js                                    0.20 kB │ gzip:     0.17 kB │ map:      0.91 kB
packages/web build: dist/assets/chevrons-down-up-DnpevrlC.js                         0.20 kB │ gzip:     0.18 kB │ map:      0.91 kB
packages/web build: dist/assets/chevrons-left-B9cHLynI.js                            0.20 kB │ gzip:     0.17 kB │ map:      0.89 kB
packages/web build: dist/assets/chevrons-up-down-BWbR8HSs.js                         0.20 kB │ gzip:     0.18 kB │ map:      0.91 kB
packages/web build: dist/assets/trending-up-Bn3FfP3y.js                              0.20 kB │ gzip:     0.18 kB │ map:      0.88 kB
packages/web build: dist/assets/disc-B4K3U5ud.js                                     0.20 kB │ gzip:     0.17 kB │ map:      0.90 kB
packages/web build: dist/assets/wifi-low-FOeitoYU.js                                 0.20 kB │ gzip:     0.19 kB │ map:      0.87 kB
packages/web build: dist/assets/bold-D9EKg4rV.js                                     0.20 kB │ gzip:     0.18 kB │ map:      0.80 kB
packages/web build: dist/assets/chevrons-left-right-TGXy-fGP.js                      0.20 kB │ gzip:     0.18 kB │ map:      0.93 kB
packages/web build: dist/assets/trending-down-B4dhXtdh.js                            0.20 kB │ gzip:     0.19 kB │ map:      0.90 kB
packages/web build: dist/assets/check-check-BtH5Cs7L.js                              0.21 kB │ gzip:     0.19 kB │ map:      0.89 kB
packages/web build: dist/assets/chevrons-right-left-BBF3ExPy.js                      0.21 kB │ gzip:     0.19 kB │ map:      0.93 kB
packages/web build: dist/assets/forward-DNlP0Rnx.js                                  0.21 kB │ gzip:     0.19 kB │ map:      0.87 kB
packages/web build: dist/assets/iteration-cw-DJm4czPc.js                             0.21 kB │ gzip:     0.19 kB │ map:      0.89 kB
packages/web build: dist/assets/russian-ruble-COIBuQZw.js                            0.21 kB │ gzip:     0.18 kB │ map:      0.90 kB
packages/web build: dist/assets/src-2FP7IUE6-BIsrz6Lo.js                             0.21 kB │ gzip:     0.17 kB
packages/web build: dist/assets/triangle-Bb6R15O_.js                                 0.21 kB │ gzip:     0.19 kB │ map:      0.83 kB
packages/web build: dist/assets/chunk-4BX2VUAB-ByfNTueH.js                           0.21 kB │ gzip:     0.16 kB │ map:      0.80 kB
packages/web build: dist/assets/eclipse-DbaCz_85.js                                  0.21 kB │ gzip:     0.19 kB │ map:      0.90 kB
packages/web build: dist/assets/circle-dot-3-3C-nFq.js                               0.21 kB │ gzip:     0.17 kB │ map:      0.94 kB
packages/web build: dist/assets/command-C75rZOck.js                                  0.21 kB │ gzip:     0.18 kB │ map:      0.82 kB
packages/web build: dist/assets/iteration-ccw-BjCQ5rUt.js                            0.21 kB │ gzip:     0.19 kB │ map:      0.90 kB
packages/web build: dist/assets/mouse-C4s5CZtP.js                                    0.21 kB │ gzip:     0.20 kB │ map:      0.91 kB
packages/web build: dist/assets/circle-chevron-up-DBkP_h-i.js                        0.21 kB │ gzip:     0.19 kB │ map:      0.95 kB
packages/web build: dist/assets/chunk-55IACEB6-Or3Ripl9.js                           0.21 kB │ gzip:     0.19 kB │ map:      0.97 kB
packages/web build: dist/assets/corner-right-up-ByEea7q8.js                          0.21 kB │ gzip:     0.19 kB │ map:      0.91 kB
packages/web build: dist/assets/rows-2-CpemxD-M.js                                   0.21 kB │ gzip:     0.19 kB │ map:      0.92 kB
packages/web build: dist/assets/zodiac-taurus-1aK2xbPN.js                            0.21 kB │ gzip:     0.20 kB │ map:      0.93 kB
packages/web build: dist/assets/corner-down-left-YT5d-ojJ.js                         0.21 kB │ gzip:     0.19 kB │ map:      0.92 kB
packages/web build: dist/assets/corner-left-up-Da4JSUGU.js                           0.21 kB │ gzip:     0.19 kB │ map:      0.91 kB
packages/web build: dist/assets/corner-up-left-jhTgEKw3.js                           0.21 kB │ gzip:     0.19 kB │ map:      0.91 kB
packages/web build: dist/assets/crop-DqtSnOVm.js                                     0.21 kB │ gzip:     0.19 kB │ map:      0.86 kB
packages/web build: dist/assets/tv-B9KdrHRp.js                                       0.21 kB │ gzip:     0.20 kB │ map:      0.90 kB
packages/web build: dist/assets/circle-chevron-down-v106kU7J.js                      0.21 kB │ gzip:     0.19 kB │ map:      0.96 kB
packages/web build: dist/assets/circle-chevron-left-D52nvlTY.js                      0.21 kB │ gzip:     0.19 kB │ map:      0.96 kB
packages/web build: dist/assets/circle-chevron-right-BTFbOOha.js                     0.21 kB │ gzip:     0.19 kB │ map:      0.97 kB
packages/web build: dist/assets/contrast-B6lid_ef.js                                 0.21 kB │ gzip:     0.19 kB │ map:      0.91 kB
packages/web build: dist/assets/panel-top-Df5U25R7.js                                0.21 kB │ gzip:     0.19 kB │ map:      0.94 kB
packages/web build: dist/assets/undo-DcclpaxS.js                                     0.21 kB │ gzip:     0.19 kB │ map:      0.86 kB
packages/web build: dist/assets/columns-2-DcZk11tX.js                                0.21 kB │ gzip:     0.20 kB │ map:      0.94 kB
packages/web build: dist/assets/corner-down-right-Ckv7d7Np.js                        0.21 kB │ gzip:     0.19 kB │ map:      0.93 kB
packages/web build: dist/assets/corner-right-down-CII2rTxu.js                        0.21 kB │ gzip:     0.19 kB │ map:      0.93 kB
packages/web build: dist/assets/corner-up-right-BZ3jNGcF.js                          0.21 kB │ gzip:     0.19 kB │ map:      0.92 kB
packages/web build: dist/assets/panel-left-DW7WsjT1.js                               0.21 kB │ gzip:     0.20 kB │ map:      0.94 kB
packages/web build: dist/assets/parentheses-CWqm-hrE.js                              0.21 kB │ gzip:     0.19 kB │ map:      0.90 kB
packages/web build: dist/assets/corner-left-down-Cvp2sOs_.js                         0.21 kB │ gzip:     0.19 kB │ map:      0.92 kB
packages/web build: dist/assets/equal-CO11Spha.js                                    0.21 kB │ gzip:     0.18 kB │ map:      0.95 kB
packages/web build: dist/assets/flag-triangle-left-DDnXfk8H.js                       0.21 kB │ gzip:     0.20 kB │ map:      0.88 kB
packages/web build: dist/assets/flag-triangle-right-xV8J2fCV.js                      0.21 kB │ gzip:     0.20 kB │ map:      0.89 kB
packages/web build: dist/assets/redo-D05HHjyb.js                                     0.21 kB │ gzip:     0.19 kB │ map:      0.86 kB
packages/web build: dist/assets/tv-minimal-DI6VOOM4.js                               0.21 kB │ gzip:     0.20 kB │ map:      0.94 kB
packages/web build: dist/assets/copyleft-BGF397_w.js                                 0.22 kB │ gzip:     0.20 kB │ map:      0.91 kB
packages/web build: dist/assets/info-DOF26Bnm.js                                     0.22 kB │ gzip:     0.18 kB │ map:      0.97 kB
packages/web build: dist/assets/menu-B7uTYWrN.js                                     0.22 kB │ gzip:     0.17 kB │ map:      0.92 kB
packages/web build: dist/assets/panel-right-Clq64alO.js                              0.22 kB │ gzip:     0.20 kB │ map:      0.95 kB
packages/web build: dist/assets/square-minus-Bd-5SjHM.js                             0.22 kB │ gzip:     0.20 kB │ map:      0.96 kB
packages/web build: dist/assets/circle-slash-DV2_Brse.js                             0.22 kB │ gzip:     0.19 kB │ map:      0.97 kB
packages/web build: dist/assets/diff-K4BxjRVZ.js                                     0.22 kB │ gzip:     0.18 kB │ map:      0.92 kB
packages/web build: dist/assets/kanban-BhLNerv3.js                                   0.22 kB │ gzip:     0.18 kB │ map:      0.93 kB
packages/web build: dist/assets/panel-bottom-RJYdhVKh.js                             0.22 kB │ gzip:     0.20 kB │ map:      0.96 kB
packages/web build: dist/assets/triangle-right-B9UUdjPX.js                           0.22 kB │ gzip:     0.20 kB │ map:      0.88 kB
packages/web build: dist/assets/copyright-z_f6hPuP.js                                0.22 kB │ gzip:     0.20 kB │ map:      0.92 kB
packages/web build: dist/assets/line-dot-right-horizontal-BOosYtv6.js                0.22 kB │ gzip:     0.20 kB │ map:      0.99 kB
packages/web build: dist/assets/tally-3-CbO6nh3F.js                                  0.22 kB │ gzip:     0.18 kB │ map:      0.94 kB
packages/web build: dist/assets/underline-Ccj9jLZx.js                                0.22 kB │ gzip:     0.19 kB │ map:      0.93 kB
packages/web build: dist/assets/battery-Ce7IEWbu.js                                  0.22 kB │ gzip:     0.20 kB │ map:      0.94 kB
packages/web build: dist/assets/circle-parking-C6gTJssG.js                           0.22 kB │ gzip:     0.20 kB │ map:      0.94 kB
packages/web build: dist/assets/cylinder-1rjcuYKh.js                                 0.22 kB │ gzip:     0.20 kB │ map:      0.93 kB
packages/web build: dist/assets/heading-BGUsrFUO.js                                  0.22 kB │ gzip:     0.18 kB │ map:      0.94 kB
packages/web build: dist/assets/dice-1-D_913_r0.js                                   0.22 kB │ gzip:     0.20 kB │ map:      0.94 kB
packages/web build: dist/assets/book-CYrF2QaL.js                                     0.22 kB │ gzip:     0.19 kB │ map:      0.84 kB
packages/web build: dist/assets/square-check-2ln2p38x.js                             0.22 kB │ gzip:     0.20 kB │ map:      0.96 kB
packages/web build: dist/assets/line-squiggle-DiPScaIi.js                            0.22 kB │ gzip:     0.21 kB │ map:      0.89 kB
packages/web build: dist/assets/at-sign-_7pSHRx2.js                                  0.23 kB │ gzip:     0.21 kB │ map:      0.91 kB
packages/web build: dist/assets/flame-Qu0gMbN1.js                                    0.23 kB │ gzip:     0.20 kB │ map:      0.85 kB
packages/web build: dist/assets/slice-hPdXVTdX.js                                    0.23 kB │ gzip:     0.20 kB │ map:      0.85 kB
packages/web build: dist/assets/square-dot-WWR916kh.js                               0.23 kB │ gzip:     0.20 kB │ map:      0.98 kB
packages/web build: dist/assets/swiss-franc-Bys1oml-.js                              0.23 kB │ gzip:     0.19 kB │ map:      0.97 kB
packages/web build: dist/assets/text-align-end-D5zyoRwi.js                           0.23 kB │ gzip:     0.18 kB │ map:      0.98 kB
packages/web build: dist/assets/toggle-left-B0Ayt7u0.js                              0.23 kB │ gzip:     0.21 kB │ map:      0.99 kB
packages/web build: dist/assets/torus-BFxxhEq_.js                                    0.23 kB │ gzip:     0.18 kB │ map:      0.96 kB
packages/web build: dist/assets/x-line-top-DxNyTCZI.js                               0.23 kB │ gzip:     0.19 kB │ map:      0.96 kB
packages/web build: dist/assets/baseline-D-JhEcpg.js                                 0.23 kB │ gzip:     0.19 kB │ map:      0.96 kB
packages/web build: dist/assets/square-chevron-up-uhbIq6zD.js                        0.23 kB │ gzip:     0.21 kB │ map:      0.99 kB
packages/web build: dist/assets/venus-ChFKr10d.js                                    0.23 kB │ gzip:     0.20 kB │ map:      0.97 kB
packages/web build: dist/assets/zodiac-aries-CChgq_9P.js                             0.23 kB │ gzip:     0.19 kB │ map:      0.91 kB
packages/web build: dist/assets/rotate-cw-rZH75-oj.js                                0.23 kB │ gzip:     0.20 kB │ map:      0.90 kB
packages/web build: dist/assets/signal-medium-CpVA6kgL.js                            0.23 kB │ gzip:     0.19 kB │ map:      0.98 kB
packages/web build: dist/assets/square-radical-CSFhc52C.js                           0.23 kB │ gzip:     0.21 kB │ map:      0.98 kB
packages/web build: dist/assets/text-align-start-C0okpU74.js                         0.23 kB │ gzip:     0.19 kB │ map:      0.99 kB
packages/web build: dist/assets/toggle-right-9I4B1xak.js                             0.23 kB │ gzip:     0.20 kB │ map:      1.00 kB
packages/web build: dist/assets/text-align-center-Z4exce8D.js                        0.23 kB │ gzip:     0.19 kB │ map:      1.00 kB
packages/web build: dist/assets/check-line-C42nhOLS.js                               0.23 kB │ gzip:     0.19 kB │ map:      0.96 kB
packages/web build: dist/assets/square-chevron-down-B3GDaaTT.js                      0.23 kB │ gzip:     0.21 kB │ map:      1.01 kB
packages/web build: dist/assets/square-chevron-left-CogeLo0M.js                      0.23 kB │ gzip:     0.21 kB │ map:      1.01 kB
packages/web build: dist/assets/square-chevron-right-SSaDVZqn.js                     0.23 kB │ gzip:     0.21 kB │ map:      1.01 kB
packages/web build: dist/assets/text-align-justify-DPKs1d5u.js                       0.23 kB │ gzip:     0.18 kB │ map:      1.01 kB
packages/web build: dist/assets/chart-no-axes-gantt-DLDiUIO_.js                      0.23 kB │ gzip:     0.20 kB │ map:      1.01 kB
packages/web build: dist/assets/move-diagonal-B1QcM7w4.js                            0.23 kB │ gzip:     0.20 kB │ map:      0.98 kB
packages/web build: dist/assets/chart-no-axes-column-B6251O9y.js                     0.23 kB │ gzip:     0.19 kB │ map:      1.02 kB
packages/web build: dist/assets/radical-CnpYK82R.js                                  0.23 kB │ gzip:     0.21 kB │ map:      0.86 kB
packages/web build: dist/assets/credit-card-Dcf24WhX.js                              0.23 kB │ gzip:     0.21 kB │ map:      1.01 kB
packages/web build: dist/assets/move-diagonal-2-BOMUkbMm.js                          0.23 kB │ gzip:     0.19 kB │ map:      0.99 kB
packages/web build: dist/assets/zodiac-sagittarius-CGMVyPvi.js                       0.23 kB │ gzip:     0.20 kB │ map:      1.01 kB
packages/web build: dist/assets/arrow-left-to-line-CLK3tMNe.js                       0.23 kB │ gzip:     0.20 kB │ map:      1.01 kB
packages/web build: dist/assets/move-vertical-_oi1PU9I.js                            0.23 kB │ gzip:     0.19 kB │ map:      0.99 kB
packages/web build: dist/assets/square-sigma-CTgXrK8E.js                             0.23 kB │ gzip:     0.22 kB │ map:      0.98 kB
packages/web build: dist/assets/cone-CMaeMl9B.js                                     0.24 kB │ gzip:     0.21 kB │ map:      0.92 kB
packages/web build: dist/assets/mars-BueBnDno.js                                     0.24 kB │ gzip:     0.21 kB │ map:      0.97 kB
packages/web build: dist/assets/rectangle-circle-7bw0U7Px.js                         0.24 kB │ gzip:     0.20 kB │ map:      0.97 kB
packages/web build: dist/assets/spell-check-CArdDSAl.js                              0.24 kB │ gzip:     0.20 kB │ map:      0.98 kB
packages/web build: dist/assets/square-parking-B4qRMFfF.js                           0.24 kB │ gzip:     0.22 kB │ map:      0.99 kB
packages/web build: dist/assets/arrow-down-from-line-DJBXXUpr.js                     0.24 kB │ gzip:     0.20 kB │ map:      1.02 kB
packages/web build: dist/assets/circle-equal-B-Q8e38m.js                             0.24 kB │ gzip:     0.19 kB │ map:      1.01 kB
packages/web build: dist/assets/lock-open-gL5abcYW.js                                0.24 kB │ gzip:     0.21 kB │ map:      0.98 kB
packages/web build: dist/assets/move-horizontal-CbUpl6XI.js                          0.24 kB │ gzip:     0.20 kB │ map:      1.00 kB
packages/web build: dist/assets/square-activity-ByYh-OB_.js                          0.24 kB │ gzip:     0.21 kB │ map:      1.00 kB
packages/web build: dist/assets/arrow-right-from-line-C1BUxJv_.js                    0.24 kB │ gzip:     0.20 kB │ map:      1.03 kB
packages/web build: dist/assets/droplet-BdUSgUU6.js                                  0.24 kB │ gzip:     0.21 kB │ map:      0.87 kB
packages/web build: dist/assets/ratio-DGIEmBw0.js                                    0.24 kB │ gzip:     0.19 kB │ map:      1.00 kB
packages/web build: dist/assets/ungroup-hVykI03x.js                                  0.24 kB │ gzip:     0.19 kB │ map:      1.01 kB
packages/web build: dist/assets/asterisk-B5GeoQEc.js                                 0.24 kB │ gzip:     0.20 kB │ map:      0.97 kB
packages/web build: dist/assets/mail-DGo72RQg.js                                     0.24 kB │ gzip:     0.22 kB │ map:      0.94 kB
packages/web build: dist/assets/pill-Bj-lU44t.js                                     0.24 kB │ gzip:     0.20 kB │ map:      0.90 kB
packages/web build: dist/assets/tablet-D5cEmcsx.js                                   0.24 kB │ gzip:     0.21 kB │ map:      1.01 kB
packages/web build: dist/assets/appUsageChartPalette-DH5GDDgm.js                     0.24 kB │ gzip:     0.13 kB │ map:      0.77 kB
packages/web build: dist/assets/separator-vertical-BAkxHWZD.js                       0.24 kB │ gzip:     0.20 kB │ map:      1.02 kB
packages/web build: dist/assets/captions-D__Yd-AE.js                                 0.24 kB │ gzip:     0.21 kB │ map:      0.98 kB
packages/web build: dist/assets/pilcrow-DB64yQs-.js                                  0.24 kB │ gzip:     0.19 kB │ map:      0.97 kB
packages/web build: dist/assets/sigma-CVbzb2k9.js                                    0.24 kB │ gzip:     0.21 kB │ map:      0.86 kB
packages/web build: dist/assets/flask-round-JbJ0PFi_.js                              0.24 kB │ gzip:     0.21 kB │ map:      0.98 kB
packages/web build: dist/assets/separator-horizontal-rEQcx1ka.js                     0.24 kB │ gzip:     0.20 kB │ map:      1.03 kB
packages/web build: dist/assets/square-stop-D14dUT1h.js                              0.24 kB │ gzip:     0.20 kB │ map:      1.03 kB
packages/web build: dist/assets/table-2-_yNSw81J.js                                  0.24 kB │ gzip:     0.20 kB │ map:      0.87 kB
packages/web build: dist/assets/album-ls3uA5WS.js                                    0.24 kB │ gzip:     0.21 kB │ map:      0.97 kB
packages/web build: dist/assets/chart-no-axes-column-decreasing-DNYg8Po3.js          0.24 kB │ gzip:     0.20 kB │ map:      1.08 kB
packages/web build: dist/assets/chart-no-axes-column-increasing-m8mT_Ii8.js          0.24 kB │ gzip:     0.20 kB │ map:      1.08 kB
packages/web build: dist/assets/chart-spline-B94WSxY7.js                             0.24 kB │ gzip:     0.21 kB │ map:      0.93 kB
packages/web build: dist/assets/disc-2-D63xRXEx.js                                   0.24 kB │ gzip:     0.19 kB │ map:      1.01 kB
packages/web build: dist/assets/laptop-minimal-Bwh-1FRB.js                           0.24 kB │ gzip:     0.21 kB │ map:      1.05 kB
packages/web build: dist/assets/square-square-CoeeZwKw.js                            0.24 kB │ gzip:     0.19 kB │ map:      1.05 kB
packages/web build: dist/assets/turkish-lira-D4Y3rTgQ.js                             0.24 kB │ gzip:     0.21 kB │ map:      0.99 kB
packages/web build: dist/assets/arrow-up-from-dot-B4UNOZxH.js                        0.24 kB │ gzip:     0.21 kB │ map:      1.04 kB
packages/web build: dist/assets/dock-0PMXzaYb.js                                     0.24 kB │ gzip:     0.21 kB │ map:      1.01 kB
packages/web build: dist/assets/arrow-down-to-dot-XWtg5vE_.js                        0.25 kB │ gzip:     0.21 kB │ map:      1.04 kB
packages/web build: dist/assets/circle-arrow-down-7LX1Imqd.js                        0.25 kB │ gzip:     0.20 kB │ map:      1.05 kB
packages/web build: dist/assets/circle-arrow-up-AdXCtI9W.js                          0.25 kB │ gzip:     0.20 kB │ map:      1.04 kB
packages/web build: dist/assets/dollar-sign-XavPaNo4.js                              0.25 kB │ gzip:     0.21 kB │ map:      0.97 kB
packages/web build: dist/assets/music-BIVCbWz4.js                                    0.25 kB │ gzip:     0.20 kB │ map:      1.02 kB
packages/web build: dist/assets/audio-waveform-CodBG7GP.js                           0.25 kB │ gzip:     0.19 kB │ map:      0.91 kB
packages/web build: dist/assets/brackets-BiGbJVZF.js                                 0.25 kB │ gzip:     0.20 kB │ map:      0.92 kB
packages/web build: dist/assets/briefcase-Cp3yMOEE.js                                0.25 kB │ gzip:     0.22 kB │ map:      0.97 kB
packages/web build: dist/assets/circle-arrow-left-D1zu94Ay.js                        0.25 kB │ gzip:     0.21 kB │ map:      1.05 kB
packages/web build: dist/assets/cloud-lightning-DLi1K9hY.js                          0.25 kB │ gzip:     0.22 kB │ map:      0.95 kB
packages/web build: dist/assets/rows-3-G03NkTvb.js                                   0.25 kB │ gzip:     0.21 kB │ map:      1.02 kB
packages/web build: dist/assets/search-check-e4Sd5cIp.js                             0.25 kB │ gzip:     0.21 kB │ map:      1.02 kB
packages/web build: dist/assets/search-slash-BUVD5wAd.js                             0.25 kB │ gzip:     0.21 kB │ map:      1.02 kB
packages/web build: dist/assets/type-B8-7mcHF.js                                     0.25 kB │ gzip:     0.20 kB │ map:      0.96 kB
packages/web build: dist/assets/circle-arrow-right-Bhgb-tnA.js                       0.25 kB │ gzip:     0.21 kB │ map:      1.05 kB
packages/web build: dist/assets/highlighter-BHvvobBJ.js                              0.25 kB │ gzip:     0.21 kB │ map:      0.93 kB
packages/web build: dist/assets/utils-Gbw2QyKj.js                                    0.25 kB │ gzip:     0.19 kB │ map:      0.96 kB
packages/web build: dist/assets/grid-2x2-vVzq3wPg.js                                 0.25 kB │ gzip:     0.21 kB │ map:      1.03 kB
packages/web build: dist/assets/japanese-yen-CSPGHzQq.js                             0.25 kB │ gzip:     0.21 kB │ map:      1.00 kB
packages/web build: dist/assets/smartphone-charging-CGSH6fed.js                      0.25 kB │ gzip:     0.22 kB │ map:      1.04 kB
packages/web build: dist/assets/stretch-vertical-Bk6AsxqC.js                         0.25 kB │ gzip:     0.19 kB │ map:      1.07 kB
packages/web build: dist/assets/columns-3-CjRnWTNa.js                                0.25 kB │ gzip:     0.21 kB │ map:      1.04 kB
packages/web build: dist/assets/reply-all-DkJKK9IR.js                                0.25 kB │ gzip:     0.20 kB │ map:      0.99 kB
packages/web build: dist/assets/zodiac-ophiuchus-D5UwXBtV.js                         0.25 kB │ gzip:     0.21 kB │ map:      0.96 kB
packages/web build: dist/assets/beaker-Zou5-NAF.js                                   0.25 kB │ gzip:     0.20 kB │ map:      0.97 kB
packages/web build: dist/assets/cloud-check-kweLQqnc.js                              0.25 kB │ gzip:     0.22 kB │ map:      0.93 kB
packages/web build: dist/assets/globe-check-C2STHJVy.js                              0.25 kB │ gzip:     0.21 kB │ map:      0.95 kB
packages/web build: dist/assets/rss-CFSwG0JU.js                                      0.25 kB │ gzip:     0.21 kB │ map:      0.98 kB
packages/web build: dist/assets/square-plus-C0de-wBF.js                              0.25 kB │ gzip:     0.21 kB │ map:      1.05 kB
packages/web build: dist/assets/stretch-horizontal-jWgX2xb3.js                       0.25 kB │ gzip:     0.19 kB │ map:      1.08 kB
packages/web build: dist/assets/touchpad-B6tCB0F2.js                                 0.25 kB │ gzip:     0.21 kB │ map:      1.03 kB
packages/web build: dist/assets/undo-dot-C4VJEnGQ.js                                 0.25 kB │ gzip:     0.22 kB │ map:      1.01 kB
packages/web build: dist/assets/bluetooth-off-yJbFiTQk.js                            0.25 kB │ gzip:     0.21 kB │ map:      1.01 kB
packages/web build: dist/assets/circle-arrow-out-up-left-DP4ymHZn.js                 0.25 kB │ gzip:     0.21 kB │ map:      1.06 kB
packages/web build: dist/assets/lens-concave-DTpAIOEQ.js                             0.25 kB │ gzip:     0.20 kB │ map:      0.91 kB
packages/web build: dist/assets/merge-3E6JHOr_.js                                    0.25 kB │ gzip:     0.21 kB │ map:      0.97 kB
packages/web build: dist/assets/spline-CCrKaggG.js                                   0.25 kB │ gzip:     0.21 kB │ map:      1.03 kB
packages/web build: dist/assets/airplay-C8SsOZt7.js                                  0.25 kB │ gzip:     0.21 kB │ map:      0.95 kB
packages/web build: dist/assets/battery-low-BXhcZsfK.js                              0.25 kB │ gzip:     0.21 kB │ map:      1.05 kB
packages/web build: dist/assets/square-equal-BBhDmS63.js                             0.25 kB │ gzip:     0.21 kB │ map:      1.06 kB
packages/web build: dist/assets/zodiac-pisces-No35ESkQ.js                            0.25 kB │ gzip:     0.20 kB │ map:      1.01 kB
packages/web build: dist/assets/square-round-corner-C11wdt5P.js                      0.25 kB │ gzip:     0.20 kB │ map:      0.98 kB
packages/web build: dist/assets/tally-4-DM5ij9fD.js                                  0.25 kB │ gzip:     0.18 kB │ map:      1.04 kB
packages/web build: dist/assets/square-check-big-sM7WoS36.js                         0.26 kB │ gzip:     0.22 kB │ map:      0.98 kB
packages/web build: dist/assets/user-round-minus-BI4FKd73.js                         0.26 kB │ gzip:     0.22 kB │ map:      1.05 kB
packages/web build: dist/assets/bookmark-0rBw841E.js                                 0.26 kB │ gzip:     0.22 kB │ map:      0.89 kB
packages/web build: dist/assets/circle-arrow-out-up-right-N32RJrSz.js                0.26 kB │ gzip:     0.21 kB │ map:      1.07 kB
packages/web build: dist/assets/circle-power-tEtAPn2E.js                             0.26 kB │ gzip:     0.22 kB │ map:      1.03 kB
packages/web build: dist/assets/clock-check-xpf_de7c.js                              0.26 kB │ gzip:     0.21 kB │ map:      1.00 kB
packages/web build: dist/assets/dice-2-BTPtwhTR.js                                   0.26 kB │ gzip:     0.21 kB │ map:      1.04 kB
packages/web build: dist/assets/gallery-vertical-nwtbC6YL.js                         0.26 kB │ gzip:     0.22 kB │ map:      1.08 kB
packages/web build: dist/assets/omega-xfDU6F0B.js                                    0.26 kB │ gzip:     0.22 kB │ map:      0.88 kB
packages/web build: dist/assets/section-BP7S_gTh.js                                  0.26 kB │ gzip:     0.20 kB │ map:      0.92 kB
packages/web build: dist/assets/vote-CT4xCzVn.js                                     0.26 kB │ gzip:     0.21 kB │ map:      0.97 kB
packages/web build: dist/assets/wallet-minimal-Dtn0jhuM.js                           0.26 kB │ gzip:     0.21 kB │ map:      0.99 kB
packages/web build: dist/assets/divide-CIP4DksE.js                                   0.26 kB │ gzip:     0.21 kB │ map:      1.07 kB
packages/web build: dist/assets/gallery-horizontal-BmQac4P1.js                       0.26 kB │ gzip:     0.22 kB │ map:      1.09 kB
packages/web build: dist/assets/rainbow-BgaZ29lD.js                                  0.26 kB │ gzip:     0.20 kB │ map:      0.99 kB
packages/web build: dist/assets/square-x-ByFw7gIP.js                                 0.26 kB │ gzip:     0.21 kB │ map:      1.05 kB
packages/web build: dist/assets/text-quote-Dv6Dtdh4.js                               0.26 kB │ gzip:     0.19 kB │ map:      1.05 kB
packages/web build: dist/assets/zodiac-leo-Bet3on9d.js                               0.26 kB │ gzip:     0.23 kB │ map:      0.98 kB
packages/web build: dist/assets/circle-arrow-out-down-left-C48INZ-N.js               0.26 kB │ gzip:     0.21 kB │ map:      1.07 kB
packages/web build: dist/assets/club-C6LX2F2E.js                                     0.26 kB │ gzip:     0.21 kB │ map:      0.94 kB
packages/web build: dist/assets/door-closed-DaPsA1vX.js                              0.26 kB │ gzip:     0.21 kB │ map:      1.00 kB
packages/web build: dist/assets/hdmi-port-BVgsxRuY.js                                0.26 kB │ gzip:     0.21 kB │ map:      0.96 kB
packages/web build: dist/assets/hexagon-vZpeeHBG.js                                  0.26 kB │ gzip:     0.20 kB │ map:      0.89 kB
packages/web build: dist/assets/panels-left-bottom--PG-MByB.js                       0.26 kB │ gzip:     0.22 kB │ map:      1.09 kB
packages/web build: dist/assets/philippine-peso-1XD6b83t.js                          0.26 kB │ gzip:     0.21 kB │ map:      1.02 kB
packages/web build: dist/assets/wifi-high-4An1zrvO.js                                0.26 kB │ gzip:     0.21 kB │ map:      0.99 kB
packages/web build: dist/assets/ear-ydkUU4ho.js                                      0.26 kB │ gzip:     0.21 kB │ map:      0.90 kB
packages/web build: dist/assets/equal-approximately-D7a2wHJm.js                      0.26 kB │ gzip:     0.19 kB │ map:      0.98 kB
packages/web build: dist/assets/gallery-vertical-end-j4bJkPIr.js                     0.26 kB │ gzip:     0.22 kB │ map:      1.10 kB
packages/web build: dist/assets/list-minus-Co3beld1.js                               0.26 kB │ gzip:     0.19 kB │ map:      1.06 kB
packages/web build: dist/assets/zoom-out-CauQVYsw.js                                 0.26 kB │ gzip:     0.20 kB │ map:      1.11 kB
packages/web build: dist/assets/heading-1-VQpSTQTD.js                                0.26 kB │ gzip:     0.20 kB │ map:      1.05 kB
packages/web build: dist/assets/mountain-snow-B3te7uAT.js                            0.26 kB │ gzip:     0.23 kB │ map:      0.97 kB
packages/web build: dist/assets/panel-top-close-CVAwyby6.js                          0.26 kB │ gzip:     0.22 kB │ map:      1.08 kB
packages/web build: dist/assets/panel-top-open-ck3VNgB8.js                           0.26 kB │ gzip:     0.22 kB │ map:      1.07 kB
packages/web build: dist/assets/panels-right-bottom-D6DxSfF8.js                      0.26 kB │ gzip:     0.22 kB │ map:      1.10 kB
packages/web build: dist/assets/user-round-check-DxXOgqRF.js                         0.26 kB │ gzip:     0.23 kB │ map:      1.06 kB
packages/web build: dist/assets/voicemail-Bgg_8HJq.js                                0.26 kB │ gzip:     0.20 kB │ map:      1.09 kB
packages/web build: dist/assets/ellipsis-vertical-BBjXGSlR.js                        0.26 kB │ gzip:     0.19 kB │ map:      1.12 kB
packages/web build: dist/assets/mic-BFsu5raC.js                                      0.26 kB │ gzip:     0.22 kB │ map:      1.02 kB
packages/web build: dist/assets/mirror-rectangular-tWskkmUG.js                       0.26 kB │ gzip:     0.22 kB │ map:      1.10 kB
packages/web build: dist/assets/pen-CaOfRw6x.js                                      0.26 kB │ gzip:     0.22 kB │ map:      0.87 kB
packages/web build: dist/assets/book-minus-CVCsyDOI.js                               0.26 kB │ gzip:     0.22 kB │ map:      0.97 kB
packages/web build: dist/assets/circle-arrow-out-down-right-z5rpoTdD.js              0.26 kB │ gzip:     0.21 kB │ map:      1.08 kB
packages/web build: dist/assets/gallery-horizontal-end-NhpzzTF0.js                   0.26 kB │ gzip:     0.22 kB │ map:      1.11 kB
packages/web build: dist/assets/mouse-pointer-2-Cbz1xzvU.js                          0.26 kB │ gzip:     0.22 kB │ map:      0.95 kB
packages/web build: dist/assets/pi-Cvg7qXZZ.js                                       0.26 kB │ gzip:     0.22 kB │ map:      1.01 kB
packages/web build: dist/assets/signal-high-CP7gI3Hh.js                              0.26 kB │ gzip:     0.20 kB │ map:      1.06 kB
packages/web build: dist/assets/square-arrow-down-DbS_yV2D.js                        0.26 kB │ gzip:     0.22 kB │ map:      1.09 kB
packages/web build: dist/assets/square-arrow-up-C2z9xjiP.js                          0.26 kB │ gzip:     0.22 kB │ map:      1.08 kB
packages/web build: dist/assets/annoyed-CQuLauR5.js                                  0.26 kB │ gzip:     0.20 kB │ map:      1.08 kB
packages/web build: dist/assets/circle-gauge-CeBXQW4e.js                             0.26 kB │ gzip:     0.22 kB │ map:      1.04 kB
packages/web build: dist/assets/headphones-BscZsWUd.js                               0.26 kB │ gzip:     0.20 kB │ map:      0.91 kB
packages/web build: dist/assets/panel-bottom-open-DlrTgya3.js                        0.26 kB │ gzip:     0.22 kB │ map:      1.09 kB
packages/web build: dist/assets/skip-back-C6jAGJvG.js                                0.26 kB │ gzip:     0.22 kB │ map:      0.97 kB
packages/web build: dist/assets/skip-forward-D6aK16OL.js                             0.26 kB │ gzip:     0.22 kB │ map:      0.98 kB
packages/web build: dist/assets/square-arrow-left-EwFnRgy4.js                        0.26 kB │ gzip:     0.22 kB │ map:      1.09 kB
packages/web build: dist/assets/square-arrow-up-right-BuVxW2AA.js                    0.26 kB │ gzip:     0.22 kB │ map:      1.11 kB
packages/web build: dist/assets/zodiac-libra-DnxudTcs.js                             0.26 kB │ gzip:     0.23 kB │ map:      0.98 kB
packages/web build: dist/assets/disc-album-Ds4DIztZ.js                               0.26 kB │ gzip:     0.22 kB │ map:      1.08 kB
packages/web build: dist/assets/list-check-Cc3cDWmK.js                               0.26 kB │ gzip:     0.20 kB │ map:      1.06 kB
packages/web build: dist/assets/panel-bottom-close-BEwWrmPI.js                       0.26 kB │ gzip:     0.22 kB │ map:      1.10 kB
packages/web build: dist/assets/shell-BGcGFLrz.js                                    0.26 kB │ gzip:     0.21 kB │ map:      0.89 kB
packages/web build: dist/assets/square-arrow-right-BQSEi6Nc.js                       0.26 kB │ gzip:     0.22 kB │ map:      1.10 kB
packages/web build: dist/assets/square-arrow-up-left-DWDbg14H.js                     0.26 kB │ gzip:     0.22 kB │ map:      1.10 kB
packages/web build: dist/assets/step-back-s5ozWT8V.js                                0.26 kB │ gzip:     0.23 kB │ map:      0.97 kB
packages/web build: dist/assets/step-forward-BD1Pp5Gd.js                             0.26 kB │ gzip:     0.22 kB │ map:      0.98 kB
packages/web build: dist/assets/timer-CpGLoG3J.js                                    0.26 kB │ gzip:     0.20 kB │ map:      1.09 kB
packages/web build: dist/assets/ampersand-BBsUDjio.js                                0.27 kB │ gzip:     0.22 kB │ map:      0.97 kB
packages/web build: dist/assets/bed-COQF7Q08.js                                      0.27 kB │ gzip:     0.20 kB │ map:      1.03 kB
packages/web build: dist/assets/square-arrow-down-right-C9WEeZWb.js                  0.27 kB │ gzip:     0.22 kB │ map:      1.12 kB
packages/web build: dist/assets/align-vertical-space-around-D02Mx8dz.js              0.27 kB │ gzip:     0.22 kB │ map:      1.14 kB
packages/web build: dist/assets/cloudy-s4neXx11.js                                   0.27 kB │ gzip:     0.23 kB │ map:      0.93 kB
packages/web build: dist/assets/laptop-minimal-check-ziOi_EmT.js                     0.27 kB │ gzip:     0.23 kB │ map:      1.11 kB
packages/web build: dist/assets/redo-dot-DscSGgiS.js                                 0.27 kB │ gzip:     0.22 kB │ map:      1.02 kB
packages/web build: dist/assets/square-arrow-down-left-3jg-l8el.js                   0.27 kB │ gzip:     0.22 kB │ map:      1.12 kB
packages/web build: dist/assets/popsicle-kzO1Ddxj.js                                 0.27 kB │ gzip:     0.23 kB │ map:      0.97 kB
packages/web build: dist/assets/proportions-BxJ_zXWu.js                              0.27 kB │ gzip:     0.22 kB │ map:      1.07 kB
packages/web build: dist/assets/align-horizontal-space-around-DWwycTx8.js            0.27 kB │ gzip:     0.23 kB │ map:      1.15 kB
packages/web build: dist/assets/link-2-C8aL118t.js                                   0.27 kB │ gzip:     0.22 kB │ map:      1.03 kB
packages/web build: dist/assets/percent-C81X3PHY.js                                  0.27 kB │ gzip:     0.21 kB │ map:      1.09 kB
packages/web build: dist/assets/book-check-uG_FhbAC.js                               0.27 kB │ gzip:     0.22 kB │ map:      0.98 kB
packages/web build: dist/assets/chunk-426QAEUC-DE2jI5J0.js                           0.27 kB │ gzip:     0.22 kB │ map:      1.07 kB
packages/web build: dist/assets/cloud-fog-tEDylbW3.js                                0.27 kB │ gzip:     0.22 kB │ map:      1.00 kB
packages/web build: dist/assets/database-BqbDOlJa.js                                 0.27 kB │ gzip:     0.22 kB │ map:      1.04 kB
packages/web build: dist/assets/move-3d-VOCkVPny.js                                  0.27 kB │ gzip:     0.21 kB │ map:      1.05 kB
packages/web build: dist/assets/user-check-B9ZzHK8q.js                               0.27 kB │ gzip:     0.22 kB │ map:      1.04 kB
packages/web build: dist/assets/diamond-BxEJPjGP.js                                  0.27 kB │ gzip:     0.19 kB │ map:      0.90 kB
packages/web build: dist/assets/italic-BJNlpy9t.js                                   0.27 kB │ gzip:     0.20 kB │ map:      1.11 kB
packages/web build: dist/assets/lasso-5h21aML-.js                                    0.27 kB │ gzip:     0.23 kB │ map:      1.01 kB
packages/web build: dist/assets/arrow-down-up-DrfyxiDH.js                            0.27 kB │ gzip:     0.21 kB │ map:      1.09 kB
packages/web build: dist/assets/arrow-up-down-PULiYX18.js                            0.27 kB │ gzip:     0.21 kB │ map:      1.09 kB
packages/web build: dist/assets/banknote-B5IKQOMG.js                                 0.27 kB │ gzip:     0.22 kB │ map:      1.08 kB
packages/web build: dist/assets/bluetooth-searching-CRbpjP4a.js                      0.27 kB │ gzip:     0.23 kB │ map:      1.06 kB
packages/web build: dist/assets/chart-bar-Bz_7Jfob.js                                0.27 kB │ gzip:     0.21 kB │ map:      1.07 kB
packages/web build: dist/assets/vibrate-CntddjLR.js                                  0.27 kB │ gzip:     0.22 kB │ map:      1.05 kB
packages/web build: dist/assets/equal-not-iTPc9xxW.js                                0.27 kB │ gzip:     0.20 kB │ map:      1.13 kB
packages/web build: dist/assets/square-power-BNy7FjB8.js                             0.27 kB │ gzip:     0.23 kB │ map:      1.08 kB
packages/web build: dist/assets/wind-DZ0bkNM_.js                                     0.27 kB │ gzip:     0.21 kB │ map:      0.99 kB
packages/web build: dist/assets/book-marked-DiDpz3N_.js                              0.27 kB │ gzip:     0.23 kB │ map:      0.99 kB
packages/web build: dist/assets/non-binary-CBKFcunu.js                               0.27 kB │ gzip:     0.22 kB │ map:      1.10 kB
packages/web build: dist/assets/picture-in-picture-2-BF-sxv2d.js                     0.27 kB │ gzip:     0.23 kB │ map:      1.05 kB
packages/web build: dist/assets/strikethrough-DckkI8pL.js                            0.27 kB │ gzip:     0.23 kB │ map:      1.07 kB
packages/web build: dist/assets/arrow-left-right-Cb8Hz_xo.js                         0.27 kB │ gzip:     0.22 kB │ map:      1.11 kB
packages/web build: dist/assets/chart-gantt-CtHuCD5n.js                              0.27 kB │ gzip:     0.21 kB │ map:      1.08 kB
packages/web build: dist/assets/circle-dollar-sign-BNnZcbQq.js                       0.27 kB │ gzip:     0.22 kB │ map:      1.08 kB
packages/web build: dist/assets/cloud-alert-D_iiZ_3k.js                              0.27 kB │ gzip:     0.22 kB │ map:      1.02 kB
packages/web build: dist/assets/mouse-left-BRItHeLz.js                               0.27 kB │ gzip:     0.23 kB │ map:      1.04 kB
packages/web build: dist/assets/circle-off-CXfwVRSt.js                               0.28 kB │ gzip:     0.22 kB │ map:      1.01 kB
packages/web build: dist/assets/donut-BcBJr82Z.js                                    0.28 kB │ gzip:     0.23 kB │ map:      0.99 kB
packages/web build: dist/assets/list-indent-decrease-CPZL0Jnt.js                     0.28 kB │ gzip:     0.20 kB │ map:      1.12 kB
packages/web build: dist/assets/list-indent-increase-0asJQz0L.js                     0.28 kB │ gzip:     0.20 kB │ map:      1.12 kB
packages/web build: dist/assets/tent-bNiB-xb-.js                                     0.28 kB │ gzip:     0.20 kB │ map:      1.05 kB
packages/web build: dist/assets/test-tube-ncB1MMds.js                                0.28 kB │ gzip:     0.22 kB │ map:      1.01 kB
packages/web build: dist/assets/grid-2x2-check-BHSK7kSy.js                           0.28 kB │ gzip:     0.22 kB │ map:      1.01 kB
packages/web build: dist/assets/pentagon-rPN6P2zM.js                                 0.28 kB │ gzip:     0.22 kB │ map:      0.91 kB
packages/web build: dist/assets/triangle-alert-CpREh9AR.js                           0.28 kB │ gzip:     0.22 kB │ map:      1.08 kB
packages/web build: dist/assets/compass-soB44yBU.js                                  0.28 kB │ gzip:     0.23 kB │ map:      1.00 kB
packages/web build: dist/assets/lens-convex-B35Q0yjw.js                              0.28 kB │ gzip:     0.22 kB │ map:      0.93 kB
packages/web build: dist/assets/sword-DNYGD_6Y.js                                    0.28 kB │ gzip:     0.22 kB │ map:      1.05 kB
packages/web build: dist/assets/circle-percent-B8qA0O-G.js                           0.28 kB │ gzip:     0.22 kB │ map:      1.13 kB
packages/web build: dist/assets/lollipop-CDXsuicK.js                                 0.28 kB │ gzip:     0.23 kB │ map:      1.04 kB
packages/web build: dist/assets/mouse-right-De248ZLY.js                              0.28 kB │ gzip:     0.24 kB │ map:      1.05 kB
packages/web build: dist/assets/trash-DvQc3vt5.js                                    0.28 kB │ gzip:     0.21 kB │ map:      0.99 kB
packages/web build: dist/assets/webcam-Pp_m2KBh.js                                   0.28 kB │ gzip:     0.21 kB │ map:      1.11 kB
packages/web build: dist/assets/circle-user-round-DY-eXXml.js                        0.28 kB │ gzip:     0.22 kB │ map:      1.11 kB
packages/web build: dist/assets/mars-stroke-DkPGvL1E.js                              0.28 kB │ gzip:     0.22 kB │ map:      1.11 kB
packages/web build: dist/assets/search-alert-hkVmzGbH.js                             0.28 kB │ gzip:     0.22 kB │ map:      1.12 kB
packages/web build: dist/assets/squares-unite-FjN_Xlfg.js                            0.28 kB │ gzip:     0.21 kB │ map:      0.94 kB
packages/web build: dist/assets/ticket-minus-B1n8YU_8.js                             0.28 kB │ gzip:     0.22 kB │ map:      1.00 kB
packages/web build: dist/assets/users-round-DG4AoaND.js                              0.28 kB │ gzip:     0.24 kB │ map:      1.05 kB
packages/web build: dist/assets/flag-Bkicri60.js                                     0.28 kB │ gzip:     0.23 kB │ map:      0.90 kB
packages/web build: dist/assets/globe-x-DISVPC3U.js                                  0.28 kB │ gzip:     0.22 kB │ map:      1.02 kB
packages/web build: dist/assets/pound-sterling-DL2MXU2D.js                           0.28 kB │ gzip:     0.21 kB │ map:      1.10 kB
packages/web build: dist/assets/route-BcL6wGXm.js                                    0.28 kB │ gzip:     0.22 kB │ map:      1.05 kB
packages/web build: dist/assets/circle-ellipsis-sCSRQ3LW.js                          0.28 kB │ gzip:     0.20 kB │ map:      1.13 kB
packages/web build: dist/assets/fishing-rod-DmLPz5lT.js                              0.28 kB │ gzip:     0.23 kB │ map:      1.05 kB
packages/web build: dist/assets/text-cursor-DW0bzJ1h.js                              0.28 kB │ gzip:     0.21 kB │ map:      1.03 kB
packages/web build: dist/assets/chart-bar-decreasing-CHudg0Yk.js                     0.28 kB │ gzip:     0.22 kB │ map:      1.13 kB
packages/web build: dist/assets/chart-bar-increasing-DiOHVMj2.js                     0.28 kB │ gzip:     0.21 kB │ map:      1.13 kB
packages/web build: dist/assets/clipboard-CNaLxqei.js                                0.28 kB │ gzip:     0.23 kB │ map:      1.06 kB
packages/web build: dist/assets/funnel-BxsOadqL.js                                   0.28 kB │ gzip:     0.23 kB │ map:      0.91 kB
packages/web build: dist/assets/georgian-lari-Dm1eGTmQ.js                            0.28 kB │ gzip:     0.22 kB │ map:      1.10 kB
packages/web build: dist/assets/square-m-Dr66wUrj.js                                 0.28 kB │ gzip:     0.24 kB │ map:      1.04 kB
packages/web build: dist/assets/square-user-round-Dwp93eVV.js                        0.28 kB │ gzip:     0.24 kB │ map:      1.14 kB
packages/web build: dist/assets/user-minus-9iv_tZRH.js                               0.28 kB │ gzip:     0.23 kB │ map:      1.09 kB
packages/web build: dist/assets/waves-vertical-v49ciuZd.js                           0.28 kB │ gzip:     0.19 kB │ map:      1.05 kB
packages/web build: dist/assets/calendar-DxL9GV7v.js                                 0.28 kB │ gzip:     0.22 kB │ map:      1.13 kB
packages/web build: dist/assets/person-standing-DwChqorV.js                          0.28 kB │ gzip:     0.23 kB │ map:      1.14 kB
packages/web build: dist/assets/search-x-iV-KTcge.js                                 0.28 kB │ gzip:     0.22 kB │ map:      1.10 kB
packages/web build: dist/assets/bluetooth-connected-Bd_ZG-Sf.js                      0.28 kB │ gzip:     0.22 kB │ map:      1.15 kB
packages/web build: dist/assets/grid-3x2-7jhEUI9q.js                                 0.28 kB │ gzip:     0.22 kB │ map:      1.13 kB
packages/web build: dist/assets/heart-CpnZOYsd.js                                    0.28 kB │ gzip:     0.23 kB │ map:      0.91 kB
packages/web build: dist/assets/pc-case-DsAAqqOF.js                                  0.28 kB │ gzip:     0.22 kB │ map:      1.12 kB
packages/web build: dist/assets/pyramid-D-3gHeHO.js                                  0.28 kB │ gzip:     0.23 kB │ map:      0.98 kB
packages/web build: dist/assets/rectangle-goggles-By8jFVGI.js                        0.28 kB │ gzip:     0.22 kB │ map:      0.97 kB
packages/web build: dist/assets/waves-horizontal-BxdyXuBB.js                         0.28 kB │ gzip:     0.20 kB │ map:      1.06 kB
packages/web build: dist/assets/zodiac-capricorn-B-r47LLr.js                         0.28 kB │ gzip:     0.23 kB │ map:      1.08 kB
packages/web build: dist/assets/heading-2-CNDGfoZj.js                                0.29 kB │ gzip:     0.22 kB │ map:      1.08 kB
packages/web build: dist/assets/map-pin-BX9qA8n4.js                                  0.29 kB │ gzip:     0.24 kB │ map:      1.01 kB
packages/web build: dist/assets/martini-CpPfLrVn.js                                  0.29 kB │ gzip:     0.22 kB │ map:      1.04 kB
packages/web build: dist/assets/music-4-qjUC6zK-.js                                  0.29 kB │ gzip:     0.22 kB │ map:      1.13 kB
packages/web build: dist/assets/refrigerator-DnK9Xff5.js                             0.29 kB │ gzip:     0.22 kB │ map:      1.05 kB
packages/web build: dist/assets/split-C25m-V_a.js                                    0.29 kB │ gzip:     0.22 kB │ map:      1.06 kB
packages/web build: dist/assets/square-arrow-out-up-left-Cc87OZjL.js                 0.29 kB │ gzip:     0.22 kB │ map:      1.09 kB
packages/web build: dist/assets/ticket-check-BANKgBUK.js                             0.29 kB │ gzip:     0.22 kB │ map:      1.01 kB
packages/web build: dist/assets/ticket-slash-CS8tuKuq.js                             0.29 kB │ gzip:     0.22 kB │ map:      1.01 kB
packages/web build: dist/assets/align-end-vertical-hbLEJt84.js                       0.29 kB │ gzip:     0.22 kB │ map:      1.17 kB
packages/web build: dist/assets/circle-user-DtearBfz.js                              0.29 kB │ gzip:     0.22 kB │ map:      1.08 kB
packages/web build: dist/assets/euro-CSoNjjfF.js                                     0.29 kB │ gzip:     0.23 kB │ map:      1.03 kB
packages/web build: dist/assets/map-pin-minus-inside-C2h1oB2s.js                     0.29 kB │ gzip:     0.24 kB │ map:      1.04 kB
packages/web build: dist/assets/weight-Cs1AIPCB.js                                   0.29 kB │ gzip:     0.24 kB │ map:      1.00 kB
packages/web build: dist/assets/align-start-vertical-Ch2T7Md4.js                     0.29 kB │ gzip:     0.22 kB │ map:      1.19 kB
packages/web build: dist/assets/bed-single-DDzwcAvx.js                               0.29 kB │ gzip:     0.22 kB │ map:      1.03 kB
packages/web build: dist/assets/handbag-3V1Cqrg7.js                                  0.29 kB │ gzip:     0.23 kB │ map:      0.98 kB
packages/web build: dist/assets/rows-4-CMI2efRY.js                                   0.29 kB │ gzip:     0.22 kB │ map:      1.12 kB
packages/web build: dist/assets/square-arrow-out-up-right-CoUkjV4m.js                0.29 kB │ gzip:     0.22 kB │ map:      1.10 kB
packages/web build: dist/assets/utensils-BO3vmjmc.js                                 0.29 kB │ gzip:     0.22 kB │ map:      1.02 kB
packages/web build: dist/assets/align-end-horizontal-BDuQoZob.js                     0.29 kB │ gzip:     0.23 kB │ map:      1.19 kB
packages/web build: dist/assets/chart-column-decreasing-pMFlUMik.js                  0.29 kB │ gzip:     0.22 kB │ map:      1.15 kB
packages/web build: dist/assets/chart-column-increasing-nHlixzEm.js                  0.29 kB │ gzip:     0.22 kB │ map:      1.15 kB
packages/web build: dist/assets/ghost-Dd09vd9X.js                                    0.29 kB │ gzip:     0.22 kB │ map:      1.03 kB
packages/web build: dist/assets/lock-keyhole-open-D_tFo-xI.js                        0.29 kB │ gzip:     0.24 kB │ map:      1.15 kB
packages/web build: dist/assets/navigation-off-DlG9Q3Mf.js                           0.29 kB │ gzip:     0.24 kB │ map:      1.09 kB
packages/web build: dist/assets/square-menu-NUXG98pa.js                              0.29 kB │ gzip:     0.22 kB │ map:      1.15 kB
packages/web build: dist/assets/tree-deciduous-D8fVA58S.js                           0.29 kB │ gzip:     0.24 kB │ map:      1.02 kB
packages/web build: dist/assets/vegan-BKOMeJrb.js                                    0.29 kB │ gzip:     0.23 kB │ map:      1.01 kB
packages/web build: dist/assets/zap-CkjsGnew.js                                      0.29 kB │ gzip:     0.23 kB │ map:      0.90 kB
packages/web build: dist/assets/align-start-horizontal-ibIytgL3.js                   0.29 kB │ gzip:     0.22 kB │ map:      1.20 kB
packages/web build: dist/assets/closed-caption-0nlZGO6J.js                           0.29 kB │ gzip:     0.23 kB │ map:      1.11 kB
packages/web build: dist/assets/navigation-2-off-BV1S48rU.js                         0.29 kB │ gzip:     0.23 kB │ map:      1.10 kB
packages/web build: dist/assets/square-arrow-out-down-left-BNw0JrbY.js               0.29 kB │ gzip:     0.23 kB │ map:      1.10 kB
packages/web build: dist/assets/square-pause-BxirI23H.js                             0.29 kB │ gzip:     0.22 kB │ map:      1.18 kB
packages/web build: dist/assets/test-tube-diagonal-aLEvwtoL.js                       0.29 kB │ gzip:     0.23 kB │ map:      1.08 kB
packages/web build: dist/assets/columns-4-D6lWNM1n.js                                0.29 kB │ gzip:     0.22 kB │ map:      1.14 kB
packages/web build: dist/assets/key-DL-xBWVj.js                                      0.29 kB │ gzip:     0.24 kB │ map:      1.02 kB
packages/web build: dist/assets/tablets-ZnxRt7MC.js                                  0.29 kB │ gzip:     0.22 kB │ map:      1.13 kB
packages/web build: dist/assets/barcode-Jt9-eeRs.js                                  0.29 kB │ gzip:     0.19 kB │ map:      1.14 kB
packages/web build: dist/assets/case-lower-DSKusyOd.js                               0.29 kB │ gzip:     0.22 kB │ map:      1.14 kB
packages/web build: dist/assets/leaf-D5jJciSr.js                                     0.29 kB │ gzip:     0.24 kB │ map:      0.97 kB
packages/web build: dist/assets/user-round-plus-ChryCtjx.js                          0.29 kB │ gzip:     0.23 kB │ map:      1.14 kB
packages/web build: dist/assets/user-round-x-Cglupfdc.js                             0.29 kB │ gzip:     0.23 kB │ map:      1.13 kB
packages/web build: dist/assets/map-pin-check-inside-yX0Iwp39.js                     0.29 kB │ gzip:     0.24 kB │ map:      1.05 kB
packages/web build: dist/assets/radio-receiver-xC0CP7j9.js                           0.29 kB │ gzip:     0.23 kB │ map:      1.17 kB
packages/web build: dist/assets/square-dashed-bottom-BFocQBev.js                     0.29 kB │ gzip:     0.22 kB │ map:      1.10 kB
packages/web build: dist/assets/tornado-B2GtFB5w.js                                  0.29 kB │ gzip:     0.21 kB │ map:      1.14 kB
packages/web build: dist/assets/square-arrow-out-down-right-CkJQe788.js              0.29 kB │ gzip:     0.23 kB │ map:      1.11 kB
packages/web build: dist/assets/square-chart-gantt-Ak0eGmO9.js                       0.29 kB │ gzip:     0.23 kB │ map:      1.19 kB
packages/web build: dist/assets/square-library-Doowm2Uy.js                           0.29 kB │ gzip:     0.23 kB │ map:      1.17 kB
packages/web build: dist/assets/table-properties-Cc5CCGBo.js                         0.29 kB │ gzip:     0.23 kB │ map:      1.18 kB
packages/web build: dist/assets/tally-5-nAwuYNWQ.js                                  0.29 kB │ gzip:     0.20 kB │ map:      1.14 kB
packages/web build: dist/assets/app-window-mac-DFJ34W8-.js                           0.29 kB │ gzip:     0.22 kB │ map:      1.17 kB
packages/web build: dist/assets/axis-3d-DE6oDpf1.js                                  0.29 kB │ gzip:     0.23 kB │ map:      1.08 kB
packages/web build: dist/assets/badge-CvhNjjDO.js                                    0.29 kB │ gzip:     0.21 kB │ map:      0.92 kB
packages/web build: dist/assets/battery-medium-CtvnmNiv.js                           0.29 kB │ gzip:     0.22 kB │ map:      1.17 kB
packages/web build: dist/assets/between-vertical-end-DZBuXqSj.js                     0.29 kB │ gzip:     0.22 kB │ map:      1.19 kB
packages/web build: dist/assets/list-plus-BscyW6rv.js                                0.29 kB │ gzip:     0.21 kB │ map:      1.15 kB
packages/web build: dist/assets/signal-nkSqCr7Y.js                                   0.29 kB │ gzip:     0.21 kB │ map:      1.14 kB
packages/web build: dist/assets/table-cells-split-CsSKwYat.js                        0.29 kB │ gzip:     0.23 kB │ map:      1.18 kB
packages/web build: dist/assets/align-vertical-justify-end-nAlON3RE.js               0.30 kB │ gzip:     0.23 kB │ map:      1.22 kB
packages/web build: dist/assets/dice-3-CUMBG-O3.js                                   0.30 kB │ gzip:     0.22 kB │ map:      1.14 kB
packages/web build: dist/assets/ice-cream-cone-qlZZv0CF.js                           0.30 kB │ gzip:     0.22 kB │ map:      1.06 kB
packages/web build: dist/assets/monitor-check-D8pQu7Oz.js                            0.30 kB │ gzip:     0.24 kB │ map:      1.17 kB
packages/web build: dist/assets/scroll-BOKiA1bv.js                                   0.30 kB │ gzip:     0.22 kB │ map:      0.99 kB
packages/web build: dist/assets/square-percent-9WtgH3j4.js                           0.30 kB │ gzip:     0.23 kB │ map:      1.17 kB
packages/web build: dist/assets/square-user-DwS_f32d.js                              0.30 kB │ gzip:     0.24 kB │ map:      1.12 kB
packages/web build: dist/assets/timer-reset-DGzPZpV6.js                              0.30 kB │ gzip:     0.23 kB │ map:      1.10 kB
packages/web build: dist/assets/align-vertical-justify-start-B7MNCdSG.js             0.30 kB │ gzip:     0.23 kB │ map:      1.23 kB
packages/web build: dist/assets/balloon-C1Lwk6e-.js                                  0.30 kB │ gzip:     0.22 kB │ map:      1.02 kB
packages/web build: dist/assets/between-vertical-start-loJLcib4.js                   0.30 kB │ gzip:     0.23 kB │ map:      1.21 kB
packages/web build: dist/assets/book-text-BW7oOk4O.js                                0.30 kB │ gzip:     0.23 kB │ map:      1.06 kB
packages/web build: dist/assets/circle-pound-sterling-C9MsDrxV.js                    0.30 kB │ gzip:     0.23 kB │ map:      1.18 kB
packages/web build: dist/assets/folder-minus-agahjVfV.js                             0.30 kB │ gzip:     0.23 kB │ map:      1.01 kB
packages/web build: dist/assets/rotate-cw-square-nPboy6Uf.js                         0.30 kB │ gzip:     0.23 kB │ map:      1.07 kB
packages/web build: dist/assets/signpost-big-Dcv--rE6.js                             0.30 kB │ gzip:     0.23 kB │ map:      1.11 kB
packages/web build: dist/assets/align-horizontal-justify-end-D_HiKMQC.js             0.30 kB │ gzip:     0.23 kB │ map:      1.23 kB
packages/web build: dist/assets/between-horizontal-end-DvNTzLcg.js                   0.30 kB │ gzip:     0.23 kB │ map:      1.21 kB
packages/web build: dist/assets/between-horizontal-start-DWEpiuWi.js                 0.30 kB │ gzip:     0.23 kB │ map:      1.22 kB
packages/web build: dist/assets/book-plus-qlyWp64_.js                                0.30 kB │ gzip:     0.23 kB │ map:      1.06 kB
packages/web build: dist/assets/chart-bar-big-Cgc_dlPE.js                            0.30 kB │ gzip:     0.23 kB │ map:      1.16 kB
packages/web build: dist/assets/align-horizontal-justify-start-BGnyHpc7.js           0.30 kB │ gzip:     0.23 kB │ map:      1.24 kB
packages/web build: dist/assets/align-vertical-justify-center-CevAPC_U.js            0.30 kB │ gzip:     0.23 kB │ map:      1.24 kB
packages/web build: dist/assets/folder-closed-Bd6a-GQA.js                            0.30 kB │ gzip:     0.23 kB │ map:      1.02 kB
packages/web build: dist/assets/list-filter-plus-Du-dH3c0.js                         0.30 kB │ gzip:     0.22 kB │ map:      1.19 kB
packages/web build: dist/assets/repeat-B0F_k8y6.js                                   0.30 kB │ gzip:     0.22 kB │ map:      1.09 kB
packages/web build: dist/assets/rotate-ccw-square-BVp_xFtM.js                        0.30 kB │ gzip:     0.23 kB │ map:      1.08 kB
packages/web build: dist/assets/search-code-BLQiUC0f.js                              0.30 kB │ gzip:     0.23 kB │ map:      1.13 kB
packages/web build: dist/assets/shield-BdQ59NBR.js                                   0.30 kB │ gzip:     0.24 kB │ map:      0.93 kB
packages/web build: dist/assets/square-asterisk-BoMJpJ6p.js                          0.30 kB │ gzip:     0.23 kB │ map:      1.18 kB
packages/web build: dist/assets/square-play-DLrXV0Mr.js                              0.30 kB │ gzip:     0.24 kB │ map:      1.07 kB
packages/web build: dist/assets/bookmark-minus-CHuSBCZ3.js                           0.30 kB │ gzip:     0.24 kB │ map:      1.03 kB
packages/web build: dist/assets/chart-column-big-zSdCx71x.js                         0.30 kB │ gzip:     0.23 kB │ map:      1.18 kB
packages/web build: dist/assets/chart-pie-Gad5TsCP.js                                0.30 kB │ gzip:     0.24 kB │ map:      1.00 kB
packages/web build: dist/assets/clock-plus-cz9MaGSY.js                               0.30 kB │ gzip:     0.23 kB │ map:      1.10 kB
packages/web build: dist/assets/git-branch-minus-B92csVdf.js                         0.30 kB │ gzip:     0.23 kB │ map:      1.19 kB
packages/web build: dist/assets/speaker-BPi1i18d.js                                  0.30 kB │ gzip:     0.23 kB │ map:      1.17 kB
packages/web build: dist/assets/align-horizontal-justify-center-RQaVu1ug.js          0.30 kB │ gzip:     0.23 kB │ map:      1.26 kB
packages/web build: dist/assets/award-9BTUq5k2.js                                    0.30 kB │ gzip:     0.24 kB │ map:      1.01 kB
packages/web build: dist/assets/path-B1X_izAA.js                                     0.30 kB │ gzip:     0.22 kB │ map:      1.02 kB
packages/web build: dist/assets/square-function-DkwobPMU.js                          0.30 kB │ gzip:     0.24 kB │ map:      1.14 kB
packages/web build: dist/assets/square-pi-CUuSuG4B.js                                0.30 kB │ gzip:     0.23 kB │ map:      1.15 kB
packages/web build: dist/assets/umbrella-C6eUwtrD.js                                 0.30 kB │ gzip:     0.23 kB │ map:      1.06 kB
packages/web build: dist/assets/book-alert-DaiDsv1h.js                               0.30 kB │ gzip:     0.23 kB │ map:      1.07 kB
packages/web build: dist/assets/book-x-Cke7gUJ6.js                                   0.30 kB │ gzip:     0.23 kB │ map:      1.05 kB
packages/web build: dist/assets/list-x-C3Mi8_ca.js                                   0.30 kB │ gzip:     0.21 kB │ map:      1.14 kB
packages/web build: dist/assets/message-square-dot-DkJss6f_.js                       0.30 kB │ gzip:     0.25 kB │ map:      1.08 kB
packages/web build: dist/assets/rectangle-ellipsis-DiIeTB7i.js                       0.30 kB │ gzip:     0.22 kB │ map:      1.20 kB
packages/web build: dist/assets/book-up-xEDLqVq0.js                                  0.30 kB │ gzip:     0.23 kB │ map:      1.06 kB
packages/web build: dist/assets/folder-check-CKgJld8X.js                             0.30 kB │ gzip:     0.23 kB │ map:      1.02 kB
packages/web build: dist/assets/bolt-Cl5GNwYF.js                                     0.30 kB │ gzip:     0.23 kB │ map:      1.01 kB
packages/web build: dist/assets/clock-arrow-down-e1HLIrhU.js                         0.30 kB │ gzip:     0.23 kB │ map:      1.14 kB
packages/web build: dist/assets/pen-line-C_Qr-Pgl.js                                 0.30 kB │ gzip:     0.24 kB │ map:      1.00 kB
packages/web build: dist/assets/a-arrow-up-BlkLMmPi.js                               0.30 kB │ gzip:     0.24 kB │ map:      1.11 kB
packages/web build: dist/assets/bomb-DzpaI-bf.js                                     0.30 kB │ gzip:     0.24 kB │ map:      1.08 kB
packages/web build: dist/assets/book-a-BAMYCxnF.js                                   0.30 kB │ gzip:     0.23 kB │ map:      1.06 kB
packages/web build: dist/assets/book-down-DOVBqVf2.js                                0.30 kB │ gzip:     0.23 kB │ map:      1.07 kB
packages/web build: dist/assets/bookmark-check-BRymiNgy.js                           0.30 kB │ gzip:     0.24 kB │ map:      1.04 kB
packages/web build: dist/assets/mail-minus-DDboHxdX.js                               0.30 kB │ gzip:     0.24 kB │ map:      1.04 kB
packages/web build: dist/assets/scale-3d-E-tSHfKN.js                                 0.30 kB │ gzip:     0.23 kB │ map:      1.15 kB
packages/web build: dist/assets/volume-BGnmUtz5.js                                   0.30 kB │ gzip:     0.24 kB │ map:      0.93 kB
packages/web build: dist/assets/zodiac-gemini-_so5u537.js                            0.30 kB │ gzip:     0.22 kB │ map:      1.13 kB
packages/web build: dist/assets/braces-DAe37BMk.js                                   0.31 kB │ gzip:     0.23 kB │ map:      1.01 kB
packages/web build: dist/assets/decimals-arrow-left-XtpAHrsv.js                      0.31 kB │ gzip:     0.24 kB │ map:      1.21 kB
packages/web build: dist/assets/lamp-floor-DkVBN1MI.js                               0.31 kB │ gzip:     0.23 kB │ map:      1.07 kB
packages/web build: dist/assets/math-D37lWGLK.js                                     0.31 kB │ gzip:     0.20 kB │ map:      1.00 kB
packages/web build: dist/assets/message-square-check-Cs06xYrq.js                     0.31 kB │ gzip:     0.24 kB │ map:      1.07 kB
packages/web build: dist/assets/power-off-CdItbx3h.js                                0.31 kB │ gzip:     0.23 kB │ map:      1.10 kB
packages/web build: dist/assets/user-search-B_Ge7gH0.js                              0.31 kB │ gzip:     0.24 kB │ map:      1.17 kB
packages/web build: dist/assets/a-arrow-down-Rykqdgbp.js                             0.31 kB │ gzip:     0.24 kB │ map:      1.12 kB
packages/web build: dist/assets/cloud-rain-BB_Sl4ql.js                               0.31 kB │ gzip:     0.23 kB │ map:      1.11 kB
packages/web build: dist/assets/list-music-CsxYK3mt.js                               0.31 kB │ gzip:     0.23 kB │ map:      1.19 kB
packages/web build: dist/assets/sticky-note-BC7Ndly_.js                              0.31 kB │ gzip:     0.23 kB │ map:      1.02 kB
packages/web build: dist/assets/wifi-rMdJ9Esy.js                                     0.31 kB │ gzip:     0.23 kB │ map:      1.08 kB
packages/web build: dist/assets/clock-arrow-up-C_ioKDGv.js                           0.31 kB │ gzip:     0.24 kB │ map:      1.13 kB
packages/web build: dist/assets/grid-2x2-plus-D_qXcv80.js                            0.31 kB │ gzip:     0.23 kB │ map:      1.09 kB
packages/web build: dist/assets/grid-2x2-x-CwVfCIP-.js                               0.31 kB │ gzip:     0.23 kB │ map:      1.07 kB
packages/web build: dist/assets/rewind-D3PZUPMp.js                                   0.31 kB │ gzip:     0.21 kB │ map:      1.00 kB
packages/web build: dist/assets/wind-arrow-down-B2jfcBjZ.js                          0.31 kB │ gzip:     0.23 kB │ map:      1.14 kB
packages/web build: dist/assets/drumstick-BHgCj2nR.js                                0.31 kB │ gzip:     0.25 kB │ map:      1.03 kB
packages/web build: dist/assets/form-t8MEJsjP.js                                     0.31 kB │ gzip:     0.22 kB │ map:      1.19 kB
packages/web build: dist/assets/plug-2-dD6-_Xl0.js                                   0.31 kB │ gzip:     0.22 kB │ map:      1.15 kB
packages/web build: dist/assets/square-split-vertical-D8vQRxG1.js                    0.31 kB │ gzip:     0.25 kB │ map:      1.15 kB
packages/web build: dist/assets/tablet-smartphone-I8R00Kf-.js                        0.31 kB │ gzip:     0.24 kB │ map:      1.14 kB
packages/web build: dist/assets/arrow-big-down-DP2-xfAN.js                           0.31 kB │ gzip:     0.23 kB │ map:      0.97 kB
packages/web build: dist/assets/arrow-big-up-DPHFJpj5.js                             0.31 kB │ gzip:     0.23 kB │ map:      0.96 kB
packages/web build: dist/assets/folder-bookmark-_2s-HzIL.js                          0.31 kB │ gzip:     0.24 kB │ map:      1.05 kB
packages/web build: dist/assets/heading-4-DzdaxDkt.js                                0.31 kB │ gzip:     0.22 kB │ map:      1.17 kB
packages/web build: dist/assets/wine-BJGfh8vj.js                                     0.31 kB │ gzip:     0.23 kB │ map:      1.10 kB
packages/web build: dist/assets/arrow-up-narrow-wide-ChtaDmPD.js                     0.31 kB │ gzip:     0.22 kB │ map:      1.22 kB
packages/web build: dist/assets/arrow-up-wide-narrow-B2yWTRwQ.js                     0.31 kB │ gzip:     0.22 kB │ map:      1.22 kB
packages/web build: dist/assets/folder-dot-ctn3wiLp.js                               0.31 kB │ gzip:     0.25 kB │ map:      1.05 kB
packages/web build: dist/assets/mail-check-W4tP8pI7.js                               0.31 kB │ gzip:     0.24 kB │ map:      1.05 kB
packages/web build: dist/assets/square-split-horizontal-DkRLxR23.js                  0.31 kB │ gzip:     0.25 kB │ map:      1.16 kB
packages/web build: dist/assets/arrow-down-narrow-wide-Cevq_f3U.js                   0.31 kB │ gzip:     0.22 kB │ map:      1.23 kB
packages/web build: dist/assets/arrow-down-wide-narrow-B46Tl5x1.js                   0.31 kB │ gzip:     0.22 kB │ map:      1.23 kB
packages/web build: dist/assets/coins-BBynyLXB.js                                    0.31 kB │ gzip:     0.24 kB │ map:      1.12 kB
packages/web build: dist/assets/copy-check-Dv37a_Wv.js                               0.31 kB │ gzip:     0.25 kB │ map:      1.12 kB
packages/web build: dist/assets/diamond-minus-CqIIUUdO.js                            0.31 kB │ gzip:     0.22 kB │ map:      1.04 kB
packages/web build: dist/assets/fast-forward-vR7HUGH3.js                             0.31 kB │ gzip:     0.21 kB │ map:      1.03 kB
packages/web build: dist/assets/git-compare-lXIbXWAt.js                              0.31 kB │ gzip:     0.23 kB │ map:      1.17 kB
packages/web build: dist/assets/glass-water-Bwimk8Vh.js                              0.31 kB │ gzip:     0.24 kB │ map:      1.03 kB
packages/web build: dist/assets/ligature-C1oo1oTe.js                                 0.31 kB │ gzip:     0.22 kB │ map:      1.16 kB
packages/web build: dist/assets/list-collapse-Vbnr8elV.js                            0.31 kB │ gzip:     0.21 kB │ map:      1.19 kB
packages/web build: dist/assets/remove-formatting-9fRrgkyv.js                        0.31 kB │ gzip:     0.23 kB │ map:      1.21 kB
packages/web build: dist/assets/satellite-dish-B1lX7-2P.js                           0.31 kB │ gzip:     0.23 kB │ map:      1.14 kB
packages/web build: dist/assets/send-horizontal-BZ3TZeAu.js                          0.31 kB │ gzip:     0.24 kB │ map:      1.05 kB
packages/web build: dist/assets/layout-template-BI0QpxTk.js                          0.31 kB │ gzip:     0.21 kB │ map:      1.24 kB
packages/web build: dist/assets/rotate-3d-8CwFrFPi.js                                0.31 kB │ gzip:     0.24 kB │ map:      1.05 kB
packages/web build: dist/assets/scaling-BVpo9B4q.js                                  0.31 kB │ gzip:     0.23 kB │ map:      1.10 kB
packages/web build: dist/assets/shirt-x0rkDDv8.js                                    0.31 kB │ gzip:     0.25 kB │ map:      0.93 kB
packages/web build: dist/assets/user-round-search-BkeOCKEs.js                        0.31 kB │ gzip:     0.24 kB │ map:      1.21 kB
packages/web build: dist/assets/wallet-CPaguoC-.js                                   0.31 kB │ gzip:     0.22 kB │ map:      1.00 kB
packages/web build: dist/assets/arrows-up-from-line-R5p8nSvV.js                      0.31 kB │ gzip:     0.22 kB │ map:      1.22 kB
packages/web build: dist/assets/computer-DxohAPoA.js                                 0.31 kB │ gzip:     0.23 kB │ map:      1.21 kB
packages/web build: dist/assets/fishing-hook-CePIdvAB.js                             0.31 kB │ gzip:     0.25 kB │ map:      1.12 kB
packages/web build: dist/assets/layout-panel-left-BQwHdGVw.js                        0.31 kB │ gzip:     0.21 kB │ map:      1.25 kB
packages/web build: dist/assets/layout-panel-top-DzwR8Soc.js                         0.31 kB │ gzip:     0.21 kB │ map:      1.25 kB
packages/web build: dist/assets/text-search-tjMd0p38.js                              0.31 kB │ gzip:     0.23 kB │ map:      1.21 kB
packages/web build: dist/assets/towel-rack-DjHVc8e3.js                               0.31 kB │ gzip:     0.24 kB │ map:      1.08 kB
packages/web build: dist/assets/toy-brick-D9QogZb-.js                                0.31 kB │ gzip:     0.24 kB │ map:      1.10 kB
packages/web build: dist/assets/zoom-in-B4Ktv8rJ.js                                  0.31 kB │ gzip:     0.22 kB │ map:      1.26 kB
packages/web build: dist/assets/bike-C4lpnltd.js                                     0.31 kB │ gzip:     0.23 kB │ map:      1.17 kB
packages/web build: dist/assets/disc-3-CCFS8p-j.js                                   0.31 kB │ gzip:     0.23 kB │ map:      1.15 kB
packages/web build: dist/assets/list-chevrons-down-up-DMObJIho.js                    0.31 kB │ gzip:     0.22 kB │ map:      1.23 kB
packages/web build: dist/assets/list-chevrons-up-down-CF2uIPaL.js                    0.31 kB │ gzip:     0.22 kB │ map:      1.23 kB
packages/web build: dist/assets/shrub-CY-MDXbM.js                                    0.31 kB │ gzip:     0.24 kB │ map:      1.03 kB
packages/web build: dist/assets/tangent-c5KtC59G.js                                  0.31 kB │ gzip:     0.24 kB │ map:      1.16 kB
packages/web build: dist/assets/ticket-plus-Dmhzz6-3.js                              0.31 kB │ gzip:     0.23 kB │ map:      1.09 kB
packages/web build: dist/assets/git-pull-request-DkRxayI1.js                         0.32 kB │ gzip:     0.24 kB │ map:      1.24 kB
packages/web build: dist/assets/list-end-CSFQr64D.js                                 0.32 kB │ gzip:     0.22 kB │ map:      1.17 kB
packages/web build: dist/assets/mail-open-ByBHaNMA.js                                0.32 kB │ gzip:     0.24 kB │ map:      1.02 kB
packages/web build: dist/assets/pill-bottle-CrM7mQzA.js                              0.32 kB │ gzip:     0.25 kB │ map:      1.12 kB
packages/web build: dist/assets/scan-YXHqcEFW.js                                     0.32 kB │ gzip:     0.22 kB │ map:      1.09 kB
packages/web build: dist/assets/square-pilcrow-C5p5O6cc.js                           0.32 kB │ gzip:     0.24 kB │ map:      1.19 kB
packages/web build: dist/assets/arrow-big-right-BU9EWtiq.js                          0.32 kB │ gzip:     0.24 kB │ map:      0.99 kB
packages/web build: dist/assets/bell-DeP1ekq5.js                                     0.32 kB │ gzip:     0.25 kB │ map:      1.00 kB
packages/web build: dist/assets/list-start-SfwFVNYd.js                               0.32 kB │ gzip:     0.23 kB │ map:      1.18 kB
packages/web build: dist/assets/monitor-stop-DZ5dpTZw.js                             0.32 kB │ gzip:     0.24 kB │ map:      1.24 kB
packages/web build: dist/assets/square-arrow-right-exit-DTM6etGS.js                  0.32 kB │ gzip:     0.24 kB │ map:      1.15 kB
packages/web build: dist/assets/arrow-big-left-S6e11XOq.js                           0.32 kB │ gzip:     0.24 kB │ map:      0.98 kB
packages/web build: dist/assets/egg-off-C9hWccAX.js                                  0.32 kB │ gzip:     0.25 kB │ map:      1.04 kB
packages/web build: dist/assets/heading-6-7_2rHVDS.js                                0.32 kB │ gzip:     0.23 kB │ map:      1.20 kB
packages/web build: dist/assets/indian-rupee-CnHf3nhM.js                             0.32 kB │ gzip:     0.23 kB │ map:      1.19 kB
packages/web build: dist/assets/radius-U8TfYkHT.js                                   0.32 kB │ gzip:     0.24 kB │ map:      1.16 kB
packages/web build: dist/assets/case-sensitive-CWWzQwHz.js                           0.32 kB │ gzip:     0.25 kB │ map:      1.17 kB
packages/web build: dist/assets/cloud-rain-wind-DwkBrC6C.js                          0.32 kB │ gzip:     0.24 kB │ map:      1.14 kB
packages/web build: dist/assets/shopping-cart-BuFFqC-W.js                            0.32 kB │ gzip:     0.25 kB │ map:      1.16 kB
packages/web build: dist/assets/variable-CeevfbCz.js                                 0.32 kB │ gzip:     0.23 kB │ map:      1.20 kB
packages/web build: dist/assets/venus-and-mars-Bl9NgFh1.js                           0.32 kB │ gzip:     0.24 kB │ map:      1.23 kB
packages/web build: dist/assets/minimize-DYp873RX.js                                 0.32 kB │ gzip:     0.22 kB │ map:      1.12 kB
packages/web build: dist/assets/pilcrow-left-bBzl0B3W.js                             0.32 kB │ gzip:     0.23 kB │ map:      1.19 kB
packages/web build: dist/assets/smile-BxSNbedG.js                                    0.32 kB │ gzip:     0.23 kB │ map:      1.21 kB
packages/web build: dist/assets/turntable-BroUffnd.js                                0.32 kB │ gzip:     0.25 kB │ map:      1.20 kB
packages/web build: dist/assets/link-2-off-BgjMPMmX.js                               0.32 kB │ gzip:     0.23 kB │ map:      1.20 kB
packages/web build: dist/assets/meh-PyCsE9o_.js                                      0.32 kB │ gzip:     0.22 kB │ map:      1.24 kB
packages/web build: dist/assets/mirror-round-D14LpGo5.js                             0.32 kB │ gzip:     0.24 kB │ map:      1.22 kB
packages/web build: dist/assets/moon-star-CCDrClWo.js                                0.32 kB │ gzip:     0.25 kB │ map:      1.08 kB
packages/web build: dist/assets/pilcrow-right-CaCiYoWG.js                            0.32 kB │ gzip:     0.23 kB │ map:      1.20 kB
packages/web build: dist/assets/book-user-B2fP5hbm.js                                0.32 kB │ gzip:     0.25 kB │ map:      1.12 kB
packages/web build: dist/assets/frown-Ccwi6SZh.js                                    0.32 kB │ gzip:     0.24 kB │ map:      1.21 kB
packages/web build: dist/assets/grid-3x3-B8UyUF65.js                                 0.32 kB │ gzip:     0.23 kB │ map:      1.23 kB
packages/web build: dist/assets/map-pin-plus-inside-DOwMaSxn.js                      0.32 kB │ gzip:     0.25 kB │ map:      1.13 kB
packages/web build: dist/assets/frame-Dq_qMRXG.js                                    0.32 kB │ gzip:     0.21 kB │ map:      1.26 kB
packages/web build: dist/assets/ticket-x-CWwlue9A.js                                 0.32 kB │ gzip:     0.23 kB │ map:      1.08 kB
packages/web build: dist/assets/bed-double-Q4W7UdIp.js                               0.32 kB │ gzip:     0.23 kB │ map:      1.12 kB
packages/web build: dist/assets/egg-fried-CkS_nZtN.js                                0.32 kB │ gzip:     0.26 kB │ map:      1.05 kB
packages/web build: dist/assets/monitor-cloud-DQwzQ6CU.js                            0.32 kB │ gzip:     0.25 kB │ map:      1.20 kB
packages/web build: dist/assets/calendar-1-BTv8GRar.js                               0.32 kB │ gzip:     0.23 kB │ map:      1.24 kB
packages/web build: dist/assets/clipboard-minus-C0NsLx92.js                          0.32 kB │ gzip:     0.25 kB │ map:      1.19 kB
packages/web build: dist/assets/copy-minus-BOAUgC0v.js                               0.32 kB │ gzip:     0.26 kB │ map:      1.17 kB
packages/web build: dist/assets/copy-slash-DtllzQsZ.js                               0.32 kB │ gzip:     0.26 kB │ map:      1.17 kB
packages/web build: dist/assets/headset-DJb0-J5w.js                                  0.32 kB │ gzip:     0.23 kB │ map:      1.02 kB
packages/web build: dist/assets/rocking-chair-DrS388Uy.js                            0.32 kB │ gzip:     0.24 kB │ map:      1.15 kB
packages/web build: dist/assets/feather-qj3boBD7.js                                  0.33 kB │ gzip:     0.25 kB │ map:      1.08 kB
packages/web build: dist/assets/panel-top-dashed-DNp-u3DC.js                         0.33 kB │ gzip:     0.24 kB │ map:      1.27 kB
packages/web build: dist/assets/spade-BfQjHOUH.js                                    0.33 kB │ gzip:     0.26 kB │ map:      1.01 kB
packages/web build: dist/assets/bone-DdSDknoI.js                                     0.33 kB │ gzip:     0.24 kB │ map:      0.94 kB
packages/web build: dist/assets/cloud-off-Drk9tlj_.js                                0.33 kB │ gzip:     0.25 kB │ map:      1.06 kB
packages/web build: dist/assets/flame-kindling-CtAhD3D2.js                           0.33 kB │ gzip:     0.25 kB │ map:      1.12 kB
packages/web build: dist/assets/monitor-dot-DVop_Hkt.js                              0.33 kB │ gzip:     0.24 kB │ map:      1.17 kB
packages/web build: dist/assets/panel-left-dashed-rxd17KQR.js                        0.33 kB │ gzip:     0.23 kB │ map:      1.28 kB
packages/web build: dist/assets/battery-full-BqaW2kTK.js                             0.33 kB │ gzip:     0.23 kB │ map:      1.25 kB
packages/web build: dist/assets/bean-CC7qAhrw.js                                     0.33 kB │ gzip:     0.26 kB │ map:      1.01 kB
packages/web build: dist/assets/monitor-pause-BKJ0pNRD.js                            0.33 kB │ gzip:     0.24 kB │ map:      1.26 kB
packages/web build: dist/assets/video-off-BMkXzAEG.js                                0.33 kB │ gzip:     0.24 kB │ map:      1.08 kB
packages/web build: dist/assets/calendar-minus-2-BzVpcZNg.js                         0.33 kB │ gzip:     0.24 kB │ map:      1.27 kB
packages/web build: dist/assets/chevrons-left-right-ellipsis-D_5thPyL.js             0.33 kB │ gzip:     0.23 kB │ map:      1.28 kB
packages/web build: dist/assets/circle-divide-C4Ik4MOF.js                            0.33 kB │ gzip:     0.22 kB │ map:      1.30 kB
packages/web build: dist/assets/line-style-i3n8GmA5.js                               0.33 kB │ gzip:     0.22 kB │ map:      1.25 kB
packages/web build: dist/assets/message-square-share-BMnKP39Z.js                     0.33 kB │ gzip:     0.25 kB │ map:      1.15 kB
packages/web build: dist/assets/subscript-CdHdKZCJ.js                                0.33 kB │ gzip:     0.25 kB │ map:      1.09 kB
packages/web build: dist/assets/bookmark-off-C5vFNBzw.js                             0.33 kB │ gzip:     0.25 kB │ map:      1.11 kB
packages/web build: dist/assets/bubbles-BbmVuS1Y.js                                  0.33 kB │ gzip:     0.24 kB │ map:      1.20 kB
packages/web build: dist/assets/delete-B_Rpuu7B.js                                   0.33 kB │ gzip:     0.24 kB │ map:      1.08 kB
packages/web build: dist/assets/git-merge-conflict-VhbmAzRh.js                       0.33 kB │ gzip:     0.24 kB │ map:      1.26 kB
packages/web build: dist/assets/map-pin-x-inside-5bRXDF75.js                         0.33 kB │ gzip:     0.25 kB │ map:      1.13 kB
packages/web build: dist/assets/monitor-up-CJWV2bpj.js                               0.33 kB │ gzip:     0.24 kB │ map:      1.25 kB
packages/web build: dist/assets/parasol-BDKUoFey.js                                  0.33 kB │ gzip:     0.26 kB │ map:      1.09 kB
packages/web build: dist/assets/coffee-D-aG92wX.js                                   0.33 kB │ gzip:     0.23 kB │ map:      1.14 kB
packages/web build: dist/assets/lamp-ceiling-CO1BbYEc.js                             0.33 kB │ gzip:     0.25 kB │ map:      1.11 kB
packages/web build: dist/assets/laptop-7tBIjFM9.js                                   0.33 kB │ gzip:     0.25 kB │ map:      1.02 kB
packages/web build: dist/assets/mails-BENC4gr4.js                                    0.33 kB │ gzip:     0.26 kB │ map:      1.10 kB
packages/web build: dist/assets/paint-roller-C6bkL_pv.js                             0.33 kB │ gzip:     0.24 kB │ map:      1.19 kB
packages/web build: dist/assets/shrink-2JMfURHx.js                                   0.33 kB │ gzip:     0.24 kB │ map:      1.12 kB
packages/web build: dist/assets/zodiac-cancer-Drwjuunu.js                            0.33 kB │ gzip:     0.24 kB │ map:      1.20 kB
packages/web build: dist/assets/ampersands-CNpxZ1xi.js                               0.33 kB │ gzip:     0.22 kB │ map:      1.07 kB
packages/web build: dist/assets/arrow-up-a-z-nxVasn9N.js                             0.33 kB │ gzip:     0.24 kB │ map:      1.20 kB
packages/web build: dist/assets/audio-lines-D8mp_bmI.js                              0.33 kB │ gzip:     0.22 kB │ map:      1.26 kB
packages/web build: dist/assets/calendar-check-DPbUzgAz.js                           0.33 kB │ gzip:     0.24 kB │ map:      1.27 kB
packages/web build: dist/assets/gallery-thumbnails-Cu--4RQk.js                       0.33 kB │ gzip:     0.23 kB │ map:      1.29 kB
packages/web build: dist/assets/mouse-off-Bu9IDVXa.js                                0.33 kB │ gzip:     0.24 kB │ map:      1.13 kB
packages/web build: dist/assets/panel-right-dashed-C3D1qaXj.js                       0.33 kB │ gzip:     0.24 kB │ map:      1.29 kB
packages/web build: dist/assets/table-cells-merge-Dh8seLMv.js                        0.33 kB │ gzip:     0.24 kB │ map:      1.28 kB
packages/web build: dist/assets/arrow-up-z-a--XXR9HOe.js                             0.33 kB │ gzip:     0.24 kB │ map:      1.20 kB
packages/web build: dist/assets/case-upper-C6vi7vsb.js                               0.33 kB │ gzip:     0.24 kB │ map:      1.11 kB
packages/web build: dist/assets/dice-4-CFHZ9kxQ.js                                   0.33 kB │ gzip:     0.23 kB │ map:      1.24 kB
packages/web build: dist/assets/joystick-DZ7tyvub.js                                 0.33 kB │ gzip:     0.24 kB │ map:      1.18 kB
packages/web build: dist/assets/monitor-down-CfbHPMvN.js                             0.33 kB │ gzip:     0.25 kB │ map:      1.26 kB
packages/web build: dist/assets/mouse-pointer-BYhRf75o.js                            0.33 kB │ gzip:     0.26 kB │ map:      1.06 kB
packages/web build: dist/assets/panel-bottom-dashed-B1tXlZO3.js                      0.33 kB │ gzip:     0.24 kB │ map:      1.29 kB
packages/web build: dist/assets/plane-lGqyXVo3.js                                    0.33 kB │ gzip:     0.27 kB │ map:      0.95 kB
packages/web build: dist/assets/user-x-DGuBibaI.js                                   0.33 kB │ gzip:     0.25 kB │ map:      1.22 kB
packages/web build: dist/assets/align-vertical-space-between-tOSCgRY8.js             0.33 kB │ gzip:     0.24 kB │ map:      1.33 kB
packages/web build: dist/assets/arrow-up-0-1-C8zJlcYd.js                             0.33 kB │ gzip:     0.25 kB │ map:      1.26 kB
packages/web build: dist/assets/arrow-up-1-0-DSotYfWN.js                             0.33 kB │ gzip:     0.25 kB │ map:      1.26 kB
packages/web build: dist/assets/book-audio-V3gOn4mv.js                               0.33 kB │ gzip:     0.24 kB │ map:      1.16 kB
packages/web build: dist/assets/git-pull-request-create-CID68ID-.js                  0.33 kB │ gzip:     0.24 kB │ map:      1.29 kB
packages/web build: dist/assets/arrow-down-a-z-kqNGLRrr.js                           0.33 kB │ gzip:     0.24 kB │ map:      1.22 kB
packages/web build: dist/assets/bookmark-plus-NBRMI5Kr.js                            0.33 kB │ gzip:     0.25 kB │ map:      1.12 kB
packages/web build: dist/assets/chef-hat-BuVw1iis.js                                 0.33 kB │ gzip:     0.26 kB │ map:      1.03 kB
packages/web build: dist/assets/cross-Bcxoi55S.js                                    0.33 kB │ gzip:     0.22 kB │ map:      0.96 kB
packages/web build: dist/assets/laugh-BrXWiweJ.js                                    0.33 kB │ gzip:     0.24 kB │ map:      1.22 kB
packages/web build: dist/assets/monitor-x-QC5sc0qK.js                                0.33 kB │ gzip:     0.24 kB │ map:      1.25 kB
packages/web build: dist/assets/user-lock-BRllTT6h.js                                0.33 kB │ gzip:     0.26 kB │ map:      1.21 kB
packages/web build: dist/assets/align-horizontal-space-between-CNZX8Rli.js           0.34 kB │ gzip:     0.24 kB │ map:      1.34 kB
packages/web build: dist/assets/align-vertical-distribute-end-BVeI6hlu.js            0.34 kB │ gzip:     0.24 kB │ map:      1.34 kB
packages/web build: dist/assets/arrow-down-z-a-DxEoXKC1.js                           0.34 kB │ gzip:     0.24 kB │ map:      1.22 kB
packages/web build: dist/assets/brush-DWqtpVtY.js                                    0.34 kB │ gzip:     0.26 kB │ map:      1.07 kB
packages/web build: dist/assets/folder-clock-BVQ86sNa.js                             0.34 kB │ gzip:     0.25 kB │ map:      1.15 kB
packages/web build: dist/assets/inspection-panel-BOff3kkC.js                         0.34 kB │ gzip:     0.23 kB │ map:      1.28 kB
packages/web build: dist/assets/sprout-BbBop5Gc.js                                   0.34 kB │ gzip:     0.24 kB │ map:      1.09 kB
packages/web build: dist/assets/text-initial-BC_6TcwX.js                             0.34 kB │ gzip:     0.24 kB │ map:      1.21 kB
packages/web build: dist/assets/tree-pine-NUtxdy_F.js                                0.34 kB │ gzip:     0.24 kB │ map:      1.04 kB
packages/web build: dist/assets/align-vertical-distribute-start-aicqUIrB.js          0.34 kB │ gzip:     0.24 kB │ map:      1.36 kB
packages/web build: dist/assets/arrow-down-0-1-BMBuHv4E.js                           0.34 kB │ gzip:     0.25 kB │ map:      1.27 kB
packages/web build: dist/assets/arrow-down-1-0-CTrqAuvs.js                           0.34 kB │ gzip:     0.25 kB │ map:      1.27 kB
packages/web build: dist/assets/box-Dq6OERBI.js                                      0.34 kB │ gzip:     0.24 kB │ map:      1.07 kB
packages/web build: dist/assets/concierge-bell-DVcsN7ZK.js                           0.34 kB │ gzip:     0.24 kB │ map:      1.18 kB
packages/web build: dist/assets/folder-up-CWFUmYs9.js                                0.34 kB │ gzip:     0.24 kB │ map:      1.10 kB
packages/web build: dist/assets/message-square-plus-D2HUKwl0.js                      0.34 kB │ gzip:     0.25 kB │ map:      1.15 kB
packages/web build: dist/assets/regex-BhUrvzPs.js                                    0.34 kB │ gzip:     0.23 kB │ map:      1.13 kB
packages/web build: dist/assets/user-plus-DeEdBXmL.js                                0.34 kB │ gzip:     0.25 kB │ map:      1.24 kB
packages/web build: dist/assets/align-horizontal-distribute-end-BjjacIRP.js          0.34 kB │ gzip:     0.24 kB │ map:      1.36 kB
packages/web build: dist/assets/cloud-backup-CTtz7QUt.js                             0.34 kB │ gzip:     0.26 kB │ map:      1.12 kB
packages/web build: dist/assets/file-exclamation-point-DmgAB4Vg.js                   0.34 kB │ gzip:     0.25 kB │ map:      1.17 kB
packages/web build: dist/assets/file-minus-corner-DL77U1R5.js                        0.34 kB │ gzip:     0.25 kB │ map:      1.14 kB
packages/web build: dist/assets/message-square-off-DT9YRx4n.js                       0.34 kB │ gzip:     0.26 kB │ map:      1.15 kB
packages/web build: dist/assets/scissors-BnmBqy-A.js                                 0.34 kB │ gzip:     0.24 kB │ map:      1.25 kB
packages/web build: dist/assets/align-horizontal-distribute-start-BSt3xsG1.js        0.34 kB │ gzip:     0.24 kB │ map:      1.37 kB
packages/web build: dist/assets/book-type-DW1ucac6.js                                0.34 kB │ gzip:     0.25 kB │ map:      1.16 kB
packages/web build: dist/assets/file-minus-BHaUTq-a.js                               0.34 kB │ gzip:     0.25 kB │ map:      1.11 kB
packages/web build: dist/assets/hard-drive-upload-BpGmytDT.js                        0.34 kB │ gzip:     0.25 kB │ map:      1.29 kB
packages/web build: dist/assets/zodiac-scorpio-sRbrTHF0.js                           0.34 kB │ gzip:     0.24 kB │ map:      1.16 kB
packages/web build: dist/assets/folder-down-C8PvJQtd.js                              0.34 kB │ gzip:     0.25 kB │ map:      1.12 kB
packages/web build: dist/assets/hard-drive-download-CbGcYqR5.js                      0.34 kB │ gzip:     0.25 kB │ map:      1.30 kB
packages/web build: dist/assets/heart-minus-DtMhTgkR.js                              0.34 kB │ gzip:     0.27 kB │ map:      1.05 kB
packages/web build: dist/assets/repeat-1-By-94Hyq.js                                 0.34 kB │ gzip:     0.24 kB │ map:      1.20 kB
packages/web build: dist/assets/road-BOzceMmr.js                                     0.34 kB │ gzip:     0.24 kB │ map:      1.14 kB
packages/web build: dist/assets/antenna-CADtfhRK.js                                  0.34 kB │ gzip:     0.22 kB │ map:      1.25 kB
packages/web build: dist/assets/apple-C2kTzsXO.js                                    0.34 kB │ gzip:     0.25 kB │ map:      1.03 kB
packages/web build: dist/assets/flag-off-jlQxBjKF.js                                 0.34 kB │ gzip:     0.26 kB │ map:      1.13 kB
packages/web build: dist/assets/folder-input-BhNycwNV.js                             0.34 kB │ gzip:     0.24 kB │ map:      1.12 kB
packages/web build: dist/assets/ice-cream-bowl-B7nMQnf5.js                           0.34 kB │ gzip:     0.24 kB │ map:      1.13 kB
packages/web build: dist/assets/mail-plus-DH-Qb_x8.js                                0.34 kB │ gzip:     0.25 kB │ map:      1.14 kB
packages/web build: dist/assets/saudi-riyal-Dpz-H7fn.js                              0.34 kB │ gzip:     0.25 kB │ map:      1.15 kB
packages/web build: dist/assets/shield-half-ByyYQuzc.js                              0.34 kB │ gzip:     0.26 kB │ map:      1.05 kB
packages/web build: dist/assets/shield-minus-nvhJHy7K.js                             0.34 kB │ gzip:     0.26 kB │ map:      1.06 kB
packages/web build: dist/assets/sticky-note-minus-CkCs5gdn.js                        0.34 kB │ gzip:     0.25 kB │ map:      1.15 kB
packages/web build: dist/assets/book-image-Di1BorYq.js                               0.34 kB │ gzip:     0.26 kB │ map:      1.14 kB
packages/web build: dist/assets/bookmark-x-Cmvi6VeG.js                               0.34 kB │ gzip:     0.25 kB │ map:      1.11 kB
packages/web build: dist/assets/bring-to-front-LMPmve0_.js                           0.34 kB │ gzip:     0.24 kB │ map:      1.16 kB
packages/web build: dist/assets/chart-area-Bq2eC9Ew.js                               0.34 kB │ gzip:     0.25 kB │ map:      1.05 kB
packages/web build: dist/assets/file-check-corner-C9xhoCAq.js                        0.34 kB │ gzip:     0.25 kB │ map:      1.15 kB
packages/web build: dist/assets/folder-search-oxORTvgz.js                            0.34 kB │ gzip:     0.26 kB │ map:      1.16 kB
packages/web build: dist/assets/folder-x-UG39bGaL.js                                 0.34 kB │ gzip:     0.25 kB │ map:      1.10 kB
packages/web build: dist/assets/mail-x-BuNvNLNg.js                                   0.34 kB │ gzip:     0.25 kB │ map:      1.12 kB
packages/web build: dist/assets/milestone-xTR8EMnb.js                                0.34 kB │ gzip:     0.24 kB │ map:      1.11 kB
packages/web build: dist/assets/user-round-key-o4K9veaL.js                           0.34 kB │ gzip:     0.25 kB │ map:      1.28 kB
packages/web build: dist/assets/badge-check-Ds-_CwNy.js                              0.34 kB │ gzip:     0.23 kB │ map:      1.06 kB
packages/web build: dist/assets/folder-output-D7gE8u5j.js                            0.34 kB │ gzip:     0.24 kB │ map:      1.13 kB
packages/web build: dist/assets/gavel-D0hVExJM.js                                    0.34 kB │ gzip:     0.24 kB │ map:      1.18 kB
packages/web build: dist/assets/languages-DQaDXvax.js                                0.34 kB │ gzip:     0.24 kB │ map:      1.26 kB
packages/web build: dist/assets/message-square-warning-DktIyQ3g.js                   0.34 kB │ gzip:     0.26 kB │ map:      1.17 kB
packages/web build: dist/assets/banana-C6RIC5q7.js                                   0.34 kB │ gzip:     0.27 kB │ map:      1.03 kB
packages/web build: dist/assets/git-pull-request-draft-C7afF281.js                   0.34 kB │ gzip:     0.24 kB │ map:      1.36 kB
packages/web build: dist/assets/shapes-DqLU3ej2.js                                   0.34 kB │ gzip:     0.27 kB │ map:      1.18 kB
packages/web build: dist/assets/signature-Dj5CI62e.js                                0.34 kB │ gzip:     0.26 kB │ map:      1.05 kB
packages/web build: dist/assets/toilet-BMQnTTd6.js                                   0.34 kB │ gzip:     0.25 kB │ map:      1.03 kB
packages/web build: dist/assets/videotape-CrrTGv-A.js                                0.34 kB │ gzip:     0.24 kB │ map:      1.31 kB
packages/web build: dist/assets/cast-CBAZ90Y0.js                                     0.34 kB │ gzip:     0.25 kB │ map:      1.16 kB
packages/web build: dist/assets/file-check-DZAuvWwj.js                               0.34 kB │ gzip:     0.25 kB │ map:      1.12 kB
packages/web build: dist/assets/message-circle-x-RuSGvnDN.js                         0.34 kB │ gzip:     0.26 kB │ map:      1.14 kB
packages/web build: dist/assets/message-square-x-Cg4W6NXz.js                         0.34 kB │ gzip:     0.25 kB │ map:      1.15 kB
packages/web build: dist/assets/pencil-line-D0CNkyDs.js                              0.34 kB │ gzip:     0.26 kB │ map:      1.12 kB
packages/web build: dist/assets/sticky-note-check-4KAdy7do.js                        0.34 kB │ gzip:     0.26 kB │ map:      1.15 kB
packages/web build: dist/assets/table-of-contents-DQr1nqJW.js                        0.34 kB │ gzip:     0.22 kB │ map:      1.30 kB
packages/web build: dist/assets/book-search-BxGZxMND.js                              0.35 kB │ gzip:     0.26 kB │ map:      1.18 kB
packages/web build: dist/assets/hard-hat-CNyjg6y-.js                                 0.35 kB │ gzip:     0.25 kB │ map:      1.19 kB
packages/web build: dist/assets/list-video-EXB9m-Sl.js                               0.35 kB │ gzip:     0.24 kB │ map:      1.18 kB
packages/web build: dist/assets/printer-D0PsG3xq.js                                  0.35 kB │ gzip:     0.25 kB │ map:      1.16 kB
packages/web build: dist/assets/star-half-Cwyy_LMa.js                                0.35 kB │ gzip:     0.26 kB │ map:      0.99 kB
packages/web build: dist/assets/chunk-FMBD7UC4-5MQA4QOH.js                           0.35 kB │ gzip:     0.26 kB │ map:      0.74 kB
packages/web build: dist/assets/diamond-plus-DX4H9hJe.js                             0.35 kB │ gzip:     0.24 kB │ map:      1.13 kB
packages/web build: dist/assets/fuel-tok5AFwe.js                                     0.35 kB │ gzip:     0.24 kB │ map:      1.13 kB
packages/web build: dist/assets/move-CqeUAD8t.js                                     0.35 kB │ gzip:     0.23 kB │ map:      1.25 kB
packages/web build: dist/assets/square-pen-gIK6GP4a.js                               0.35 kB │ gzip:     0.26 kB │ map:      1.06 kB
packages/web build: dist/assets/book-copy-6uFhJHeB.js                                0.35 kB │ gzip:     0.25 kB │ map:      1.12 kB
packages/web build: dist/assets/cloud-moon-Bupy1iQr.js                               0.35 kB │ gzip:     0.27 kB │ map:      1.06 kB
packages/web build: dist/assets/cup-soda-D2-wVJfw.js                                 0.35 kB │ gzip:     0.25 kB │ map:      1.14 kB
packages/web build: dist/assets/folders-C8kP9rwF.js                                  0.35 kB │ gzip:     0.24 kB │ map:      1.06 kB
packages/web build: dist/assets/git-pull-request-arrow-Dfc_jTZ8.js                   0.35 kB │ gzip:     0.25 kB │ map:      1.33 kB
packages/web build: dist/assets/heart-x-hO4fkpIg.js                                  0.35 kB │ gzip:     0.25 kB │ map:      1.11 kB
packages/web build: dist/assets/send-to-back-Bhj4cHSV.js                             0.35 kB │ gzip:     0.24 kB │ map:      1.27 kB
packages/web build: dist/assets/square-stack-DAnphoB5.js                             0.35 kB │ gzip:     0.25 kB │ map:      1.15 kB
packages/web build: dist/assets/stamp-YEf7Usrz.js                                    0.35 kB │ gzip:     0.25 kB │ map:      1.10 kB
packages/web build: dist/assets/superscript-BlvlPgTv.js                              0.35 kB │ gzip:     0.27 kB │ map:      1.12 kB
packages/web build: dist/assets/ticket-riPuwSkS.js                                   0.35 kB │ gzip:     0.23 kB │ map:      1.16 kB
packages/web build: dist/assets/calendar-minus-DphfysyL.js                           0.35 kB │ gzip:     0.24 kB │ map:      1.23 kB
packages/web build: dist/assets/folder-root-DtrduX7n.js                              0.35 kB │ gzip:     0.26 kB │ map:      1.15 kB
packages/web build: dist/assets/hand-helping-tHcye2Az.js                             0.35 kB │ gzip:     0.27 kB │ map:      1.13 kB
packages/web build: dist/assets/microwave-V_RIHl0e.js                                0.35 kB │ gzip:     0.24 kB │ map:      1.32 kB
packages/web build: dist/assets/phone-pXwQDSLq.js                                    0.35 kB │ gzip:     0.25 kB │ map:      0.97 kB
packages/web build: dist/assets/spell-check-2-Bu24FVwE.js                            0.35 kB │ gzip:     0.23 kB │ map:      1.13 kB
packages/web build: dist/assets/a-large-small-yNwVjiTW.js                            0.35 kB │ gzip:     0.26 kB │ map:      1.17 kB
packages/web build: dist/assets/eye-closed-N8zcy5tl.js                               0.35 kB │ gzip:     0.24 kB │ map:      1.22 kB
packages/web build: dist/assets/funnel-plus-ClQKJAAN.js                              0.35 kB │ gzip:     0.26 kB │ map:      1.12 kB
packages/web build: dist/assets/id-card-ev7ca-sO.js                                  0.35 kB │ gzip:     0.26 kB │ map:      1.28 kB
packages/web build: dist/assets/message-square-code-DJrZetYP.js                      0.35 kB │ gzip:     0.26 kB │ map:      1.17 kB
packages/web build: dist/assets/rotate-ccw-key-Brit5Shz.js                           0.35 kB │ gzip:     0.25 kB │ map:      1.26 kB
packages/web build: dist/assets/screen-share-D2l111G6.js                             0.35 kB │ gzip:     0.24 kB │ map:      1.22 kB
packages/web build: dist/assets/whole-word-DpP7Uata.js                               0.35 kB │ gzip:     0.25 kB │ map:      1.27 kB
packages/web build: dist/assets/mail-warning-C53Krjj6.js                             0.35 kB │ gzip:     0.26 kB │ map:      1.16 kB
packages/web build: dist/assets/message-circle-warning-01Tpl-7_.js                   0.35 kB │ gzip:     0.26 kB │ map:      1.18 kB
packages/web build: dist/assets/tv-minimal-play-C2dN8tq8.js                          0.35 kB │ gzip:     0.27 kB │ map:      1.20 kB
packages/web build: dist/assets/flip-horizontal-2-BVy5hN10.js                        0.35 kB │ gzip:     0.23 kB │ map:      1.31 kB
packages/web build: dist/assets/squares-exclude-ge9YJ90D.js                          0.35 kB │ gzip:     0.24 kB │ map:      1.12 kB
packages/web build: dist/assets/user-key-Dt4wcT5E.js                                 0.35 kB │ gzip:     0.25 kB │ map:      1.26 kB
packages/web build: dist/assets/contact-round-RCsqljXM.js                            0.35 kB │ gzip:     0.26 kB │ map:      1.31 kB
packages/web build: dist/assets/heading-5-C5Kul9pF.js                                0.35 kB │ gzip:     0.25 kB │ map:      1.22 kB
packages/web build: dist/assets/library-big-HlduKqyH.js                              0.35 kB │ gzip:     0.28 kB │ map:      1.18 kB
packages/web build: dist/assets/sailboat-BH9SwlMN.js                                 0.35 kB │ gzip:     0.25 kB │ map:      1.13 kB
packages/web build: dist/assets/square-divide-DtEcovSL.js                            0.35 kB │ gzip:     0.24 kB │ map:      1.36 kB
packages/web build: dist/assets/zodiac-virgo-D3Z4oqZ5.js                             0.35 kB │ gzip:     0.23 kB │ map:      1.17 kB
packages/web build: dist/assets/battery-charging-Bfnhp8YD.js                         0.35 kB │ gzip:     0.25 kB │ map:      1.19 kB
packages/web build: dist/assets/book-heart-B7k3Nin9.js                               0.35 kB │ gzip:     0.26 kB │ map:      1.09 kB
packages/web build: dist/assets/fan-DpWDfTbN.js                                      0.35 kB │ gzip:     0.24 kB │ map:      1.03 kB
packages/web build: dist/assets/screen-share-off-DzyHY7-l.js                         0.35 kB │ gzip:     0.24 kB │ map:      1.25 kB
packages/web build: dist/assets/bell-minus-B0LC0U5q.js                               0.35 kB │ gzip:     0.27 kB │ map:      1.13 kB
packages/web build: dist/assets/calendar-check-2-fxOmHZG9.js                         0.35 kB │ gzip:     0.24 kB │ map:      1.25 kB
packages/web build: dist/assets/nfc-ClUX3LsX.js                                      0.35 kB │ gzip:     0.25 kB │ map:      1.13 kB
packages/web build: dist/assets/volume-1-B4u_p8tn.js                                 0.35 kB │ gzip:     0.26 kB │ map:      1.05 kB
packages/web build: dist/assets/wallet-cards-DoxQ1Wab.js                             0.35 kB │ gzip:     0.27 kB │ map:      1.19 kB
packages/web build: dist/assets/badge-minus-CQk2GBPo.js                              0.36 kB │ gzip:     0.25 kB │ map:      1.11 kB
packages/web build: dist/assets/map-pin-minus-C5iAXF-V.js                            0.36 kB │ gzip:     0.28 kB │ map:      1.17 kB
packages/web build: dist/assets/notebook-CzAFsfci.js                                 0.36 kB │ gzip:     0.24 kB │ map:      1.32 kB
packages/web build: dist/assets/shield-ban-BMQORTum.js                               0.36 kB │ gzip:     0.27 kB │ map:      1.06 kB
packages/web build: dist/assets/tickets-rsxfK4cO.js                                  0.36 kB │ gzip:     0.26 kB │ map:      1.26 kB
packages/web build: dist/assets/arrow-big-down-dash-C_sNqiXW.js                      0.36 kB │ gzip:     0.25 kB │ map:      1.11 kB
packages/web build: dist/assets/arrow-big-left-dash-Bh2K1PZ6.js                      0.36 kB │ gzip:     0.25 kB │ map:      1.11 kB
packages/web build: dist/assets/arrow-big-right-dash-DWIOXLYe.js                     0.36 kB │ gzip:     0.25 kB │ map:      1.11 kB
packages/web build: dist/assets/flip-vertical-2-C4eOjtte.js                          0.36 kB │ gzip:     0.23 kB │ map:      1.31 kB
packages/web build: dist/assets/folder-code-CIMoDYxn.js                              0.36 kB │ gzip:     0.25 kB │ map:      1.13 kB
packages/web build: dist/assets/funnel-x-BSUNigX2.js                                 0.36 kB │ gzip:     0.26 kB │ map:      1.12 kB
packages/web build: dist/assets/git-fork-v5JQqAty.js                                 0.36 kB │ gzip:     0.25 kB │ map:      1.29 kB
packages/web build: dist/assets/arrow-big-up-dash-pQ1OFEPB.js                        0.36 kB │ gzip:     0.26 kB │ map:      1.10 kB
packages/web build: dist/assets/bath-Cq57WnEi.js                                     0.36 kB │ gzip:     0.24 kB │ map:      1.22 kB
packages/web build: dist/assets/message-circle-code-CqYUWxDg.js                      0.36 kB │ gzip:     0.27 kB │ map:      1.18 kB
packages/web build: dist/assets/scan-line-BUzbzT6c.js                                0.36 kB │ gzip:     0.24 kB │ map:      1.22 kB
packages/web build: dist/assets/creative-commons-CT3b1IdK.js                         0.36 kB │ gzip:     0.23 kB │ map:      1.19 kB
packages/web build: dist/assets/scooter-D81eyJ7Z.js                                  0.36 kB │ gzip:     0.26 kB │ map:      1.22 kB
packages/web build: dist/assets/file-chart-line-3jAU6ny7.js                          0.36 kB │ gzip:     0.26 kB │ map:      1.16 kB
packages/web build: dist/assets/heart-pulse-Cj1IGf6Y.js                              0.36 kB │ gzip:     0.27 kB │ map:      1.07 kB
packages/web build: dist/assets/layers-2-Cxc9V9fz.js                                 0.36 kB │ gzip:     0.25 kB │ map:      1.09 kB
packages/web build: dist/assets/ticket-percent-B4IhfARB.js                           0.36 kB │ gzip:     0.25 kB │ map:      1.21 kB
packages/web build: dist/assets/gem-Dirdb3LA.js                                      0.36 kB │ gzip:     0.26 kB │ map:      1.10 kB
packages/web build: dist/assets/heading-3-CSCfdBHk.js                                0.36 kB │ gzip:     0.25 kB │ map:      1.22 kB
packages/web build: dist/assets/pin-off-CZzKleC6.js                                  0.36 kB │ gzip:     0.26 kB │ map:      1.18 kB
packages/web build: dist/assets/book-open-check-ORTt-XNM.js                          0.36 kB │ gzip:     0.25 kB │ map:      1.16 kB
packages/web build: dist/assets/clipboard-plus-D5hxUv4J.js                           0.36 kB │ gzip:     0.26 kB │ map:      1.29 kB
packages/web build: dist/assets/clipboard-x-CGu4A6iz.js                              0.36 kB │ gzip:     0.26 kB │ map:      1.27 kB
packages/web build: dist/assets/contact-DAgC9OdB.js                                  0.36 kB │ gzip:     0.26 kB │ map:      1.29 kB
packages/web build: dist/assets/file-question-mark-DIKu7hTp.js                       0.36 kB │ gzip:     0.26 kB │ map:      1.17 kB
packages/web build: dist/assets/message-square-reply-EP_34kPg.js                     0.36 kB │ gzip:     0.26 kB │ map:      1.19 kB
packages/web build: dist/assets/spool-z1aP6tBc.js                                    0.36 kB │ gzip:     0.26 kB │ map:      1.08 kB
packages/web build: dist/assets/wallpaper-OWV59fDh.js                                0.36 kB │ gzip:     0.27 kB │ map:      1.30 kB
packages/web build: dist/assets/book-lock-BaDU_50W.js                                0.36 kB │ gzip:     0.27 kB │ map:      1.22 kB
packages/web build: dist/assets/bottle-wine-BjPbpxet.js                              0.36 kB │ gzip:     0.25 kB │ map:      1.08 kB
packages/web build: dist/assets/camera-CTJykPYH.js                                   0.36 kB │ gzip:     0.27 kB │ map:      1.08 kB
packages/web build: dist/assets/cooking-pot-DMdeKEl1.js                              0.36 kB │ gzip:     0.26 kB │ map:      1.20 kB
packages/web build: dist/assets/folder-search-2-BglsQULD.js                          0.36 kB │ gzip:     0.26 kB │ map:      1.19 kB
packages/web build: dist/assets/calendar-x-CclI_ETX.js                               0.36 kB │ gzip:     0.25 kB │ map:      1.34 kB
packages/web build: dist/assets/image-down-C4TfFuJB.js                               0.36 kB │ gzip:     0.27 kB │ map:      1.22 kB
packages/web build: dist/assets/image-up-CUF28ri0.js                                 0.36 kB │ gzip:     0.27 kB │ map:      1.21 kB
packages/web build: dist/assets/init-CbPqLdvS.js                                     0.36 kB │ gzip:     0.17 kB │ map:      1.23 kB
packages/web build: dist/assets/list-restart-DBA_RqRa.js                             0.36 kB │ gzip:     0.25 kB │ map:      1.27 kB
packages/web build: dist/assets/calendar-plus-2-DmMpBGib.js                          0.36 kB │ gzip:     0.25 kB │ map:      1.37 kB
packages/web build: dist/assets/drafting-compass-BKo4-X1r.js                         0.36 kB │ gzip:     0.27 kB │ map:      1.29 kB
packages/web build: dist/assets/flashlight-DmPml3p5.js                               0.36 kB │ gzip:     0.26 kB │ map:      1.14 kB
packages/web build: dist/assets/focus-C-XBrXTb.js                                    0.36 kB │ gzip:     0.25 kB │ map:      1.24 kB
packages/web build: dist/assets/lectern-CPgcCJcP.js                                  0.36 kB │ gzip:     0.27 kB │ map:      1.18 kB
packages/web build: dist/assets/package-2-DWgk8Nb7.js                                0.36 kB │ gzip:     0.26 kB │ map:      1.13 kB
packages/web build: dist/assets/type-outline-Dvtggt1F.js                             0.36 kB │ gzip:     0.23 kB │ map:      1.02 kB
packages/web build: dist/assets/bitcoin-DqQRaLAY.js                                  0.37 kB │ gzip:     0.28 kB │ map:      1.00 kB
packages/web build: dist/assets/book-key-BJz5lF_y.js                                 0.37 kB │ gzip:     0.26 kB │ map:      1.25 kB
packages/web build: dist/assets/database-zap-CyxsRZjS.js                             0.37 kB │ gzip:     0.26 kB │ map:      1.28 kB
packages/web build: dist/assets/loader-pinwheel-Dc4b5O9j.js                          0.37 kB │ gzip:     0.25 kB │ map:      1.22 kB
packages/web build: dist/assets/angry-CdsaDbAq.js                                    0.37 kB │ gzip:     0.25 kB │ map:      1.29 kB
packages/web build: dist/assets/archive-restore-PVKh-Y0M.js                          0.37 kB │ gzip:     0.26 kB │ map:      1.32 kB
packages/web build: dist/assets/battery-warning-BHm8X5WI.js                          0.37 kB │ gzip:     0.25 kB │ map:      1.26 kB
packages/web build: dist/assets/file-down-DwzrK-nP.js                                0.37 kB │ gzip:     0.25 kB │ map:      1.21 kB
packages/web build: dist/assets/folder-lock-CW4dZXjo.js                              0.37 kB │ gzip:     0.27 kB │ map:      1.20 kB
packages/web build: dist/assets/picture-in-picture-77ZvhZGf.js                       0.37 kB │ gzip:     0.26 kB │ map:      1.33 kB
packages/web build: dist/assets/shopping-bag-COG-ibQL.js                             0.37 kB │ gzip:     0.26 kB │ map:      1.15 kB
packages/web build: dist/assets/weight-tilde-zTbwrTRJ.js                             0.37 kB │ gzip:     0.27 kB │ map:      1.18 kB
packages/web build: dist/assets/air-vent-tyc5a3f6.js                                 0.37 kB │ gzip:     0.26 kB │ map:      1.19 kB
packages/web build: dist/assets/ethernet-port-DLnDY36M.js                            0.37 kB │ gzip:     0.24 kB │ map:      1.28 kB
packages/web build: dist/assets/file-symlink-H2e_5EcP.js                             0.37 kB │ gzip:     0.26 kB │ map:      1.15 kB
packages/web build: dist/assets/image-minus-CLN_lqAZ.js                              0.37 kB │ gzip:     0.27 kB │ map:      1.24 kB
packages/web build: dist/assets/timer-off-7j1uBcss.js                                0.37 kB │ gzip:     0.25 kB │ map:      1.23 kB
packages/web build: dist/assets/user-pen-Bv3xxX1z.js                                 0.37 kB │ gzip:     0.28 kB │ map:      1.16 kB
packages/web build: dist/assets/alarm-clock-minus-B1KAc1ZE.js                        0.37 kB │ gzip:     0.25 kB │ map:      1.36 kB
packages/web build: dist/assets/citrus-IVHH-eK2.js                                   0.37 kB │ gzip:     0.27 kB │ map:      1.19 kB
packages/web build: dist/assets/folder-key-DwNR6guK.js                               0.37 kB │ gzip:     0.26 kB │ map:      1.23 kB
packages/web build: dist/assets/mouse-pointer-ban-C3ULlCyh.js                        0.37 kB │ gzip:     0.28 kB │ map:      1.20 kB
packages/web build: dist/assets/stethoscope-CBES1Q6P.js                              0.37 kB │ gzip:     0.25 kB │ map:      1.27 kB
packages/web build: dist/assets/accessibility-BDhv9ZId.js                            0.37 kB │ gzip:     0.27 kB │ map:      1.28 kB
packages/web build: dist/assets/globe-lock-D14DWHkB.js                               0.37 kB │ gzip:     0.27 kB │ map:      1.26 kB
packages/web build: dist/assets/utility-pole-DFjtyWaS.js                             0.37 kB │ gzip:     0.23 kB │ map:      1.37 kB
packages/web build: dist/assets/venetian-mask-B8_IzC54.js                            0.37 kB │ gzip:     0.25 kB │ map:      1.16 kB
packages/web build: dist/assets/file-x-corner-krOFb4Fg.js                            0.37 kB │ gzip:     0.26 kB │ map:      1.22 kB
packages/web build: dist/assets/git-pull-request-closed-DnygRJQR.js                  0.37 kB │ gzip:     0.25 kB │ map:      1.41 kB
packages/web build: dist/assets/newspaper-CP9E9tV9.js                                0.37 kB │ gzip:     0.26 kB │ map:      1.25 kB
packages/web build: dist/assets/bell-dot-C13V0-Eg.js                                 0.37 kB │ gzip:     0.29 kB │ map:      1.16 kB
packages/web build: dist/assets/dice-5-WbO2kzcA.js                                   0.37 kB │ gzip:     0.24 kB │ map:      1.34 kB
packages/web build: dist/assets/heart-plus-DQD73TQY.js                               0.37 kB │ gzip:     0.28 kB │ map:      1.14 kB
packages/web build: dist/assets/house-heart-KuQzMxCf.js                              0.37 kB │ gzip:     0.26 kB │ map:      1.12 kB
packages/web build: dist/assets/message-square-quote-CTVjyUz7.js                     0.37 kB │ gzip:     0.26 kB │ map:      1.20 kB
packages/web build: dist/assets/octagon-BeXjsxhw.js                                  0.37 kB │ gzip:     0.24 kB │ map:      1.00 kB
packages/web build: dist/assets/pen-off-C5dr2EVG.js                                  0.37 kB │ gzip:     0.27 kB │ map:      1.13 kB
packages/web build: dist/assets/folder-open-dot-B-42hE11.js                          0.37 kB │ gzip:     0.27 kB │ map:      1.13 kB
packages/web build: dist/assets/lamp-DfO2DLaE.js                                     0.37 kB │ gzip:     0.26 kB │ map:      1.13 kB
packages/web build: dist/assets/layout-grid-CBRd2yMj.js                              0.37 kB │ gzip:     0.21 kB │ map:      1.40 kB
packages/web build: dist/assets/map-pin-check-8ZbU8bPK.js                            0.37 kB │ gzip:     0.29 kB │ map:      1.19 kB
packages/web build: dist/assets/message-square-lock-DLUo3oDa.js                      0.37 kB │ gzip:     0.28 kB │ map:      1.25 kB
packages/web build: dist/assets/smartphone-nfc-BGRsmYfw.js                           0.37 kB │ gzip:     0.27 kB │ map:      1.25 kB
packages/web build: dist/assets/stone-D7kXKN0h.js                                    0.37 kB │ gzip:     0.26 kB │ map:      1.12 kB
packages/web build: dist/assets/currency-Vlq03ZKh.js                                 0.37 kB │ gzip:     0.23 kB │ map:      1.42 kB
packages/web build: dist/assets/decimals-arrow-right-DMqrPi1v.js                     0.37 kB │ gzip:     0.25 kB │ map:      1.40 kB
packages/web build: dist/assets/droplet-off-Bq1M46hD.js                              0.37 kB │ gzip:     0.28 kB │ map:      1.16 kB
packages/web build: dist/assets/gpu-DaaKGa21.js                                      0.37 kB │ gzip:     0.25 kB │ map:      1.26 kB
packages/web build: dist/assets/message-square-diff-Mm2ulyRQ.js                      0.37 kB │ gzip:     0.26 kB │ map:      1.25 kB
packages/web build: dist/assets/paw-print-jN-Oilmr.js                                0.37 kB │ gzip:     0.27 kB │ map:      1.28 kB
packages/web build: dist/assets/skull-Cu3_jf4q.js                                    0.37 kB │ gzip:     0.26 kB │ map:      1.24 kB
packages/web build: dist/assets/sticky-note-x-Dy0HurGP.js                            0.37 kB │ gzip:     0.26 kB │ map:      1.22 kB
packages/web build: dist/assets/alarm-clock-check-Wlmqqflg.js                        0.37 kB │ gzip:     0.26 kB │ map:      1.37 kB
packages/web build: dist/assets/blinds-BhNa0Cwc.js                                   0.37 kB │ gzip:     0.25 kB │ map:      1.37 kB
packages/web build: dist/assets/chart-bar-stacked-xIFzDWkT.js                        0.37 kB │ gzip:     0.25 kB │ map:      1.38 kB
packages/web build: dist/assets/cuboid-CPrG4gqG.js                                   0.37 kB │ gzip:     0.26 kB │ map:      1.13 kB
packages/web build: dist/assets/land-plot-DvjH0FsT.js                                0.37 kB │ gzip:     0.26 kB │ map:      1.21 kB
packages/web build: dist/assets/monitor-speaker-BZCNE8xe.js                          0.37 kB │ gzip:     0.28 kB │ map:      1.35 kB
packages/web build: dist/assets/washing-machine-DcvBk0ft.js                          0.37 kB │ gzip:     0.27 kB │ map:      1.35 kB
packages/web build: dist/assets/file-plus-C568uoCA.js                                0.38 kB │ gzip:     0.26 kB │ map:      1.20 kB
packages/web build: dist/assets/file-plus-corner-yfhXp_w1.js                         0.38 kB │ gzip:     0.26 kB │ map:      1.24 kB
packages/web build: dist/assets/folder-kanban-BMFnCG98.js                            0.38 kB │ gzip:     0.26 kB │ map:      1.22 kB
packages/web build: dist/assets/locate-L7olVGm8.js                                   0.38 kB │ gzip:     0.24 kB │ map:      1.41 kB
packages/web build: dist/assets/podcast-BAYbzDpG.js                                  0.38 kB │ gzip:     0.27 kB │ map:      1.24 kB
packages/web build: dist/assets/shield-plus-CvixpJZE.js                              0.38 kB │ gzip:     0.28 kB │ map:      1.15 kB
packages/web build: dist/assets/chess-pawn-DIrWwlS6.js                               0.38 kB │ gzip:     0.26 kB │ map:      1.28 kB
packages/web build: dist/assets/copy-x-CvFMuLUV.js                                   0.38 kB │ gzip:     0.27 kB │ map:      1.31 kB
packages/web build: dist/assets/battery-plus-BvbTz9gP.js                             0.38 kB │ gzip:     0.26 kB │ map:      1.25 kB
packages/web build: dist/assets/chart-column-stacked-0PeOr1b7.js                     0.38 kB │ gzip:     0.26 kB │ map:      1.40 kB
packages/web build: dist/assets/layout-dashboard-BHCyzsbn.js                         0.38 kB │ gzip:     0.23 kB │ map:      1.43 kB
packages/web build: dist/assets/monitor-off-DYNY_8HA.js                              0.38 kB │ gzip:     0.26 kB │ map:      1.25 kB
packages/web build: dist/assets/book-up-2-lfvFHFeg.js                                0.38 kB │ gzip:     0.25 kB │ map:      1.24 kB
packages/web build: dist/assets/webhook-CwFL1t9H.js                                  0.38 kB │ gzip:     0.29 kB │ map:      1.14 kB
packages/web build: dist/assets/book-headphones-C_Mz8fcN.js                          0.38 kB │ gzip:     0.27 kB │ map:      1.30 kB
packages/web build: dist/assets/circuit-board-CBScI3hO.js                            0.38 kB │ gzip:     0.26 kB │ map:      1.37 kB
packages/web build: dist/assets/copy-plus-BZ9q8H_b.js                                0.38 kB │ gzip:     0.28 kB │ map:      1.33 kB
packages/web build: dist/assets/crosshair-CGBd6aUk.js                                0.38 kB │ gzip:     0.24 kB │ map:      1.43 kB
packages/web build: dist/assets/file-up-D-yuvypO.js                                  0.38 kB │ gzip:     0.26 kB │ map:      1.20 kB
packages/web build: dist/assets/folder-git-DszZFIxK.js                               0.38 kB │ gzip:     0.26 kB │ map:      1.24 kB
packages/web build: dist/assets/metronome-B-D3Q6Rq.js                                0.38 kB │ gzip:     0.28 kB │ map:      1.24 kB
packages/web build: dist/assets/plug-zap-CRtWcGIy.js                                 0.38 kB │ gzip:     0.26 kB │ map:      1.25 kB
packages/web build: dist/assets/train-track-DBjQrf8s.js                              0.38 kB │ gzip:     0.23 kB │ map:      1.37 kB
packages/web build: dist/assets/diameter-DhEWuFAL.js                                 0.38 kB │ gzip:     0.25 kB │ map:      1.29 kB
packages/web build: dist/assets/file-axis-3d-ZA4PBozP.js                             0.38 kB │ gzip:     0.27 kB │ map:      1.22 kB
packages/web build: dist/assets/message-square-more-0A2RyEap.js                      0.38 kB │ gzip:     0.26 kB │ map:      1.26 kB
packages/web build: dist/assets/git-pull-request-create-arrow-CMPvxeD0.js            0.38 kB │ gzip:     0.27 kB │ map:      1.43 kB
packages/web build: dist/assets/house-plus-Bb6V2khD.js                               0.38 kB │ gzip:     0.26 kB │ map:      1.21 kB
packages/web build: dist/assets/key-round-luGA7ANw.js                                0.38 kB │ gzip:     0.27 kB │ map:      1.13 kB
packages/web build: dist/assets/orbit-DwHEN8zq.js                                    0.38 kB │ gzip:     0.26 kB │ map:      1.31 kB
packages/web build: dist/assets/sport-shoe-C6gmDlzA.js                               0.38 kB │ gzip:     0.28 kB │ map:      1.15 kB
packages/web build: dist/assets/sticky-note-plus-DQol6LVx.js                         0.38 kB │ gzip:     0.27 kB │ map:      1.25 kB
packages/web build: dist/assets/LineChart-af8O_01V.js                                0.38 kB │ gzip:     0.27 kB │ map:      1.05 kB
packages/web build: dist/assets/cigarette-5stvVZsk.js                                0.38 kB │ gzip:     0.24 kB │ map:      1.25 kB
packages/web build: dist/assets/dessert-DmCJi28I.js                                  0.38 kB │ gzip:     0.27 kB │ map:      1.17 kB
packages/web build: dist/assets/door-closed-locked-BZvKHOUw.js                       0.38 kB │ gzip:     0.27 kB │ map:      1.34 kB
packages/web build: dist/assets/file-x-DKdGPhef.js                                   0.38 kB │ gzip:     0.26 kB │ map:      1.20 kB
packages/web build: dist/assets/folder-heart-B_fefGUT.js                             0.38 kB │ gzip:     0.28 kB │ map:      1.14 kB
packages/web build: dist/assets/glasses-Dfg9yCfY.js                                  0.38 kB │ gzip:     0.26 kB │ map:      1.29 kB
packages/web build: dist/assets/lightbulb-off-CQeYlwyS.js                            0.38 kB │ gzip:     0.27 kB │ map:      1.26 kB
packages/web build: dist/assets/list-ordered-DqL4ILAo.js                             0.38 kB │ gzip:     0.25 kB │ map:      1.32 kB
packages/web build: dist/assets/monitor-play-ChJcY1ss.js                             0.38 kB │ gzip:     0.28 kB │ map:      1.28 kB
packages/web build: dist/assets/share-2-DWc4E0SS.js                                  0.38 kB │ gzip:     0.25 kB │ map:      1.40 kB
packages/web build: dist/assets/shield-x-DTZL8WRd.js                                 0.38 kB │ gzip:     0.28 kB │ map:      1.15 kB
packages/web build: dist/assets/turtle-CyQxtgok.js                                   0.38 kB │ gzip:     0.25 kB │ map:      1.20 kB
packages/web build: dist/assets/file-terminal-D-RmOQjk.js                            0.38 kB │ gzip:     0.26 kB │ map:      1.24 kB
packages/web build: dist/assets/bell-plus-UeXWbbdY.js                                0.39 kB │ gzip:     0.28 kB │ map:      1.21 kB
packages/web build: dist/assets/calendar-x-2-DIklr9MT.js                             0.39 kB │ gzip:     0.25 kB │ map:      1.32 kB
packages/web build: dist/assets/cookie-wrTxeL1i.js                                   0.39 kB │ gzip:     0.24 kB │ map:      1.29 kB
packages/web build: dist/assets/file-input-DOjCF04q.js                               0.39 kB │ gzip:     0.27 kB │ map:      1.22 kB
packages/web build: dist/assets/speech-CoPTEXm9.js                                   0.39 kB │ gzip:     0.28 kB │ map:      1.14 kB
packages/web build: dist/assets/switch-camera-BUer1-bI.js                            0.39 kB │ gzip:     0.26 kB │ map:      1.30 kB
packages/web build: dist/assets/binary-DsGHq3Hy.js                                   0.39 kB │ gzip:     0.25 kB │ map:      1.40 kB
packages/web build: dist/assets/card-sim-B_r0ALL2.js                                 0.39 kB │ gzip:     0.27 kB │ map:      1.26 kB
packages/web build: dist/assets/clapperboard-B9qi4AW3.js                             0.39 kB │ gzip:     0.28 kB │ map:      1.22 kB
packages/web build: dist/assets/fullscreen-cZsrqphd.js                               0.39 kB │ gzip:     0.27 kB │ map:      1.31 kB
packages/web build: dist/assets/lamp-wall-down-BADd3Y5e.js                           0.39 kB │ gzip:     0.26 kB │ map:      1.19 kB
packages/web build: dist/assets/lamp-wall-up-D2J8WvrV.js                             0.39 kB │ gzip:     0.26 kB │ map:      1.18 kB
packages/web build: dist/assets/mic-vocal-BNj4Hon6.js                                0.39 kB │ gzip:     0.30 kB │ map:      1.21 kB
packages/web build: dist/assets/badge-cent-0qmsO1FK.js                               0.39 kB │ gzip:     0.25 kB │ map:      1.16 kB
packages/web build: dist/assets/badge-euro-BWYm6-if.js                               0.39 kB │ gzip:     0.25 kB │ map:      1.16 kB
packages/web build: dist/assets/layout-list-DRTxXK7m.js                              0.39 kB │ gzip:     0.24 kB │ map:      1.43 kB
packages/web build: dist/assets/syringe-M6JboMaQ.js                                  0.39 kB │ gzip:     0.26 kB │ map:      1.30 kB
packages/web build: dist/assets/calendar-plus-BXCJMuEt.js                            0.39 kB │ gzip:     0.25 kB │ map:      1.33 kB
packages/web build: dist/assets/mailbox-_7Jk-JEe.js                                  0.39 kB │ gzip:     0.28 kB │ map:      1.25 kB
packages/web build: dist/assets/message-circle-more-3qX2Dq6C.js                      0.39 kB │ gzip:     0.27 kB │ map:      1.27 kB
packages/web build: dist/assets/parking-meter-JyhnXOaR.js                            0.39 kB │ gzip:     0.26 kB │ map:      1.30 kB
packages/web build: dist/assets/snail-DHPjbQlH.js                                    0.39 kB │ gzip:     0.28 kB │ map:      1.26 kB
packages/web build: dist/assets/utensils-crossed-2Iq0r0oc.js                         0.39 kB │ gzip:     0.27 kB │ map:      1.24 kB
packages/web build: dist/assets/captions-off-BojLYKRr.js                             0.39 kB │ gzip:     0.25 kB │ map:      1.33 kB
packages/web build: dist/assets/house-wifi-DlOXoClt.js                               0.39 kB │ gzip:     0.27 kB │ map:      1.22 kB
packages/web build: dist/assets/armchair-BuVPnoCp.js                                 0.39 kB │ gzip:     0.25 kB │ map:      1.22 kB
packages/web build: dist/assets/watch-CP8QYtEH.js                                    0.39 kB │ gzip:     0.27 kB │ map:      1.21 kB
packages/web build: dist/assets/bell-off-0Ma0kBlZ.js                                 0.39 kB │ gzip:     0.28 kB │ map:      1.22 kB
packages/web build: dist/assets/file-music-Bjf5SsH7.js                               0.39 kB │ gzip:     0.28 kB │ map:      1.25 kB
packages/web build: dist/assets/folder-git-2-C8btLoWr.js                             0.39 kB │ gzip:     0.27 kB │ map:      1.29 kB
packages/web build: dist/assets/map-pin-plus-Cnh0-4aY.js                             0.39 kB │ gzip:     0.29 kB │ map:      1.26 kB
packages/web build: dist/assets/src-AEHDFCS5-BA2nkXhV.js                             0.39 kB │ gzip:     0.24 kB
packages/web build: dist/assets/trees-COjvkCFc.js                                    0.39 kB │ gzip:     0.26 kB │ map:      1.20 kB
packages/web build: dist/assets/birdhouse-CbEuC0et.js                                0.39 kB │ gzip:     0.28 kB │ map:      1.34 kB
packages/web build: dist/assets/cake-slice-DURxHYKo.js                               0.39 kB │ gzip:     0.29 kB │ map:      1.25 kB
packages/web build: dist/assets/square-dashed-bottom-code-BHWHi8Io.js                0.39 kB │ gzip:     0.26 kB │ map:      1.35 kB
packages/web build: dist/assets/folder-archive-DhP0I15I.js                           0.39 kB │ gzip:     0.28 kB │ map:      1.28 kB
packages/web build: dist/assets/badge-turkish-lira-CrkK8njo.js                       0.40 kB │ gzip:     0.26 kB │ map:      1.21 kB
packages/web build: dist/assets/clipboard-clock-B4-Unf6G.js                          0.40 kB │ gzip:     0.28 kB │ map:      1.37 kB
packages/web build: dist/assets/file-search-corner-BrC1DEZ-.js                       0.40 kB │ gzip:     0.29 kB │ map:      1.30 kB
packages/web build: dist/assets/sheet-f9B_I-vu.js                                    0.40 kB │ gzip:     0.25 kB │ map:      1.47 kB
packages/web build: dist/assets/alarm-clock-off-0hABqwDh.js                          0.40 kB │ gzip:     0.26 kB │ map:      1.35 kB
packages/web build: dist/assets/caravan-BRfuDVrS.js                                  0.40 kB │ gzip:     0.26 kB │ map:      1.21 kB
packages/web build: dist/assets/images-pWDlN3XQ.js                                   0.40 kB │ gzip:     0.29 kB │ map:      1.28 kB
packages/web build: dist/assets/message-circle-off-CV7RK9Gk.js                       0.40 kB │ gzip:     0.28 kB │ map:      1.21 kB
packages/web build: dist/assets/calendar-arrow-up-Bfr8yRbP.js                        0.40 kB │ gzip:     0.26 kB │ map:      1.36 kB
packages/web build: dist/assets/circle-pile-6rEklCAU.js                              0.40 kB │ gzip:     0.21 kB │ map:      1.49 kB
packages/web build: dist/assets/ev-charger-CyEWBf9z.js                               0.40 kB │ gzip:     0.26 kB │ map:      1.28 kB
packages/web build: dist/assets/map-pin-x-Cs2TKKeO.js                                0.40 kB │ gzip:     0.29 kB │ map:      1.25 kB
packages/web build: dist/assets/square-parking-off-3h3ztadp.js                       0.40 kB │ gzip:     0.27 kB │ map:      1.30 kB
packages/web build: dist/assets/touchpad-off-e93RrVYh.js                             0.40 kB │ gzip:     0.26 kB │ map:      1.34 kB
packages/web build: dist/assets/door-open-CV4w4CFC.js                                0.40 kB │ gzip:     0.27 kB │ map:      1.29 kB
packages/web build: dist/assets/file-code-BMOMmORn.js                                0.40 kB │ gzip:     0.27 kB │ map:      1.23 kB
packages/web build: dist/assets/file-user-BPPAFfEN.js                                0.40 kB │ gzip:     0.28 kB │ map:      1.26 kB
packages/web build: dist/assets/milk-CoclPPyF.js                                     0.40 kB │ gzip:     0.27 kB │ map:      1.14 kB
packages/web build: dist/assets/tent-tree-ErvXZDL2.js                                0.40 kB │ gzip:     0.26 kB │ map:      1.41 kB
packages/web build: dist/assets/vibrate-off-hgSOr5mk.js                              0.40 kB │ gzip:     0.27 kB │ map:      1.31 kB
packages/web build: dist/assets/badge-russian-ruble-MtZCXHTV.js                      0.40 kB │ gzip:     0.26 kB │ map:      1.22 kB
packages/web build: dist/assets/bird-io1c6eLV.js                                     0.40 kB │ gzip:     0.27 kB │ map:      1.30 kB
packages/web build: dist/assets/droplets-e1dx9hHW.js                                 0.40 kB │ gzip:     0.30 kB │ map:      1.13 kB
packages/web build: dist/assets/file-stack-DGRzF72p.js                               0.40 kB │ gzip:     0.25 kB │ map:      1.17 kB
packages/web build: dist/assets/flask-conical-off-Cxfi9P9s.js                        0.40 kB │ gzip:     0.27 kB │ map:      1.36 kB
packages/web build: dist/assets/mouse-pointer-2-off-CxnKW22x.js                      0.40 kB │ gzip:     0.29 kB │ map:      1.21 kB
packages/web build: dist/assets/refresh-ccw-dot-C5G5hLkb.js                          0.40 kB │ gzip:     0.27 kB │ map:      1.32 kB
packages/web build: dist/assets/sparkle-DqzQTjZG.js                                  0.40 kB │ gzip:     0.24 kB │ map:      1.03 kB
packages/web build: dist/assets/banknote-x-ByJkcq10.js                               0.40 kB │ gzip:     0.27 kB │ map:      1.35 kB
packages/web build: dist/assets/gamepad-BSW4iTZw.js                                  0.40 kB │ gzip:     0.26 kB │ map:      1.47 kB
packages/web build: dist/assets/hd-CrzDYXES.js                                       0.40 kB │ gzip:     0.27 kB │ map:      1.31 kB
packages/web build: dist/assets/pipette-C_JQHNpL.js                                  0.40 kB │ gzip:     0.27 kB │ map:      1.19 kB
packages/web build: dist/assets/radio-BWJA63D5.js                                    0.40 kB │ gzip:     0.27 kB │ map:      1.27 kB
packages/web build: dist/assets/signpost-DANY-nuk.js                                 0.40 kB │ gzip:     0.26 kB │ map:      1.16 kB
packages/web build: dist/assets/briefcase-medical-jOIGQ4li.js                        0.40 kB │ gzip:     0.27 kB │ map:      1.42 kB
packages/web build: dist/assets/git-branch-plus-Cx894sf0.js                          0.40 kB │ gzip:     0.25 kB │ map:      1.35 kB
packages/web build: dist/assets/id-card-lanyard-Dg3F3OKI.js                          0.40 kB │ gzip:     0.28 kB │ map:      1.35 kB
packages/web build: dist/assets/printer-check-BZ16RZwj.js                            0.40 kB │ gzip:     0.26 kB │ map:      1.22 kB
packages/web build: dist/assets/smile-plus-Cpm76XfL.js                               0.40 kB │ gzip:     0.26 kB │ map:      1.41 kB
packages/web build: dist/assets/warehouse-BRMJu2l1.js                                0.40 kB │ gzip:     0.27 kB │ map:      1.23 kB
packages/web build: dist/assets/axe-Bbr3n8kc.js                                      0.40 kB │ gzip:     0.28 kB │ map:      1.08 kB
packages/web build: dist/assets/calendar-arrow-down-oH9E6Fkn.js                      0.40 kB │ gzip:     0.26 kB │ map:      1.39 kB
packages/web build: dist/assets/cassette-tape-CFDBm0hd.js                            0.40 kB │ gzip:     0.28 kB │ map:      1.39 kB
packages/web build: dist/assets/clipboard-type-s3utWhV4.js                           0.40 kB │ gzip:     0.27 kB │ map:      1.39 kB
packages/web build: dist/assets/folder-pen-CRqwK7UC.js                               0.40 kB │ gzip:     0.29 kB │ map:      1.14 kB
packages/web build: dist/assets/git-compare-arrows-DhXZtk02.js                       0.40 kB │ gzip:     0.27 kB │ map:      1.43 kB
packages/web build: dist/assets/diamond-percent-CfXS1-tP.js                          0.40 kB │ gzip:     0.26 kB │ map:      1.27 kB
packages/web build: dist/assets/alarm-clock-plus-8Ot7LFNt.js                         0.40 kB │ gzip:     0.27 kB │ map:      1.45 kB
packages/web build: dist/assets/badge-x-Dtg1k0_c.js                                  0.40 kB │ gzip:     0.26 kB │ map:      1.24 kB
packages/web build: dist/assets/beef-Cgzc0NxU.js                                     0.40 kB │ gzip:     0.31 kB │ map:      1.21 kB
packages/web build: dist/assets/map-pin-pen-N04UG-54.js                              0.40 kB │ gzip:     0.30 kB │ map:      1.21 kB
packages/web build: dist/assets/sticky-note-off-C5mRM2zF.js                          0.40 kB │ gzip:     0.27 kB │ map:      1.28 kB
packages/web build: dist/assets/tram-front-CEHfVAA_.js                               0.40 kB │ gzip:     0.27 kB │ map:      1.44 kB
packages/web build: dist/assets/waves-ladder-CWcDbVCL.js                             0.40 kB │ gzip:     0.26 kB │ map:      1.31 kB
packages/web build: dist/assets/clipboard-copy-CjgEkMDR.js                           0.41 kB │ gzip:     0.28 kB │ map:      1.36 kB
packages/web build: dist/assets/router-UJgJyUnx.js                                   0.41 kB │ gzip:     0.27 kB │ map:      1.37 kB
packages/web build: dist/assets/life-buoy-D6KUyOag.js                                0.41 kB │ gzip:     0.25 kB │ map:      1.39 kB
packages/web build: dist/assets/luggage-C5sJ4Zd_.js                                  0.41 kB │ gzip:     0.26 kB │ map:      1.33 kB
packages/web build: dist/assets/drum-t3sjWmZe.js                                     0.41 kB │ gzip:     0.26 kB │ map:      1.41 kB
packages/web build: dist/assets/file-lock-BAIezldr.js                                0.41 kB │ gzip:     0.29 kB │ map:      1.29 kB
packages/web build: dist/assets/hospital-vhT8wv7u.js                                 0.41 kB │ gzip:     0.25 kB │ map:      1.30 kB
packages/web build: dist/assets/image-play-Ctp9hf9u.js                               0.41 kB │ gzip:     0.28 kB │ map:      1.27 kB
packages/web build: dist/assets/popcorn-DVhDJdGa.js                                  0.41 kB │ gzip:     0.27 kB │ map:      1.26 kB
packages/web build: dist/assets/badge-plus-CiBzhxQO.js                               0.41 kB │ gzip:     0.26 kB │ map:      1.26 kB
packages/web build: dist/assets/building-2-R-nPOQQf.js                               0.41 kB │ gzip:     0.25 kB │ map:      1.31 kB
packages/web build: dist/assets/dice-6-Bktammwq.js                                   0.41 kB │ gzip:     0.25 kB │ map:      1.44 kB
packages/web build: dist/assets/message-circle-heart-D6H0EjHh.js                     0.41 kB │ gzip:     0.30 kB │ map:      1.20 kB
packages/web build: dist/assets/paintbrush-vertical-lzMx06oX.js                      0.41 kB │ gzip:     0.26 kB │ map:      1.29 kB
packages/web build: dist/assets/shuffle-CFg0rYYj.js                                  0.41 kB │ gzip:     0.26 kB │ map:      1.27 kB
packages/web build: dist/assets/train-front-CGQwxBRU.js                              0.41 kB │ gzip:     0.27 kB │ map:      1.34 kB
packages/web build: dist/assets/align-vertical-distribute-center-DUgWtQvq.js         0.41 kB │ gzip:     0.26 kB │ map:      1.56 kB
packages/web build: dist/assets/banknote-arrow-up-BqYBSYF-.js                        0.41 kB │ gzip:     0.27 kB │ map:      1.40 kB
packages/web build: dist/assets/cloud-sync-ilTomAkw.js                               0.41 kB │ gzip:     0.28 kB │ map:      1.29 kB
packages/web build: dist/assets/map-pin-search-DF2lMkQl.js                           0.41 kB │ gzip:     0.29 kB │ map:      1.32 kB
packages/web build: dist/assets/microscope-CvdeUfzi.js                               0.41 kB │ gzip:     0.26 kB │ map:      1.34 kB
packages/web build: dist/assets/banknote-arrow-down-CLcSrKne.js                      0.41 kB │ gzip:     0.27 kB │ map:      1.41 kB
packages/web build: dist/assets/calendar-search-D-LG0k3N.js                          0.41 kB │ gzip:     0.27 kB │ map:      1.39 kB
packages/web build: dist/assets/calendars-DrRaM7lt.js                                0.41 kB │ gzip:     0.27 kB │ map:      1.39 kB
packages/web build: dist/assets/file-key-CSfQt_ev.js                                 0.41 kB │ gzip:     0.29 kB │ map:      1.32 kB
packages/web build: dist/assets/heart-off-OPDPKGG6.js                                0.41 kB │ gzip:     0.30 kB │ map:      1.21 kB
packages/web build: dist/assets/landmark-CO7bSDa4.js                                 0.41 kB │ gzip:     0.26 kB │ map:      1.36 kB
packages/web build: dist/assets/view-Bsdfydn7.js                                     0.41 kB │ gzip:     0.27 kB │ map:      1.25 kB
packages/web build: dist/assets/align-horizontal-distribute-center-CIw-uVai.js       0.41 kB │ gzip:     0.27 kB │ map:      1.57 kB
packages/web build: dist/assets/badge-dollar-sign-BAimbwTN.js                        0.41 kB │ gzip:     0.26 kB │ map:      1.22 kB
packages/web build: dist/assets/badge-info-BfvfBOtZ.js                               0.41 kB │ gzip:     0.26 kB │ map:      1.27 kB
packages/web build: dist/assets/baggage-claim-DNvjrnPV.js                            0.41 kB │ gzip:     0.28 kB │ map:      1.40 kB
packages/web build: dist/assets/calendar-off-C1dGNeFt.js                             0.41 kB │ gzip:     0.27 kB │ map:      1.35 kB
packages/web build: dist/assets/pencil-off-DO0F5bus.js                               0.41 kB │ gzip:     0.29 kB │ map:      1.25 kB
packages/web build: dist/assets/thermometer-sun-CJRt5KNB.js                          0.41 kB │ gzip:     0.27 kB │ map:      1.37 kB
packages/web build: dist/assets/cannabis-CNKZ4atK.js                                 0.41 kB │ gzip:     0.28 kB │ map:      1.11 kB
packages/web build: dist/assets/expand-DxVBG05_.js                                   0.41 kB │ gzip:     0.25 kB │ map:      1.44 kB
packages/web build: dist/assets/octagon-minus-BzJIlDrr.js                            0.41 kB │ gzip:     0.26 kB │ map:      1.14 kB
packages/web build: dist/assets/pocket-knife-ybFHKNCE.js                             0.41 kB │ gzip:     0.27 kB │ map:      1.29 kB
packages/web build: dist/assets/projector-CcPKdub-.js                                0.41 kB │ gzip:     0.27 kB │ map:      1.39 kB
packages/web build: dist/assets/scan-search-BcwbK1J-.js                              0.41 kB │ gzip:     0.27 kB │ map:      1.38 kB
packages/web build: dist/assets/shield-user-BmfRtNs7.js                              0.41 kB │ gzip:     0.31 kB │ map:      1.22 kB
packages/web build: dist/assets/badge-alert-B95NlIWe.js                              0.41 kB │ gzip:     0.26 kB │ map:      1.27 kB
packages/web build: dist/assets/file-heart-W_y_k6HU.js                               0.41 kB │ gzip:     0.29 kB │ map:      1.22 kB
packages/web build: dist/assets/hard-drive-CX_w1qGJ.js                               0.41 kB │ gzip:     0.27 kB │ map:      1.25 kB
packages/web build: dist/assets/locate-off-ZzF9Ubtd.js                               0.41 kB │ gzip:     0.26 kB │ map:      1.40 kB
packages/web build: dist/assets/swatch-book-DjFXRd69.js                              0.41 kB │ gzip:     0.28 kB │ map:      1.25 kB
packages/web build: dist/assets/backpack-BED0Y23z.js                                 0.42 kB │ gzip:     0.25 kB │ map:      1.29 kB
packages/web build: dist/assets/bandage-DljxTDBw.js                                  0.42 kB │ gzip:     0.25 kB │ map:      1.45 kB
packages/web build: dist/assets/file-headphone-BRQBQkSf.js                           0.42 kB │ gzip:     0.28 kB │ map:      1.24 kB
packages/web build: dist/assets/motorbike-DrDRP6_H.js                                0.42 kB │ gzip:     0.28 kB │ map:      1.35 kB
packages/web build: dist/assets/shield-question-mark-ClNjFKdD.js                     0.42 kB │ gzip:     0.30 kB │ map:      1.24 kB
packages/web build: dist/assets/badge-percent-Bb9PdH0s.js                            0.42 kB │ gzip:     0.26 kB │ map:      1.26 kB
packages/web build: dist/assets/volume-2-BMidAUhl.js                                 0.42 kB │ gzip:     0.29 kB │ map:      1.18 kB
packages/web build: dist/assets/volume-x-CiarN01W.js                                 0.42 kB │ gzip:     0.29 kB │ map:      1.26 kB
packages/web build: dist/assets/calendar-fold-DI5DAG2K.js                            0.42 kB │ gzip:     0.27 kB │ map:      1.33 kB
packages/web build: dist/assets/cloud-sun-CPlR2hoH.js                                0.42 kB │ gzip:     0.28 kB │ map:      1.34 kB
packages/web build: dist/assets/hat-glasses-_fZbG7EG.js                              0.42 kB │ gzip:     0.28 kB │ map:      1.37 kB
packages/web build: dist/assets/mic-off-CuM9g2Ik.js                                  0.42 kB │ gzip:     0.27 kB │ map:      1.33 kB
packages/web build: dist/assets/sun-moon-rGHi8-WS.js                                 0.42 kB │ gzip:     0.29 kB │ map:      1.30 kB
packages/web build: dist/assets/badge-swiss-franc-B9-_bJgW.js                        0.42 kB │ gzip:     0.26 kB │ map:      1.29 kB
packages/web build: dist/assets/spline-pointer-Rg2Of6VU.js                           0.42 kB │ gzip:     0.30 kB │ map:      1.33 kB
packages/web build: dist/assets/worm-CN2nNdsT.js                                     0.42 kB │ gzip:     0.30 kB │ map:      1.16 kB
packages/web build: dist/assets/cloud-drizzle--aN-taOu.js                            0.42 kB │ gzip:     0.26 kB │ map:      1.42 kB
packages/web build: dist/assets/jsx-runtime-CyI9ICYU.js                              0.42 kB │ gzip:     0.29 kB │ map:      1.93 kB
packages/web build: dist/assets/fold-horizontal-DOW0fegM.js                          0.42 kB │ gzip:     0.25 kB │ map:      1.50 kB
packages/web build: dist/assets/hand-metal-BHNCk35-.js                               0.42 kB │ gzip:     0.28 kB │ map:      1.26 kB
packages/web build: dist/assets/square-centerline-dashed-horizontal-C-bxaz0_.js      0.42 kB │ gzip:     0.27 kB │ map:      1.48 kB
packages/web build: dist/assets/candy-cane-DPboj1H-.js                               0.42 kB │ gzip:     0.29 kB │ map:      1.32 kB
packages/web build: dist/assets/database-search-DQ1eU_RE.js                          0.42 kB │ gzip:     0.28 kB │ map:      1.45 kB
packages/web build: dist/assets/hammer-MK09xUjB.js                                   0.42 kB │ gzip:     0.30 kB │ map:      1.17 kB
packages/web build: dist/assets/mail-question-mark-BX_SlvMc.js                       0.42 kB │ gzip:     0.30 kB │ map:      1.30 kB
packages/web build: dist/assets/square-centerline-dashed-vertical-DID3PmCy.js        0.42 kB │ gzip:     0.26 kB │ map:      1.47 kB
packages/web build: dist/assets/unfold-horizontal-DF4Eh6tR.js                        0.42 kB │ gzip:     0.25 kB │ map:      1.51 kB
packages/web build: dist/assets/cloud-hail-BOChab-h.js                               0.42 kB │ gzip:     0.26 kB │ map:      1.41 kB
packages/web build: dist/assets/file-chart-column-BeoQXMqM.js                        0.42 kB │ gzip:     0.28 kB │ map:      1.35 kB
packages/web build: dist/assets/fold-vertical-C89_aBDV.js                            0.42 kB │ gzip:     0.25 kB │ map:      1.49 kB
packages/web build: dist/assets/baby-87Fw1PvH.js                                     0.42 kB │ gzip:     0.28 kB │ map:      1.23 kB
packages/web build: dist/assets/bell-electric-Cze7o25p.js                            0.42 kB │ gzip:     0.29 kB │ map:      1.48 kB
packages/web build: dist/assets/bell-ring-CzEwAwV8.js                                0.42 kB │ gzip:     0.30 kB │ map:      1.26 kB
packages/web build: dist/assets/scissors-line-dashed-DTVB2VnC.js                     0.42 kB │ gzip:     0.27 kB │ map:      1.52 kB
packages/web build: dist/assets/shield-ellipsis-BiUxKyfZ.js                          0.42 kB │ gzip:     0.29 kB │ map:      1.28 kB
packages/web build: dist/assets/sofa-P0FTWvGb.js                                     0.42 kB │ gzip:     0.26 kB │ map:      1.29 kB
packages/web build: dist/assets/test-tubes-D0TcsUgv.js                               0.42 kB │ gzip:     0.25 kB │ map:      1.35 kB
packages/web build: dist/assets/chess-bishop-BzX75J8w.js                             0.42 kB │ gzip:     0.29 kB │ map:      1.29 kB
packages/web build: dist/assets/circle-parking-off-B8BqMIF1.js                       0.42 kB │ gzip:     0.28 kB │ map:      1.39 kB
packages/web build: dist/assets/ruler-uGr3sXi7.js                                    0.42 kB │ gzip:     0.26 kB │ map:      1.30 kB
packages/web build: dist/assets/umbrella-off-DfDkyAcm.js                             0.42 kB │ gzip:     0.28 kB │ map:      1.32 kB
packages/web build: dist/assets/unfold-vertical-BUjocM2n.js                          0.42 kB │ gzip:     0.25 kB │ map:      1.50 kB
packages/web build: dist/assets/chart-no-axes-combined-D8_5kT9w.js                   0.43 kB │ gzip:     0.28 kB │ map:      1.43 kB
packages/web build: dist/assets/map-pinned-CRzkhf2O.js                               0.43 kB │ gzip:     0.31 kB │ map:      1.26 kB
packages/web build: dist/assets/text-cursor-input-WNufm8-L.js                        0.43 kB │ gzip:     0.26 kB │ map:      1.33 kB
packages/web build: dist/assets/car-front-NzOXHHsi.js                                0.43 kB │ gzip:     0.29 kB │ map:      1.42 kB
packages/web build: dist/assets/file-image-Cwgu2FZE.js                               0.43 kB │ gzip:     0.29 kB │ map:      1.29 kB
packages/web build: dist/assets/heart-crack-DfSSsiM3.js                              0.43 kB │ gzip:     0.31 kB │ map:      1.17 kB
packages/web build: dist/assets/piano-JmYA0dCK.js                                    0.43 kB │ gzip:     0.27 kB │ map:      1.36 kB
packages/web build: dist/assets/plane-takeoff-ORad0Q-9.js                            0.43 kB │ gzip:     0.30 kB │ map:      1.15 kB
packages/web build: dist/assets/shield-off-aJXB398_.js                               0.43 kB │ gzip:     0.30 kB │ map:      1.23 kB
packages/web build: dist/assets/waves-arrow-up-DfnzZfgs.js                           0.43 kB │ gzip:     0.25 kB │ map:      1.31 kB
packages/web build: dist/assets/cigarette-off-BkpqB0MQ.js                            0.43 kB │ gzip:     0.26 kB │ map:      1.37 kB
packages/web build: dist/assets/cloud-moon-rain-DVe6MaDj.js                          0.43 kB │ gzip:     0.30 kB │ map:      1.29 kB
packages/web build: dist/assets/magnet-DajnUaUv.js                                   0.43 kB │ gzip:     0.26 kB │ map:      1.18 kB
packages/web build: dist/assets/mail-search-sMUy9F9q.js                              0.43 kB │ gzip:     0.29 kB │ map:      1.33 kB
packages/web build: dist/assets/save-all-CWLQTuWD.js                                 0.43 kB │ gzip:     0.27 kB │ map:      1.25 kB
packages/web build: dist/assets/usb-jokPbKKB.js                                      0.43 kB │ gzip:     0.27 kB │ map:      1.44 kB
packages/web build: dist/assets/bell-check-CnMjz18X.js                               0.43 kB │ gzip:     0.30 kB │ map:      1.28 kB
packages/web build: dist/assets/brush-cleaning-DgPRltGz.js                           0.43 kB │ gzip:     0.28 kB │ map:      1.28 kB
packages/web build: dist/assets/cloud-snow-DHw3Xjh2.js                               0.43 kB │ gzip:     0.26 kB │ map:      1.41 kB
packages/web build: dist/assets/file-digit-D8fvm4eN.js                               0.43 kB │ gzip:     0.29 kB │ map:      1.38 kB
packages/web build: dist/assets/scan-text-ClU2abi_.js                                0.43 kB │ gzip:     0.26 kB │ map:      1.41 kB
packages/web build: dist/assets/locate-fixed-Dzgv-2Xl.js                             0.43 kB │ gzip:     0.25 kB │ map:      1.59 kB
packages/web build: dist/assets/logs-ETIAkl6b.js                                     0.43 kB │ gzip:     0.23 kB │ map:      1.51 kB
packages/web build: dist/assets/brick-wall-BDmSnEKV.js                               0.43 kB │ gzip:     0.26 kB │ map:      1.53 kB
packages/web build: dist/assets/haze-BWkxeuLQ.js                                     0.43 kB │ gzip:     0.26 kB │ map:      1.45 kB
packages/web build: dist/assets/printer-x-CbrJWlHq.js                                0.43 kB │ gzip:     0.27 kB │ map:      1.29 kB
packages/web build: dist/assets/map-pin-house-DK7paY5o.js                            0.43 kB │ gzip:     0.30 kB │ map:      1.34 kB
packages/web build: dist/assets/phone-missed-D5Y9Nv79.js                             0.43 kB │ gzip:     0.28 kB │ map:      1.21 kB
packages/web build: dist/assets/roller-coaster-BecEBaO_.js                           0.43 kB │ gzip:     0.27 kB │ map:      1.44 kB
packages/web build: dist/assets/aperture-D49TWeF5.js                                 0.43 kB │ gzip:     0.28 kB │ map:      1.45 kB
packages/web build: dist/assets/badge-question-mark-CMmsvsLB.js                      0.43 kB │ gzip:     0.28 kB │ map:      1.29 kB
packages/web build: dist/assets/dices-CSRGimMv.js                                    0.43 kB │ gzip:     0.28 kB │ map:      1.42 kB
packages/web build: dist/assets/kayak-Ds00ixND.js                                    0.43 kB │ gzip:     0.28 kB │ map:      1.25 kB
packages/web build: dist/assets/package-minus-7ykeDQEC.js                            0.43 kB │ gzip:     0.29 kB │ map:      1.35 kB
packages/web build: dist/assets/truck-NuZOggJi.js                                    0.43 kB │ gzip:     0.28 kB │ map:      1.36 kB
packages/web build: dist/assets/badge-indian-rupee-BYql_GUr.js                       0.43 kB │ gzip:     0.26 kB │ map:      1.31 kB
packages/web build: dist/assets/car-BswUZsxX.js                                      0.43 kB │ gzip:     0.31 kB │ map:      1.29 kB
packages/web build: dist/assets/cherry-Zx_X8VTd.js                                   0.43 kB │ gzip:     0.28 kB │ map:      1.22 kB
packages/web build: dist/assets/factory-3uvXe8-f.js                                  0.43 kB │ gzip:     0.27 kB │ map:      1.25 kB
packages/web build: dist/assets/file-chart-column-increasing-DkgGKrc5.js             0.43 kB │ gzip:     0.28 kB │ map:      1.42 kB
packages/web build: dist/assets/film-Di0JiQK5.js                                     0.43 kB │ gzip:     0.26 kB │ map:      1.51 kB
packages/web build: dist/assets/fire-extinguisher-BY-TirBU.js                        0.43 kB │ gzip:     0.28 kB │ map:      1.40 kB
packages/web build: dist/assets/phone-incoming-M0vDnVd6.js                           0.43 kB │ gzip:     0.29 kB │ map:      1.23 kB
packages/web build: dist/assets/scan-barcode-BshD4YC3.js                             0.43 kB │ gzip:     0.26 kB │ map:      1.44 kB
packages/web build: dist/assets/tower-control-_UHLq9-1.js                            0.43 kB │ gzip:     0.28 kB │ map:      1.45 kB
packages/web build: dist/assets/anvil-BDxcdNHP.js                                    0.43 kB │ gzip:     0.26 kB │ map:      1.31 kB
packages/web build: dist/assets/file-play-BspndadY.js                                0.43 kB │ gzip:     0.29 kB │ map:      1.23 kB
packages/web build: dist/assets/hamburger-BWLe7yYc.js                                0.43 kB │ gzip:     0.28 kB │ map:      1.27 kB
packages/web build: dist/assets/phone-outgoing-1MvhjAYZ.js                           0.43 kB │ gzip:     0.29 kB │ map:      1.23 kB
packages/web build: dist/assets/scan-heart-ik4-oMjh.js                               0.43 kB │ gzip:     0.28 kB │ map:      1.34 kB
packages/web build: dist/assets/squirrel-SymdzuM0.js                                 0.43 kB │ gzip:     0.29 kB │ map:      1.26 kB
packages/web build: dist/assets/piggy-bank-CnI3W71q.js                               0.44 kB │ gzip:     0.27 kB │ map:      1.21 kB
packages/web build: dist/assets/plane-landing-C8Z7Lz--.js                            0.44 kB │ gzip:     0.31 kB │ map:      1.16 kB
packages/web build: dist/assets/align-center-vertical-OmkQlvO-.js                    0.44 kB │ gzip:     0.27 kB │ map:      1.36 kB
packages/web build: dist/assets/phone-forwarded-jMSnjdVt.js                          0.44 kB │ gzip:     0.29 kB │ map:      1.24 kB
packages/web build: dist/assets/shopping-basket-BRt55lrb.js                          0.44 kB │ gzip:     0.27 kB │ map:      1.45 kB
packages/web build: dist/assets/toolbox-CoHjvbPn.js                                  0.44 kB │ gzip:     0.26 kB │ map:      1.32 kB
packages/web build: dist/assets/clipboard-list-BNRBIyr3.js                           0.44 kB │ gzip:     0.28 kB │ map:      1.49 kB
packages/web build: dist/assets/shelving-unit-D-9Wb_2P.js                            0.44 kB │ gzip:     0.26 kB │ map:      1.44 kB
packages/web build: dist/assets/sticker-BKJ8BMs_.js                                  0.44 kB │ gzip:     0.27 kB │ map:      1.32 kB
packages/web build: dist/assets/wifi-pen-DdgKbFqS.js                                 0.44 kB │ gzip:     0.30 kB │ map:      1.26 kB
packages/web build: dist/assets/zap-off-DWmWOQCt.js                                  0.44 kB │ gzip:     0.30 kB │ map:      1.26 kB
packages/web build: dist/assets/align-center-horizontal-3bhc-cU3.js                  0.44 kB │ gzip:     0.27 kB │ map:      1.37 kB
packages/web build: dist/assets/badge-pound-sterling-BQjcJukh.js                     0.44 kB │ gzip:     0.27 kB │ map:      1.32 kB
packages/web build: dist/assets/notebook-text-BtIFopu6.js                            0.44 kB │ gzip:     0.27 kB │ map:      1.56 kB
packages/web build: dist/assets/server-crash-pcbW9Wyr.js                             0.44 kB │ gzip:     0.26 kB │ map:      1.38 kB
packages/web build: dist/assets/cable-car-cl3WEsNd.js                                0.44 kB │ gzip:     0.28 kB │ map:      1.54 kB
packages/web build: dist/assets/calendar-range-CU6jQixM.js                           0.44 kB │ gzip:     0.27 kB │ map:      1.57 kB
packages/web build: dist/assets/carrot-BvskwcDM.js                                   0.44 kB │ gzip:     0.30 kB │ map:      1.20 kB
packages/web build: dist/assets/hand-coins-BOlx5Cxl.js                               0.44 kB │ gzip:     0.31 kB │ map:      1.39 kB
packages/web build: dist/assets/package-check-TbMJTcCn.js                            0.44 kB │ gzip:     0.29 kB │ map:      1.36 kB
packages/web build: dist/assets/flashlight-off-CKJNXlyI.js                           0.44 kB │ gzip:     0.29 kB │ map:      1.38 kB
packages/web build: dist/assets/spotlight-CqM1DDvS.js                                0.44 kB │ gzip:     0.29 kB │ map:      1.34 kB
packages/web build: dist/assets/tags-DR_CIsou.js                                     0.44 kB │ gzip:     0.30 kB │ map:      1.24 kB
packages/web build: dist/assets/transgender-Ch_qhXId.js                              0.44 kB │ gzip:     0.27 kB │ map:      1.53 kB
packages/web build: dist/assets/briefcase-conveyor-belt-CR1ViiCh.js                  0.44 kB │ gzip:     0.28 kB │ map:      1.55 kB
packages/web build: dist/assets/camera-off-DI09XWNc.js                               0.44 kB │ gzip:     0.30 kB │ map:      1.29 kB
packages/web build: dist/assets/headphone-off-BMJrBK4b.js                            0.44 kB │ gzip:     0.28 kB │ map:      1.36 kB
packages/web build: dist/assets/map-minus-Cfdsm6hv.js                                0.44 kB │ gzip:     0.29 kB │ map:      1.27 kB
packages/web build: dist/assets/chart-candlestick-8pzoOWBw.js                        0.44 kB │ gzip:     0.28 kB │ map:      1.58 kB
packages/web build: dist/assets/construction-Zxaa3JI-.js                             0.44 kB │ gzip:     0.28 kB │ map:      1.56 kB
packages/web build: dist/assets/biceps-flexed-CIILt-mm.js                            0.45 kB │ gzip:     0.32 kB │ map:      1.24 kB
packages/web build: dist/assets/boom-box-CrTvuFLZ.js                                 0.45 kB │ gzip:     0.28 kB │ map:      1.53 kB
packages/web build: dist/assets/castle-Y7AbnHuE.js                                   0.45 kB │ gzip:     0.27 kB │ map:      1.48 kB
packages/web build: dist/assets/clover-Dd9Xyz5f.js                                   0.45 kB │ gzip:     0.26 kB │ map:      1.20 kB
packages/web build: dist/assets/file-type-corner-H-uN4SBc.js                         0.45 kB │ gzip:     0.29 kB │ map:      1.37 kB
packages/web build: dist/assets/ruler-dimension-line-CtxGUFc6.js                     0.45 kB │ gzip:     0.27 kB │ map:      1.60 kB
packages/web build: dist/assets/sunrise-D1sacIYX.js                                  0.45 kB │ gzip:     0.27 kB │ map:      1.48 kB
packages/web build: dist/assets/sunset-BS_IvtmG.js                                   0.45 kB │ gzip:     0.27 kB │ map:      1.48 kB
packages/web build: dist/assets/calendar-heart-55_XNSTj.js                           0.45 kB │ gzip:     0.29 kB │ map:      1.38 kB
packages/web build: dist/assets/file-signal-BUsBi8pV.js                              0.45 kB │ gzip:     0.29 kB │ map:      1.35 kB
packages/web build: dist/assets/ham-C4quHA4N.js                                      0.45 kB │ gzip:     0.28 kB │ map:      1.28 kB
packages/web build: dist/assets/house-plug-DeP9spkh.js                               0.45 kB │ gzip:     0.27 kB │ map:      1.30 kB
packages/web build: dist/assets/layers-B35vFsLS.js                                   0.45 kB │ gzip:     0.26 kB │ map:      1.27 kB
packages/web build: dist/assets/scan-face-DA8CIbmd.js                                0.45 kB │ gzip:     0.27 kB │ map:      1.44 kB
packages/web build: dist/assets/bot-off-DidlmFEX.js                                  0.45 kB │ gzip:     0.27 kB │ map:      1.42 kB
packages/web build: dist/assets/chunk-FOC6F5B3-YfqQ7-Bq.js                           0.45 kB │ gzip:     0.31 kB │ map:      1.94 kB
packages/web build: dist/assets/octagon-x-BdHgHhPy.js                                0.45 kB │ gzip:     0.28 kB │ map:      1.21 kB
packages/web build: dist/assets/sliders-vertical-COYS8k4b.js                         0.45 kB │ gzip:     0.26 kB │ map:      1.59 kB
packages/web build: dist/assets/phone-call-BqQaP-pK.js                               0.45 kB │ gzip:     0.29 kB │ map:      1.22 kB
packages/web build: dist/assets/wine-off-BtEQVY6g.js                                 0.45 kB │ gzip:     0.31 kB │ map:      1.38 kB
packages/web build: dist/assets/alarm-smoke-Dj34QuNt.js                              0.45 kB │ gzip:     0.27 kB │ map:      1.34 kB
packages/web build: dist/assets/barrel-BTNXvv4L.js                                   0.45 kB │ gzip:     0.26 kB │ map:      1.33 kB
packages/web build: dist/assets/clock-fading-BqKeJe9e.js                             0.45 kB │ gzip:     0.28 kB │ map:      1.39 kB
packages/web build: dist/assets/file-sliders-Bsyh_hY1.js                             0.45 kB │ gzip:     0.28 kB │ map:      1.42 kB
packages/web build: dist/assets/folder-sync-BB8ES9nI.js                              0.45 kB │ gzip:     0.29 kB │ map:      1.35 kB
packages/web build: dist/assets/group-ByOXgzFn.js                                    0.45 kB │ gzip:     0.29 kB │ map:      1.47 kB
packages/web build: dist/assets/file-pen-D0KuAJmL.js                                 0.45 kB │ gzip:     0.30 kB │ map:      1.25 kB
packages/web build: dist/assets/file-type-31ma_MCY.js                                0.45 kB │ gzip:     0.29 kB │ map:      1.34 kB
packages/web build: dist/assets/octagon-pause-BCd5iIHY.js                            0.45 kB │ gzip:     0.27 kB │ map:      1.24 kB
packages/web build: dist/assets/clipboard-pen-CQsSudLb.js                            0.45 kB │ gzip:     0.31 kB │ map:      1.36 kB
packages/web build: dist/assets/megaphone-off-CBaEeEI8.js                            0.45 kB │ gzip:     0.30 kB │ map:      1.35 kB
packages/web build: dist/assets/chunk-2KRD3SAO-BP7XNl52.js                           0.45 kB │ gzip:     0.31 kB │ map:      1.93 kB
packages/web build: dist/assets/file-spreadsheet-DZJ5if2i.js                         0.45 kB │ gzip:     0.28 kB │ map:      1.44 kB
packages/web build: dist/assets/repeat-off-CYDRg2Pw.js                               0.45 kB │ gzip:     0.28 kB │ map:      1.45 kB
packages/web build: dist/assets/bean-off-uL5Sko-p.js                                 0.46 kB │ gzip:     0.32 kB │ map:      1.35 kB
packages/web build: dist/assets/octagon-alert-B9EYBbNU.js                            0.46 kB │ gzip:     0.27 kB │ map:      1.24 kB
packages/web build: dist/assets/van-BpJUmDP7.js                                      0.46 kB │ gzip:     0.30 kB │ map:      1.39 kB
packages/web build: dist/assets/chunk-67CJDMHE-BI9uDzgJ.js                           0.46 kB │ gzip:     0.31 kB │ map:      1.98 kB
packages/web build: dist/assets/chunk-KGLVRYIC-De_wlci_.js                           0.46 kB │ gzip:     0.31 kB │ map:      1.92 kB
packages/web build: dist/assets/badge-japanese-yen-B-DybBzu.js                       0.46 kB │ gzip:     0.27 kB │ map:      1.39 kB
packages/web build: dist/assets/file-archive-DNkkxkOE.js                             0.46 kB │ gzip:     0.30 kB │ map:      1.45 kB
packages/web build: dist/assets/wand-Dod09ypr.js                                     0.46 kB │ gzip:     0.26 kB │ map:      1.54 kB
packages/web build: dist/assets/shredder-sKh5dy1S.js                                 0.46 kB │ gzip:     0.28 kB │ map:      1.47 kB
packages/web build: dist/assets/atom-5tjOFZn4.js                                     0.46 kB │ gzip:     0.30 kB │ map:      1.26 kB
packages/web build: dist/assets/database-backup-LMLxgb13.js                          0.46 kB │ gzip:     0.31 kB │ map:      1.49 kB
packages/web build: dist/assets/milk-off-C7JdABFb.js                                 0.46 kB │ gzip:     0.31 kB │ map:      1.32 kB
packages/web build: dist/assets/replace-B35en8l1.js                                  0.46 kB │ gzip:     0.29 kB │ map:      1.50 kB
packages/web build: dist/assets/route-off-B-zqWiOv.js                                0.46 kB │ gzip:     0.30 kB │ map:      1.50 kB
packages/web build: dist/assets/chart-network-CBqqoKe4.js                            0.46 kB │ gzip:     0.29 kB │ map:      1.55 kB
packages/web build: dist/assets/chess-rook-DOBIEJcq.js                               0.46 kB │ gzip:     0.27 kB │ map:      1.46 kB
packages/web build: dist/assets/combine-DrrOEmPI.js                                  0.46 kB │ gzip:     0.27 kB │ map:      1.49 kB
packages/web build: dist/assets/medal-B1qabv2u.js                                    0.46 kB │ gzip:     0.30 kB │ map:      1.43 kB
packages/web build: dist/assets/church-DHqWBFzE.js                                   0.46 kB │ gzip:     0.30 kB │ map:      1.38 kB
packages/web build: dist/assets/traffic-cone-qzKwcv_0.js                             0.46 kB │ gzip:     0.31 kB │ map:      1.31 kB
packages/web build: dist/assets/ear-off-Cs3moNVN.js                                  0.47 kB │ gzip:     0.32 kB │ map:      1.36 kB
packages/web build: dist/assets/sandwich-NyGZ3PXs.js                                 0.47 kB │ gzip:     0.31 kB │ map:      1.38 kB
packages/web build: dist/assets/car-taxi-front-88xcC7Ke.js                           0.47 kB │ gzip:     0.31 kB │ map:      1.54 kB
packages/web build: dist/assets/leafy-green-DEb9tp5E.js                              0.47 kB │ gzip:     0.31 kB │ map:      1.18 kB
packages/web build: dist/assets/rabbit-CN6PqAEZ.js                                   0.47 kB │ gzip:     0.31 kB │ map:      1.35 kB
packages/web build: dist/assets/radio-off-tCQml8xW.js                                0.47 kB │ gzip:     0.30 kB │ map:      1.39 kB
packages/web build: dist/assets/rat-B7T0si9h.js                                      0.47 kB │ gzip:     0.30 kB │ map:      1.33 kB
packages/web build: dist/assets/fence-D-2BxYUh.js                                    0.47 kB │ gzip:     0.25 kB │ map:      1.43 kB
packages/web build: dist/assets/file-video-camera-Cd3ZMLVl.js                        0.47 kB │ gzip:     0.33 kB │ map:      1.43 kB
packages/web build: dist/assets/flower-2-BL5cm9GF.js                                 0.47 kB │ gzip:     0.30 kB │ map:      1.38 kB
packages/web build: dist/assets/pizza-CNT6T_K6.js                                    0.47 kB │ gzip:     0.30 kB │ map:      1.35 kB
packages/web build: dist/assets/squares-subtract-BtMBe7rL.js                         0.47 kB │ gzip:     0.27 kB │ map:      1.46 kB
packages/web build: dist/assets/chess-king-Bv62IYX_.js                               0.47 kB │ gzip:     0.32 kB │ map:      1.32 kB
packages/web build: dist/assets/notebook-tabs-DxfmdHy6.js                            0.47 kB │ gzip:     0.27 kB │ map:      1.65 kB
packages/web build: dist/assets/rose-D7YJu03S.js                                     0.47 kB │ gzip:     0.33 kB │ map:      1.38 kB
packages/web build: dist/assets/shrimp-wY2vWElV.js                                   0.47 kB │ gzip:     0.31 kB │ map:      1.35 kB
packages/web build: dist/assets/handshake-SrVAQuvP.js                                0.47 kB │ gzip:     0.30 kB │ map:      1.37 kB
packages/web build: dist/assets/package-plus-DjR9dBnV.js                             0.47 kB │ gzip:     0.30 kB │ map:      1.44 kB
packages/web build: dist/assets/container-2T9NRtrg.js                                0.47 kB │ gzip:     0.31 kB │ map:      1.37 kB
packages/web build: dist/assets/server-off-CtHNltMa.js                               0.47 kB │ gzip:     0.29 kB │ map:      1.40 kB
packages/web build: dist/assets/hand-grab-tSbZnk8z.js                                0.47 kB │ gzip:     0.26 kB │ map:      1.35 kB
packages/web build: dist/assets/phone-off-Du4APVIf.js                                0.47 kB │ gzip:     0.30 kB │ map:      1.27 kB
packages/web build: dist/assets/amphora-DZv4l-l-.js                                  0.48 kB │ gzip:     0.29 kB │ map:      1.41 kB
packages/web build: dist/assets/bus-front-BxHqxKyu.js                                0.48 kB │ gzip:     0.29 kB │ map:      1.63 kB
packages/web build: dist/assets/footprints--WJwD5nC.js                               0.48 kB │ gzip:     0.32 kB │ map:      1.34 kB
packages/web build: dist/assets/forklift-BqtLxnc0.js                                 0.48 kB │ gzip:     0.29 kB │ map:      1.54 kB
packages/web build: dist/assets/train-front-tunnel-Dv8ahYmB.js                       0.48 kB │ gzip:     0.29 kB │ map:      1.51 kB
packages/web build: dist/assets/keyboard-music-CaW2SIK6.js                           0.48 kB │ gzip:     0.28 kB │ map:      1.66 kB
packages/web build: dist/assets/shovel-U9A7AVCn.js                                   0.48 kB │ gzip:     0.31 kB │ map:      1.26 kB
packages/web build: dist/assets/package-x-BrzR2tNV.js                                0.48 kB │ gzip:     0.30 kB │ map:      1.44 kB
packages/web build: dist/assets/panel-top-bottom-dashed-D4dxOPgb.js                  0.48 kB │ gzip:     0.28 kB │ map:      1.70 kB
packages/web build: dist/assets/sticky-notes-DEtbyJeu.js                             0.48 kB │ gzip:     0.27 kB │ map:      1.36 kB
packages/web build: dist/assets/tickets-plane-Cj9ATLIb.js                            0.48 kB │ gzip:     0.31 kB │ map:      1.54 kB
packages/web build: dist/assets/volleyball-JsunCItL.js                               0.48 kB │ gzip:     0.30 kB │ map:      1.44 kB
packages/web build: dist/assets/bus-D7qHEq-V.js                                      0.48 kB │ gzip:     0.30 kB │ map:      1.52 kB
packages/web build: dist/assets/helicopter-xZUoORpq.js                               0.48 kB │ gzip:     0.28 kB │ map:      1.55 kB
packages/web build: dist/assets/map-plus-DyvotISz.js                                 0.48 kB │ gzip:     0.30 kB │ map:      1.36 kB
packages/web build: dist/assets/radio-tower-Cg97xoG_.js                              0.48 kB │ gzip:     0.31 kB │ map:      1.51 kB
packages/web build: dist/assets/key-square-CKsIwaCF.js                               0.48 kB │ gzip:     0.29 kB │ map:      1.28 kB
packages/web build: dist/assets/school-BhoEln9A.js                                   0.48 kB │ gzip:     0.31 kB │ map:      1.45 kB
packages/web build: dist/assets/square-scissors-Cfte9QoF.js                          0.48 kB │ gzip:     0.30 kB │ map:      1.67 kB
packages/web build: dist/assets/file-badge-MLGLchQz.js                               0.48 kB │ gzip:     0.33 kB │ map:      1.38 kB
packages/web build: dist/assets/panel-left-right-dashed-eYVIHOfe.js                  0.48 kB │ gzip:     0.28 kB │ map:      1.71 kB
packages/web build: dist/assets/heart-handshake-z1QpzQXz.js                          0.48 kB │ gzip:     0.31 kB │ map:      1.16 kB
packages/web build: dist/assets/cat-Bi3shyrl.js                                      0.49 kB │ gzip:     0.33 kB │ map:      1.29 kB
packages/web build: dist/assets/earth-lock-n-XPDq3o.js                               0.49 kB │ gzip:     0.31 kB │ map:      1.47 kB
packages/web build: dist/assets/origami-BIpSnZHr.js                                  0.49 kB │ gzip:     0.32 kB │ map:      1.28 kB
packages/web build: dist/assets/waves-arrow-down-B0f24SzV.js                         0.49 kB │ gzip:     0.31 kB │ map:      1.38 kB
packages/web build: dist/assets/pointer-Dkm7N3-w.js                                  0.49 kB │ gzip:     0.29 kB │ map:      1.37 kB
packages/web build: dist/assets/wifi-off-pXApY_8w.js                                 0.49 kB │ gzip:     0.29 kB │ map:      1.47 kB
packages/web build: dist/assets/scan-eye-aYuPLzrF.js                                 0.49 kB │ gzip:     0.30 kB │ map:      1.47 kB
packages/web build: dist/assets/chess-knight-Cm4ypBMf.js                             0.49 kB │ gzip:     0.32 kB │ map:      1.42 kB
packages/web build: dist/assets/circle-fading-plus-CT0zLlOY.js                       0.49 kB │ gzip:     0.29 kB │ map:      1.52 kB
packages/web build: dist/assets/file-braces-corner-BwYqKYmB.js                       0.49 kB │ gzip:     0.29 kB │ map:      1.40 kB
packages/web build: dist/assets/message-square-heart-DHZlES4H.js                     0.49 kB │ gzip:     0.33 kB │ map:      1.28 kB
packages/web build: dist/assets/tree-palm-Cu3ROtgV.js                                0.49 kB │ gzip:     0.34 kB │ map:      1.34 kB
packages/web build: dist/assets/file-scan-CzzB7QaD.js                                0.49 kB │ gzip:     0.29 kB │ map:      1.45 kB
packages/web build: dist/assets/beer-2pbGoRbW.js                                     0.49 kB │ gzip:     0.31 kB │ map:      1.36 kB
packages/web build: dist/assets/cloud-sun-rain-D9GI7iVq.js                           0.49 kB │ gzip:     0.30 kB │ map:      1.57 kB
packages/web build: dist/assets/file-chart-pie-xNyKXXts.js                           0.49 kB │ gzip:     0.32 kB │ map:      1.38 kB
packages/web build: dist/assets/sun-dim-7NDKmKdv.js                                  0.49 kB │ gzip:     0.26 kB │ map:      1.62 kB
packages/web build: dist/assets/tooltipContext-CXc3qTZm.js                           0.49 kB │ gzip:     0.27 kB │ map:      2.94 kB
packages/web build: dist/assets/chunk-CIAEETIT-141DLbST.js                           0.50 kB │ gzip:     0.35 kB │ map:      2.06 kB
packages/web build: dist/assets/ferris-wheel-dWqYLtWQ.js                             0.50 kB │ gzip:     0.30 kB │ map:      1.65 kB
packages/web build: dist/assets/file-braces-CgBjvATK.js                              0.50 kB │ gzip:     0.29 kB │ map:      1.37 kB
packages/web build: dist/assets/hand-platter-C_szFdxS.js                             0.50 kB │ gzip:     0.32 kB │ map:      1.47 kB
packages/web build: dist/assets/save-off-NYfEtFmh.js                                 0.50 kB │ gzip:     0.30 kB │ map:      1.49 kB
packages/web build: dist/assets/siren-C8NPYLS3.js                                    0.50 kB │ gzip:     0.29 kB │ map:      1.54 kB
packages/web build: dist/assets/soap-dispenser-droplet-CTW6ClWY.js                   0.50 kB │ gzip:     0.33 kB │ map:      1.43 kB
packages/web build: dist/assets/package-search-BefgSenj.js                           0.50 kB │ gzip:     0.32 kB │ map:      1.51 kB
packages/web build: dist/assets/star-DBvet3J0.js                                     0.50 kB │ gzip:     0.31 kB │ map:      1.12 kB
packages/web build: dist/assets/wifi-sync-CUfRzCts.js                                0.50 kB │ gzip:     0.30 kB │ map:      1.49 kB
packages/web build: dist/assets/circle-fading-arrow-up-C8zhiGoi.js                   0.50 kB │ gzip:     0.30 kB │ map:      1.55 kB
packages/web build: dist/assets/thermometer-snowflake-CeEqfS4H.js                    0.50 kB │ gzip:     0.32 kB │ map:      1.62 kB
packages/web build: dist/assets/map-pin-off-C4ZYkAaq.js                              0.50 kB │ gzip:     0.33 kB │ map:      1.40 kB
packages/web build: dist/assets/microchip-CH6uFzUK.js                                0.50 kB │ gzip:     0.27 kB │ map:      1.72 kB
packages/web build: dist/assets/notebook-pen-BLgfSju9.js                             0.50 kB │ gzip:     0.30 kB │ map:      1.47 kB
packages/web build: dist/assets/salad-mUbMjbhS.js                                    0.50 kB │ gzip:     0.30 kB │ map:      1.38 kB
packages/web build: dist/assets/square-dashed-top-solid-buiRIIAs.js                  0.50 kB │ gzip:     0.27 kB │ map:      1.68 kB
packages/web build: dist/assets/trophy-D08lT5iU.js                                   0.50 kB │ gzip:     0.29 kB │ map:      1.42 kB
packages/web build: dist/assets/volume-off-Be5gR-uA.js                               0.50 kB │ gzip:     0.32 kB │ map:      1.40 kB
packages/web build: dist/assets/lamp-desk-BNW-5VDt.js                                0.50 kB │ gzip:     0.31 kB │ map:      1.35 kB
packages/web build: dist/assets/image-upscale-DEqI8NR3.js                            0.50 kB │ gzip:     0.31 kB │ map:      1.63 kB
packages/web build: dist/assets/folder-tree-C97d-4h0.js                              0.51 kB │ gzip:     0.28 kB │ map:      1.38 kB
packages/web build: dist/assets/ship-BINTcn4J.js                                     0.51 kB │ gzip:     0.30 kB │ map:      1.41 kB
packages/web build: dist/assets/sparkles-CUtInAhL.js                                 0.51 kB │ gzip:     0.29 kB │ map:      1.37 kB
packages/web build: dist/assets/webhook-off-CmU0F2R9.js                              0.51 kB │ gzip:     0.32 kB │ map:      1.50 kB
packages/web build: dist/assets/circle-star-COYmzoz8.js                              0.51 kB │ gzip:     0.33 kB │ map:      1.25 kB
packages/web build: dist/assets/solar-panel-BRLXx_7f.js                              0.51 kB │ gzip:     0.32 kB │ map:      1.54 kB
packages/web build: dist/assets/sun-medium-BGNFLHGg.js                               0.51 kB │ gzip:     0.28 kB │ map:      1.65 kB
packages/web build: dist/assets/layers-plus-DPtYsOdn.js                              0.51 kB │ gzip:     0.30 kB │ map:      1.41 kB
packages/web build: dist/assets/blender-C3ejQW0N.js                                  0.51 kB │ gzip:     0.31 kB │ map:      1.46 kB
packages/web build: dist/assets/cake-DkxofUY9.js                                     0.51 kB │ gzip:     0.28 kB │ map:      1.60 kB
packages/web build: dist/assets/drill-BbsfbYso.js                                    0.51 kB │ gzip:     0.29 kB │ map:      1.46 kB
packages/web build: dist/assets/pointer-off-yYimrEF0.js                              0.52 kB │ gzip:     0.32 kB │ map:      1.50 kB
packages/web build: dist/assets/scan-qr-code-BEhx2tnG.js                             0.52 kB │ gzip:     0.31 kB │ map:      1.64 kB
packages/web build: dist/assets/calendar-sync-C101GqAH.js                            0.52 kB │ gzip:     0.30 kB │ map:      1.59 kB
packages/web build: dist/assets/cctv-BW5ojUfl.js                                     0.52 kB │ gzip:     0.32 kB │ map:      1.42 kB
packages/web build: dist/assets/square-star-CUbJR8D_.js                              0.52 kB │ gzip:     0.34 kB │ map:      1.29 kB
packages/web build: dist/assets/hand-heart-BWizOVF4.js                               0.52 kB │ gzip:     0.35 kB │ map:      1.39 kB
packages/web build: dist/assets/shower-head-DDAyhDk9.js                              0.52 kB │ gzip:     0.28 kB │ map:      1.70 kB
packages/web build: dist/assets/broccoli-DchOyXsb.js                                 0.53 kB │ gzip:     0.34 kB │ map:      1.39 kB
packages/web build: dist/assets/zodiac-aquarius-B1MWqYD3.js                          0.53 kB │ gzip:     0.26 kB │ map:      1.29 kB
packages/web build: dist/assets/chunk-EDXVE4YY-DdHVLuIE.js                           0.53 kB │ gzip:     0.38 kB │ map:      1.99 kB
packages/web build: dist/assets/chart-scatter-CnyuKIlF.js                            0.53 kB │ gzip:     0.27 kB │ map:      1.68 kB
packages/web build: dist/assets/radar-B_h8iEP8.js                                    0.53 kB │ gzip:     0.32 kB │ map:      1.59 kB
packages/web build: dist/assets/refresh-cw-off-_UefNb9D.js                           0.53 kB │ gzip:     0.32 kB │ map:      1.54 kB
packages/web build: dist/assets/grip-grJaohtK.js                                     0.53 kB │ gzip:     0.24 kB │ map:      1.86 kB
packages/web build: dist/assets/hotel-Bnmp0Pq4.js                                    0.53 kB │ gzip:     0.30 kB │ map:      1.74 kB
packages/web build: dist/assets/brick-wall-fire-DkoXPPg8.js                          0.53 kB │ gzip:     0.33 kB │ map:      1.59 kB
packages/web build: dist/assets/codeowners-Bey6vtp9.js                               0.54 kB │ gzip:     0.31 kB │ map:      1.06 kB
packages/web build: dist/assets/codeowners-ZCZjE2eh.js                               0.54 kB │ gzip:     0.31 kB │ map:      1.04 kB
packages/web build: dist/assets/dam-DjC3FiNS.js                                      0.54 kB │ gzip:     0.30 kB │ map:      1.52 kB
packages/web build: dist/assets/panda-BZoVLwf_.js                                    0.54 kB │ gzip:     0.33 kB │ map:      1.48 kB
packages/web build: dist/assets/file-volume-BghiFeD3.js                              0.54 kB │ gzip:     0.33 kB │ map:      1.42 kB
packages/web build: dist/assets/ambulance-1MjJZqVU.js                                0.54 kB │ gzip:     0.33 kB │ map:      1.62 kB
packages/web build: dist/assets/ship-wheel-B76uRCN1.js                               0.55 kB │ gzip:     0.31 kB │ map:      1.78 kB
packages/web build: dist/assets/star-off-ZnENI6Xl.js                                 0.55 kB │ gzip:     0.34 kB │ map:      1.34 kB
packages/web build: dist/assets/university-D-I3sUvu.js                               0.55 kB │ gzip:     0.32 kB │ map:      1.60 kB
packages/web build: dist/assets/tool-case-ByXnOrTZ.js                                0.55 kB │ gzip:     0.36 kB │ map:      1.44 kB
packages/web build: dist/assets/spray-can-BGbcWGzi.js                                0.55 kB │ gzip:     0.31 kB │ map:      1.76 kB
packages/web build: dist/assets/hand-fist-B49CCojj.js                                0.55 kB │ gzip:     0.34 kB │ map:      1.39 kB
packages/web build: dist/assets/keyboard-off-FcSkbVa9.js                             0.55 kB │ gzip:     0.31 kB │ map:      1.74 kB
packages/web build: dist/assets/soup-wd__fEoP.js                                     0.55 kB │ gzip:     0.30 kB │ map:      1.54 kB
packages/web build: dist/assets/theater-BM7pOK18.js                                  0.55 kB │ gzip:     0.29 kB │ map:      1.66 kB
packages/web build: dist/assets/unlink-BHmYFVy7.js                                   0.55 kB │ gzip:     0.32 kB │ map:      1.69 kB
packages/web build: dist/assets/truck-electric-DC_Xk8TA.js                           0.56 kB │ gzip:     0.33 kB │ map:      1.67 kB
packages/web build: dist/assets/user-star-TVMjRnxe.js                                0.56 kB │ gzip:     0.35 kB │ map:      1.35 kB
packages/web build: dist/assets/calculator-D-Jh_3I9.js                               0.56 kB │ gzip:     0.30 kB │ map:      1.87 kB
packages/web build: dist/assets/guitar-CZ03nWYD.js                                   0.56 kB │ gzip:     0.34 kB │ map:      1.41 kB
packages/web build: dist/assets/radiation-vLkao5oM.js                                0.56 kB │ gzip:     0.32 kB │ map:      1.45 kB
packages/web build: dist/assets/memory-stick-DChiA61P.js                             0.56 kB │ gzip:     0.29 kB │ map:      1.86 kB
packages/web build: dist/assets/bow-arrow-BFENBaT8.js                                0.56 kB │ gzip:     0.34 kB │ map:      1.47 kB
packages/web build: dist/assets/heater-BTkzIpBi.js                                   0.56 kB │ gzip:     0.29 kB │ map:      1.74 kB
packages/web build: dist/assets/file-box-DTQQYoRt.js                                 0.57 kB │ gzip:     0.34 kB │ map:      1.49 kB
packages/web build: dist/assets/paintbrush-D21aK5_r.js                               0.57 kB │ gzip:     0.35 kB │ map:      1.37 kB
packages/web build: dist/assets/tractor-wtFWUl1-.js                                  0.57 kB │ gzip:     0.33 kB │ map:      1.72 kB
packages/web build: dist/assets/flatten-D2Sx8tC1.js                                  0.57 kB │ gzip:     0.34 kB │ map:      5.96 kB
packages/web build: dist/assets/lasso-select-BLvypJxC.js                             0.57 kB │ gzip:     0.36 kB │ map:      1.51 kB
packages/web build: dist/assets/message-square-dashed-DMSKcksU.js                    0.57 kB │ gzip:     0.31 kB │ map:      1.80 kB
packages/web build: dist/assets/cctv-off-Z-hXSG64.js                                 0.57 kB │ gzip:     0.35 kB │ map:      1.55 kB
packages/web build: dist/assets/grape-DUexDl2a.js                                    0.57 kB │ gzip:     0.30 kB │ map:      1.88 kB
packages/web build: dist/assets/triangle-dashed-CMaegQdN.js                          0.57 kB │ gzip:     0.32 kB │ map:      1.72 kB
packages/web build: dist/assets/drone-B6ZDhZVm.js                                    0.58 kB │ gzip:     0.33 kB │ map:      1.72 kB
packages/web build: dist/assets/swords-ljGjRXwM.js                                   0.58 kB │ gzip:     0.30 kB │ map:      1.86 kB
packages/web build: dist/assets/globe-off-lcbFtx_n.js                                0.58 kB │ gzip:     0.32 kB │ map:      1.57 kB
packages/web build: dist/assets/paint-bucket-BkzqZAOd.js                             0.58 kB │ gzip:     0.35 kB │ map:      1.46 kB
packages/web build: dist/assets/layers-minus-BhbDh1Vn.js                             0.58 kB │ gzip:     0.32 kB │ map:      1.52 kB
packages/web build: dist/assets/drama-CEWTmSFW.js                                    0.58 kB │ gzip:     0.35 kB │ map:      1.65 kB
packages/web build: dist/assets/vector-square-D_Q9N-u6.js                            0.58 kB │ gzip:     0.28 kB │ map:      1.88 kB
packages/web build: dist/assets/binoculars-B1_2XsfG.js                               0.59 kB │ gzip:     0.31 kB │ map:      1.58 kB
packages/web build: dist/assets/dumbbell-Cgy1vPFA.js                                 0.59 kB │ gzip:     0.31 kB │ map:      1.51 kB
packages/web build: dist/assets/highlighted-body-OFNGDK62-DAp9REpX.js                0.59 kB │ gzip:     0.38 kB │ map:      1.24 kB
packages/web build: dist/assets/table-columns-split-DFPTiNc3.js                      0.59 kB │ gzip:     0.30 kB │ map:      1.87 kB
packages/web build: dist/assets/beef-off-Dtl3ZWvR.js                                 0.59 kB │ gzip:     0.37 kB │ map:      1.57 kB
packages/web build: dist/assets/building-CVszmIQ1.js                                 0.59 kB │ gzip:     0.30 kB │ map:      1.87 kB
packages/web build: dist/assets/table-rows-split-DIYO5Aip.js                         0.59 kB │ gzip:     0.30 kB │ map:      1.86 kB
packages/web build: dist/assets/replace-all-DmPCwWE-.js                              0.59 kB │ gzip:     0.31 kB │ map:      1.78 kB
packages/web build: dist/assets/chess-queen-C9JuGugE.js                              0.59 kB │ gzip:     0.34 kB │ map:      1.75 kB
packages/web build: dist/assets/square-dashed-DjfH5pU2.js                            0.59 kB │ gzip:     0.29 kB │ map:      1.91 kB
packages/web build: dist/assets/sun-snow-BtUNjpk0.js                                 0.59 kB │ gzip:     0.32 kB │ map:      1.83 kB
packages/web build: dist/assets/candy-CLFzMSMd.js                                    0.60 kB │ gzip:     0.32 kB │ map:      1.53 kB
packages/web build: dist/assets/puzzle-BnY_KBzv.js                                   0.60 kB │ gzip:     0.29 kB │ map:      1.22 kB
packages/web build: dist/assets/chunk-AA7GKIK3-bIPdNSO-.js                           0.60 kB │ gzip:     0.39 kB │ map:      2.39 kB
packages/web build: dist/assets/package-open-B7wgpVod.js                             0.61 kB │ gzip:     0.35 kB │ map:      1.52 kB
packages/web build: dist/assets/book-dashed-BBFlOQd3.js                              0.61 kB │ gzip:     0.31 kB │ map:      1.85 kB
packages/web build: dist/assets/recycle-1ERGoDZR.js                                  0.61 kB │ gzip:     0.36 kB │ map:      1.62 kB
packages/web build: dist/assets/ribbon-CE8hgMvH.js                                   0.61 kB │ gzip:     0.38 kB │ map:      1.51 kB
packages/web build: dist/assets/infoDiagram-42DDH7IO-C4gbnhbI.js                     0.61 kB │ gzip:     0.41 kB │ map:      1.99 kB
packages/web build: dist/assets/flower-DsJacJEQ.js                                   0.61 kB │ gzip:     0.32 kB │ map:      1.83 kB
packages/web build: dist/assets/pickaxe-BaTgo1KO.js                                  0.62 kB │ gzip:     0.36 kB │ map:      1.50 kB
packages/web build: dist/assets/croissant-BsTmMsgh.js                                0.62 kB │ gzip:     0.34 kB │ map:      1.52 kB
packages/web build: dist/assets/nut-Blg1MyQq.js                                      0.62 kB │ gzip:     0.41 kB │ map:      1.39 kB
packages/web build: dist/assets/dna-off-7bEXSVgB.js                                  0.62 kB │ gzip:     0.35 kB │ map:      1.79 kB
packages/web build: dist/assets/message-circle-dashed-DtmvIke5.js                    0.63 kB │ gzip:     0.34 kB │ map:      1.74 kB
packages/web build: dist/assets/satellite-CtcKWj8w.js                                0.63 kB │ gzip:     0.31 kB │ map:      1.60 kB
packages/web build: dist/assets/fingerprint-pattern-DcvhAsdT.js                      0.64 kB │ gzip:     0.37 kB │ map:      1.81 kB
packages/web build: dist/assets/fish-CLixLK-_.js                                     0.64 kB │ gzip:     0.40 kB │ map:      1.64 kB
packages/web build: dist/assets/telescope-CllOL1XT.js                                0.64 kB │ gzip:     0.39 kB │ map:      1.73 kB
packages/web build: dist/assets/square-dashed-mouse-pointer-00eYuMTy.js              0.64 kB │ gzip:     0.35 kB │ map:      1.94 kB
packages/web build: dist/assets/beer-off-D35sQkVt.js                                 0.65 kB │ gzip:     0.38 kB │ map:      1.74 kB
packages/web build: dist/assets/gamepad-2-CTrnQMRQ.js                                0.65 kB │ gzip:     0.40 kB │ map:      1.70 kB
packages/web build: dist/assets/squares-intersect-DB3o2iTT.js                        0.65 kB │ gzip:     0.31 kB │ map:      1.95 kB
packages/web build: dist/assets/chunk-ORNJ4GCN-CAEJTx5J.js                           0.65 kB │ gzip:     0.41 kB │ map:      2.62 kB
packages/web build: dist/assets/dna-BkhlDIK_.js                                      0.65 kB │ gzip:     0.35 kB │ map:      1.87 kB
packages/web build: dist/assets/snowflake-xjdz21ug.js                                0.65 kB │ gzip:     0.35 kB │ map:      1.97 kB
packages/web build: dist/assets/squircle-dashed-Bx9BFpiq.js                          0.66 kB │ gzip:     0.36 kB │ map:      1.75 kB
packages/web build: dist/assets/notepad-text-dashed-BmOjHt7m.js                      0.66 kB │ gzip:     0.32 kB │ map:      2.07 kB
packages/web build: dist/assets/bug-play-CRhnXnXk.js                                 0.66 kB │ gzip:     0.36 kB │ map:      1.81 kB
packages/web build: dist/assets/cannabis-off-CXsCOxTA.js                             0.66 kB │ gzip:     0.42 kB │ map:      1.70 kB
packages/web build: dist/assets/brick-wall-shield-pFdByerH.js                        0.67 kB │ gzip:     0.38 kB │ map:      1.78 kB
packages/web build: dist/assets/stateDiagram-v2-QKLJ7IA2-ChGI3k7s.js                 0.67 kB │ gzip:     0.40 kB │ map:      1.39 kB
packages/web build: dist/assets/circle-dot-dashed-COd8hJk2.js                        0.67 kB │ gzip:     0.34 kB │ map:      1.86 kB
packages/web build: dist/assets/user-cog-DuYFMcPw.js                                 0.67 kB │ gzip:     0.35 kB │ map:      1.97 kB
packages/web build: dist/assets/dog-CVpLAHKC.js                                      0.67 kB │ gzip:     0.42 kB │ map:      1.57 kB
packages/web build: dist/assets/cloud-cog-ClODJ0mv.js                                0.67 kB │ gzip:     0.36 kB │ map:      1.83 kB
packages/web build: dist/assets/qr-code-CqSgNG8A.js                                  0.68 kB │ gzip:     0.33 kB │ map:      2.13 kB
packages/web build: dist/assets/receipt-turkish-lira-DqEbAtl1.js                     0.68 kB │ gzip:     0.31 kB │ map:      1.50 kB
packages/web build: dist/assets/columns-3-cog-EVslc5uE.js                            0.68 kB │ gzip:     0.36 kB │ map:      2.03 kB
packages/web build: dist/assets/candy-off-CtcMTXAE.js                                0.68 kB │ gzip:     0.36 kB │ map:      1.75 kB
packages/web build: dist/assets/receipt-Bp-avCiC.js                                  0.68 kB │ gzip:     0.30 kB │ map:      1.44 kB
packages/web build: dist/assets/receipt-russian-ruble-Q164c2Fm.js                    0.68 kB │ gzip:     0.31 kB │ map:      1.51 kB
packages/web build: dist/assets/timeline-uDPFM2SI.js                                 0.68 kB │ gzip:     0.30 kB │ map:      1.82 kB
packages/web build: dist/assets/user-round-cog-DXmTXCnQ.js                           0.68 kB │ gzip:     0.36 kB │ map:      2.01 kB
packages/web build: dist/assets/fish-off-BcAVcGi6.js                                 0.69 kB │ gzip:     0.43 kB │ map:      1.51 kB
packages/web build: dist/assets/receipt-text-zoeznoYM.js                             0.69 kB │ gzip:     0.30 kB │ map:      1.53 kB
packages/web build: dist/assets/vault-52u0SH4V.js                                    0.69 kB │ gzip:     0.33 kB │ map:      2.10 kB
packages/web build: dist/assets/receipt-swiss-franc-ZQlXP8Hz.js                      0.70 kB │ gzip:     0.31 kB │ map:      1.58 kB
packages/web build: dist/assets/cog-rO3Xt4f3.js                                      0.70 kB │ gzip:     0.34 kB │ map:      2.16 kB
packages/web build: dist/assets/biohazard-r-1JZ76a.js                                0.71 kB │ gzip:     0.41 kB │ map:      1.92 kB
packages/web build: dist/assets/square-dashed-text-B-oYBxOx.js                       0.71 kB │ gzip:     0.32 kB │ map:      2.24 kB
packages/web build: dist/assets/shellsession-Bmgsc-mW.js                             0.71 kB │ gzip:     0.43 kB │ map:      1.28 kB
packages/web build: dist/assets/shellsession-CqGKJcxf.js                             0.71 kB │ gzip:     0.43 kB │ map:      1.30 kB
packages/web build: dist/assets/square-dashed-kanban-DfpTJDwv.js                     0.71 kB │ gzip:     0.33 kB │ map:      2.25 kB
packages/web build: dist/assets/folder-cog-BYqN0RNj.js                               0.71 kB │ gzip:     0.38 kB │ map:      1.96 kB
packages/web build: dist/assets/receipt-indian-rupee-DYV-lXYE.js                     0.71 kB │ gzip:     0.31 kB │ map:      1.60 kB
packages/web build: dist/assets/bug-off-CBihYvJs.js                                  0.71 kB │ gzip:     0.37 kB │ map:      2.01 kB
packages/web build: dist/assets/receipt-euro-DB5DGLRD.js                             0.71 kB │ gzip:     0.32 kB │ map:      1.51 kB
packages/web build: dist/assets/receipt-cent-BB3FcvZb.js                             0.71 kB │ gzip:     0.32 kB │ map:      1.51 kB
packages/web build: dist/assets/receipt-pound-sterling-B8aL4WBg.js                   0.71 kB │ gzip:     0.32 kB │ map:      1.61 kB
packages/web build: dist/assets/component-BCqdB8JK.js                                0.72 kB │ gzip:     0.28 kB │ map:      1.65 kB
packages/web build: dist/assets/tsv-CFFFmHoZ.js                                      0.73 kB │ gzip:     0.33 kB │ map:      1.33 kB
packages/web build: dist/assets/tsv-PohqCxAp.js                                      0.73 kB │ gzip:     0.33 kB │ map:      1.35 kB
packages/web build: dist/assets/nut-off-C56DQInc.js                                  0.73 kB │ gzip:     0.46 kB │ map:      1.69 kB
packages/web build: dist/assets/receipt-japanese-yen-DjW_wDaP.js                     0.74 kB │ gzip:     0.32 kB │ map:      1.68 kB
packages/web build: dist/assets/classDiagram-6PBFFD2Q-BzbenvgS.js                    0.74 kB │ gzip:     0.43 kB │ map:      1.44 kB
packages/web build: dist/assets/classDiagram-v2-HSJHXN6E-CrndKYYF.js                 0.74 kB │ gzip:     0.43 kB │ map:      1.45 kB
packages/web build: dist/assets/wifi-cog-CCczlmKr.js                                 0.75 kB │ gzip:     0.39 kB │ map:      2.08 kB
packages/web build: dist/assets/shield-cog-corner-BLs7IB8S.js                        0.75 kB │ gzip:     0.41 kB │ map:      2.03 kB
packages/web build: dist/assets/gamepad-directional-CZJB5uDo.js                      0.76 kB │ gzip:     0.36 kB │ map:      1.74 kB
packages/web build: dist/assets/party-popper-crXsHE98.js                             0.76 kB │ gzip:     0.43 kB │ map:      1.96 kB
packages/web build: dist/assets/shield-cog-DnTq_j9a.js                               0.77 kB │ gzip:     0.42 kB │ map:      2.02 kB
packages/web build: dist/assets/calendar-cog-DowLgBND.js                             0.77 kB │ gzip:     0.40 kB │ map:      2.19 kB
packages/web build: dist/assets/file-cog-B9ZwgJS9.js                                 0.78 kB │ gzip:     0.41 kB │ map:      2.15 kB
packages/web build: dist/assets/brain-circuit-w9f5hpEi.js                            0.83 kB │ gzip:     0.42 kB │ map:      2.36 kB
packages/web build: dist/assets/linearClosed-DXwLrl0W.js                             0.84 kB │ gzip:     0.31 kB │ map:      2.57 kB
packages/web build: dist/assets/html-derivative-C0peBfeS.js                          0.84 kB │ gzip:     0.45 kB │ map:      1.38 kB
packages/web build: dist/assets/html-derivative-lU0c9BIN.js                          0.84 kB │ gzip:     0.45 kB │ map:      1.39 kB
packages/web build: dist/assets/shim-Df4tzpua.js                                     0.84 kB │ gzip:     0.45 kB │ map:      3.56 kB
packages/web build: dist/assets/server-cog-CH9Yx8hT.js                               0.86 kB │ gzip:     0.40 kB │ map:      2.23 kB
packages/web build: dist/assets/boxes-BHM-L3aS.js                                    0.88 kB │ gzip:     0.42 kB │ map:      2.26 kB
packages/web build: dist/assets/chunk-7N4EOEYR-H4HLu4iY.js                           0.90 kB │ gzip:     0.49 kB │ map:      3.36 kB
packages/web build: dist/assets/square-bottom-dashed-scissors-BoFuePNT.js            0.91 kB │ gzip:     0.43 kB │ map:      2.82 kB
packages/web build: dist/assets/wheat-Bqn_qLuZ.js                                    0.91 kB │ gzip:     0.35 kB │ map:      2.13 kB
packages/web build: dist/assets/line-MblZFThc.js                                     0.94 kB │ gzip:     0.46 kB │ map:      3.38 kB
packages/web build: dist/assets/chunk-ZZ45TVLE-xsg3tcjg.js                           0.95 kB │ gzip:     0.58 kB │ map:      3.25 kB
packages/web build: dist/assets/wheat-off-pFmWtd1j.js                                0.96 kB │ gzip:     0.47 kB │ map:      2.34 kB
packages/web build: dist/assets/git-rebase-BuXqhwnM.js                               0.98 kB │ gzip:     0.44 kB │ map:      1.63 kB
packages/web build: dist/assets/git-rebase-CH_3botw.js                               0.98 kB │ gzip:     0.44 kB │ map:      1.65 kB
packages/web build: dist/assets/hop-off-DDPpj2J_.js                                  0.99 kB │ gzip:     0.54 kB │ map:      2.26 kB
packages/web build: dist/assets/qmldir-Brs48jLo.js                                   0.99 kB │ gzip:     0.44 kB │ map:      1.71 kB
packages/web build: dist/assets/qmldir-DdiAmP6z.js                                   0.99 kB │ gzip:     0.44 kB │ map:      1.69 kB
packages/web build: dist/assets/keyboardShortcuts-DYLCcqVS.js                        1.04 kB │ gzip:     0.51 kB │ map:      5.38 kB
packages/web build: dist/assets/brain-cog-yYrLW_NF.js                                1.04 kB │ gzip:     0.49 kB │ map:      2.64 kB
packages/web build: dist/assets/hop-DKLIErt8.js                                      1.05 kB │ gzip:     0.55 kB │ map:      2.30 kB
packages/web build: dist/assets/csv-CGQ6j3VE.js                                      1.13 kB │ gzip:     0.36 kB │ map:      1.95 kB
packages/web build: dist/assets/csv-CxTdfGBr.js                                      1.13 kB │ gzip:     0.36 kB │ map:      1.97 kB
packages/web build: dist/assets/isEmpty-RvljvTVH.js                                  1.16 kB │ gzip:     0.63 kB │ map:      7.86 kB
packages/web build: dist/assets/ordinal-CqnNayIr.js                                  1.18 kB │ gzip:     0.57 kB │ map:      4.65 kB
packages/web build: dist/assets/preload-helper-DeiOTZKJ.js                           1.19 kB │ gzip:     0.68 kB
packages/web build: dist/assets/git-commit-CiCrsUUl.js                               1.22 kB │ gzip:     0.52 kB │ map:      1.99 kB
packages/web build: dist/assets/git-commit-DzUh_uR8.js                               1.22 kB │ gzip:     0.52 kB │ map:      2.01 kB
packages/web build: dist/assets/pie-3me4a9Hp.js                                      1.25 kB │ gzip:     0.57 kB │ map:      4.61 kB
packages/web build: dist/assets/chunk-Bj-mKKzh.js                                    1.26 kB │ gzip:     0.69 kB
packages/web build: dist/assets/xsl-CJCa5vKb.js                                      1.36 kB │ gzip:     0.50 kB │ map:      2.14 kB
packages/web build: dist/assets/xsl-PbJl2QIE.js                                      1.36 kB │ gzip:     0.50 kB │ map:      2.16 kB
packages/web build: dist/assets/dotenv-Ck7czb0_.js                                   1.41 kB │ gzip:     0.52 kB │ map:      2.31 kB
packages/web build: dist/assets/dotenv-I62-4WXl.js                                   1.41 kB │ gzip:     0.52 kB │ map:      2.29 kB
packages/web build: dist/assets/chunk-LIHQZDEY-CV4QXEAW.js                           1.46 kB │ gzip:     0.78 kB │ map:      5.64 kB
packages/web build: dist/assets/sparql-BJw2Htgb.js                                   1.47 kB │ gzip:     0.81 kB │ map:      2.08 kB
packages/web build: dist/assets/sparql-CHpVWrSa.js                                   1.47 kB │ gzip:     0.81 kB │ map:      2.06 kB
packages/web build: dist/assets/ini-BN98idiN.js                                      1.51 kB │ gzip:     0.49 kB │ map:      2.44 kB
packages/web build: dist/assets/ini-Ii_9GxRz.js                                      1.51 kB │ gzip:     0.49 kB │ map:      2.43 kB
packages/web build: dist/assets/band-DjK9sdw5.js                                     1.53 kB │ gzip:     0.66 kB │ map:      5.42 kB
packages/web build: dist/assets/createLucideIcon-BFc1S57Y.js                         1.66 kB │ gzip:     0.86 kB │ map:      8.88 kB
packages/web build: dist/assets/fortran-fixed-form-BDQjSGS4.js                       1.66 kB │ gzip:     0.68 kB │ map:      2.67 kB
packages/web build: dist/assets/fortran-fixed-form-Dt7ZajBq.js                       1.66 kB │ gzip:     0.68 kB │ map:      2.69 kB
packages/web build: dist/assets/docker-CDUqYyYc.js                                   1.73 kB │ gzip:     0.59 kB │ map:      2.60 kB
packages/web build: dist/assets/docker-_VxwtYSQ.js                                   1.73 kB │ gzip:     0.59 kB │ map:      2.62 kB
packages/web build: dist/assets/hxml-Bu7OIRT7.js                                     1.74 kB │ gzip:     0.87 kB │ map:      2.43 kB
packages/web build: dist/assets/hxml-yJiwHm-L.js                                     1.74 kB │ gzip:     0.87 kB │ map:      2.45 kB
packages/web build: dist/assets/desktop-BNXY-j0q.js                                  1.82 kB │ gzip:     0.75 kB │ map:      2.71 kB
packages/web build: dist/assets/desktop-Dr7G5cP8.js                                  1.82 kB │ gzip:     0.75 kB │ map:      2.73 kB
packages/web build: dist/assets/chunk-X2U36JSP-RnHkTgs7.js                           1.83 kB │ gzip:     0.89 kB │ map:      6.04 kB
packages/web build: dist/assets/dist-Ctp6U4v-.js                                     1.86 kB │ gzip:     0.82 kB │ map:      5.74 kB
packages/web build: dist/assets/chunk-YZCP3GAM-CEFTsRGq.js                           1.92 kB │ gzip:     0.86 kB │ map:      6.41 kB
packages/web build: dist/assets/presentationElementModel-dpij3o3c.js                 1.96 kB │ gzip:     0.85 kB │ map:      9.36 kB
packages/web build: dist/assets/chunk-XBI2PYTU-D-8CTvW0.js                           2.00 kB │ gzip:     0.76 kB │ map:      3.94 kB
packages/web build: dist/assets/path-C57rCCYA.js                                     2.07 kB │ gzip:     0.91 kB │ map:      8.00 kB
packages/web build: dist/assets/chunk-BSJP7CBP-CmaqOEm3.js                           2.09 kB │ gzip:     0.81 kB │ map:     10.29 kB
packages/web build: dist/assets/erb-Cjn6JWoZ.js                                      2.13 kB │ gzip:     0.62 kB │ map:      3.27 kB
packages/web build: dist/assets/erb-Hq1uW82h.js                                      2.13 kB │ gzip:     0.62 kB │ map:      3.25 kB
packages/web build: dist/assets/wenyan-7wLMN9-o.js                                   2.15 kB │ gzip:     1.08 kB │ map:      3.16 kB
packages/web build: dist/assets/wenyan-Bkugb8kU.js                                   2.15 kB │ gzip:     1.08 kB │ map:      3.14 kB
packages/web build: dist/assets/usageStatsUiParts-C0_hIVoD.js                        2.20 kB │ gzip:     0.92 kB │ map:      6.61 kB
packages/web build: dist/assets/jssm-DDjRKXgY.js                                     2.23 kB │ gzip:     0.61 kB │ map:      3.35 kB
packages/web build: dist/assets/jssm-YjAxwi3J.js                                     2.23 kB │ gzip:     0.61 kB │ map:      3.36 kB
packages/web build: dist/assets/edge-CHLoPBro.js                                     2.30 kB │ gzip:     0.67 kB │ map:      3.53 kB
packages/web build: dist/assets/edge-CQp5dtYT.js                                     2.30 kB │ gzip:     0.67 kB │ map:      3.51 kB
packages/web build: dist/assets/reg-B8zWP6Vt.js                                      2.33 kB │ gzip:     0.69 kB │ map:      3.48 kB
packages/web build: dist/assets/reg-s419_uSQ.js                                      2.33 kB │ gzip:     0.69 kB │ map:      3.47 kB
packages/web build: dist/assets/diff-DqyESy-z.js                                     2.56 kB │ gzip:     0.68 kB │ map:      3.83 kB
packages/web build: dist/assets/diff-qf7hQ1Zh.js                                     2.56 kB │ gzip:     0.68 kB │ map:      3.82 kB
packages/web build: dist/assets/gleam-Bt6dluYA.js                                    2.57 kB │ gzip:     0.81 kB │ map:      3.96 kB
packages/web build: dist/assets/gleam-XHmqznpw.js                                    2.57 kB │ gzip:     0.81 kB │ map:      3.95 kB
packages/web build: dist/assets/hy-CfUiRL5K.js                                       2.64 kB │ gzip:     1.17 kB │ map:      3.65 kB
packages/web build: dist/assets/hy-me2X8r9x.js                                       2.64 kB │ gzip:     1.17 kB │ map:      3.66 kB
packages/web build: dist/assets/catmullRom-BxpRG9C9.js                               2.72 kB │ gzip:     0.79 kB │ map:      7.94 kB
packages/web build: dist/assets/diagram-5BDNPKRD-BmY5D_PO.js                         2.78 kB │ gzip:     1.35 kB │ map:      8.98 kB
packages/web build: dist/assets/openscad-BL-RTqRS.js                                 2.81 kB │ gzip:     1.00 kB │ map:      4.18 kB
packages/web build: dist/assets/openscad-BvqukNoz.js                                 2.81 kB │ gzip:     1.00 kB │ map:      4.20 kB
packages/web build: dist/assets/log-qQcsi3iZ.js                                      2.84 kB │ gzip:     0.89 kB │ map:      4.33 kB
packages/web build: dist/assets/log-vWA3Gqfa.js                                      2.84 kB │ gzip:     0.89 kB │ map:      4.31 kB
packages/web build: dist/assets/json-CHO0PyZK.js                                     2.87 kB │ gzip:     0.81 kB │ map:      4.27 kB
packages/web build: dist/assets/json-DYtKE6EB.js                                     2.87 kB │ gzip:     0.81 kB │ map:      4.29 kB
packages/web build: dist/assets/cairo-BZhH2bFb.js                                    2.93 kB │ gzip:     0.80 kB │ map:      4.49 kB
packages/web build: dist/assets/cairo-vTNan_Xc.js                                    2.93 kB │ gzip:     0.80 kB │ map:      4.51 kB
packages/web build: dist/assets/berry-Cj0gS1Ew.js                                    2.99 kB │ gzip:     0.80 kB │ map:      4.80 kB
packages/web build: dist/assets/berry-DjYuumsY.js                                    2.99 kB │ gzip:     0.80 kB │ map:      4.82 kB
packages/web build: dist/assets/jsonl-CFDvFpcb.js                                    3.00 kB │ gzip:     0.78 kB │ map:      4.48 kB
packages/web build: dist/assets/jsonl-Dtdm8Cw1.js                                    3.00 kB │ gzip:     0.78 kB │ map:      4.46 kB
packages/web build: dist/assets/jsonc-BjOGE8Th.js                                    3.10 kB │ gzip:     0.78 kB │ map:      4.58 kB
packages/web build: dist/assets/jsonc-CmxSavEW.js                                    3.10 kB │ gzip:     0.78 kB │ map:      4.56 kB
packages/web build: dist/assets/logo-BGsxGU-C.js                                     3.12 kB │ gzip:     1.46 kB │ map:      3.79 kB
packages/web build: dist/assets/logo-CVWBUKCV.js                                     3.12 kB │ gzip:     1.46 kB │ map:      3.77 kB
packages/web build: dist/assets/po-DGWetZlj.js                                       3.23 kB │ gzip:     0.90 kB │ map:      5.04 kB
packages/web build: dist/assets/po-sNAvnrGN.js                                       3.23 kB │ gzip:     0.90 kB │ map:      5.06 kB
packages/web build: dist/assets/json5-C_c2T4Wt.js                                    3.24 kB │ gzip:     0.82 kB │ map:      4.91 kB
packages/web build: dist/assets/json5-DZ8U2okC.js                                    3.24 kB │ gzip:     0.82 kB │ map:      4.93 kB
packages/web build: dist/assets/officeFilePreview-DhWQlHCJ.js                        3.24 kB │ gzip:     1.52 kB │ map:     14.50 kB
packages/web build: dist/assets/mipsasm-D6WRXvbG.js                                  3.25 kB │ gzip:     1.17 kB │ map:      4.65 kB
packages/web build: dist/assets/mipsasm-wKYVCkXT.js                                  3.25 kB │ gzip:     1.17 kB │ map:      4.63 kB
packages/web build: dist/assets/tasl-B4IQ30un.js                                     3.28 kB │ gzip:     0.84 kB │ map:      5.08 kB
packages/web build: dist/assets/tasl-hgMlDzQg.js                                     3.28 kB │ gzip:     0.84 kB │ map:      5.10 kB
packages/web build: dist/assets/genie-DWwTRFEi.js                                    3.34 kB │ gzip:     1.20 kB │ map:      4.84 kB
packages/web build: dist/assets/genie-DwN-g3Fv.js                                    3.34 kB │ gzip:     1.20 kB │ map:      4.82 kB
packages/web build: dist/assets/rel-BIMtqM97.js                                      3.36 kB │ gzip:     1.10 kB │ map:      4.83 kB
packages/web build: dist/assets/rel-BtBh2aSb.js                                      3.36 kB │ gzip:     1.10 kB │ map:      4.85 kB
packages/web build: dist/assets/vala-BS3YdEYI.js                                     3.36 kB │ gzip:     1.18 kB │ map:      4.85 kB
packages/web build: dist/assets/vala-J3CNH6ot.js                                     3.36 kB │ gzip:     1.18 kB │ map:      4.87 kB
packages/web build: dist/assets/symbol-BSg8uO3U.js                                   3.42 kB │ gzip:     1.29 kB │ map:     14.23 kB
packages/web build: dist/assets/splunk-CT-T8MMd.js                                   3.42 kB │ gzip:     1.51 kB │ map:      4.40 kB
packages/web build: dist/assets/splunk-DPqfw3-d.js                                   3.42 kB │ gzip:     1.51 kB │ map:      4.41 kB
packages/web build: dist/assets/CodingPlanUsageLineChart-hu1Wwqfl.js                 3.44 kB │ gzip:     1.56 kB │ map:     10.76 kB
packages/web build: dist/assets/arc-CLm9Cadt.js                                      3.47 kB │ gzip:     1.46 kB │ map:     15.14 kB
packages/web build: dist/assets/hurl-COflCK8L.js                                     3.51 kB │ gzip:     1.09 kB │ map:      5.39 kB
packages/web build: dist/assets/hurl-DAYH9zm3.js                                     3.51 kB │ gzip:     1.10 kB │ map:      5.37 kB
packages/web build: dist/assets/react-dom-CbuiB7QO.js                                3.56 kB │ gzip:     1.35 kB │ map:     12.07 kB
packages/web build: dist/assets/fluent-BhmyyifM.js                                   3.60 kB │ gzip:     0.89 kB │ map:      5.18 kB
packages/web build: dist/assets/fluent-uFSXXjcV.js                                   3.60 kB │ gzip:     0.89 kB │ map:      5.16 kB
packages/web build: dist/assets/ssh-config-BdtZUN5F.js                               3.61 kB │ gzip:     1.59 kB │ map:      4.46 kB
packages/web build: dist/assets/ssh-config-rXdMMYZV.js                               3.61 kB │ gzip:     1.59 kB │ map:      4.44 kB
packages/web build: dist/assets/jsonnet-D7MAgJyR.js                                  3.61 kB │ gzip:     1.03 kB │ map:      5.39 kB
packages/web build: dist/assets/jsonnet-Ldzyps0z.js                                  3.61 kB │ gzip:     1.03 kB │ map:      5.37 kB
packages/web build: dist/assets/kdl-BjMPhBY-.js                                      3.62 kB │ gzip:     1.03 kB │ map:      5.49 kB
packages/web build: dist/assets/kdl-NCydhIWY.js                                      3.62 kB │ gzip:     1.03 kB │ map:      5.47 kB
packages/web build: dist/assets/chunk-336JU56O-B_99VFfM.js                           3.62 kB │ gzip:     1.59 kB │ map:      6.11 kB
packages/web build: dist/assets/narrat-BRDOvDm3.js                                   3.66 kB │ gzip:     1.09 kB │ map:      5.38 kB
packages/web build: dist/assets/narrat-C2rCxNlB.js                                   3.66 kB │ gzip:     1.09 kB │ map:      5.40 kB
packages/web build: dist/assets/glsl-DlGPlSC5.js                                     3.68 kB │ gzip:     1.45 kB │ map:      4.33 kB
packages/web build: dist/assets/glsl-DoBpXe1X.js                                     3.68 kB │ gzip:     1.45 kB │ map:      4.35 kB
packages/web build: dist/assets/turtle-7dDa5MAu.js                                   3.69 kB │ gzip:     0.96 kB │ map:      5.45 kB
packages/web build: dist/assets/turtle-C-uUDJ9X.js                                   3.69 kB │ gzip:     0.96 kB │ map:      5.47 kB
packages/web build: dist/assets/zenscript-CBQpKHod.js                                3.90 kB │ gzip:     1.28 kB │ map:      5.71 kB
packages/web build: dist/assets/zenscript-CFgLPDjL.js                                3.90 kB │ gzip:     1.28 kB │ map:      5.73 kB
packages/web build: dist/assets/ron-Bn98Aiil.js                                      3.90 kB │ gzip:     0.97 kB │ map:      5.98 kB
packages/web build: dist/assets/ron-CiDVU1Vd.js                                      3.90 kB │ gzip:     0.97 kB │ map:      6.00 kB
packages/web build: dist/assets/gn-CUc8a_3e.js                                       3.99 kB │ gzip:     1.47 kB │ map:      5.23 kB
packages/web build: dist/assets/gn-DkBlOTHI.js                                       3.99 kB │ gzip:     1.47 kB │ map:      5.25 kB
packages/web build: dist/assets/pieDiagram-DEJITSTG-C_LkoC1K.js                      4.03 kB │ gzip:     1.81 kB │ map:     12.29 kB
packages/web build: dist/assets/pascal-D7D6ylei.js                                   4.14 kB │ gzip:     1.67 kB │ map:      5.51 kB
packages/web build: dist/assets/pascal-oKPbF58_.js                                   4.14 kB │ gzip:     1.67 kB │ map:      5.49 kB
packages/web build: dist/assets/diagram-TYMM5635-ldTa-ulN.js                         4.24 kB │ gzip:     1.83 kB │ map:     12.07 kB
packages/web build: dist/assets/http-DEjxAEAm.js                                     4.41 kB │ gzip:     1.06 kB │ map:      6.65 kB
packages/web build: dist/assets/http-zxOBrjNw.js                                     4.41 kB │ gzip:     1.06 kB │ map:      6.67 kB
packages/web build: dist/assets/tcl-BpOMKiwm.js                                      4.42 kB │ gzip:     1.50 kB │ map:      6.44 kB
packages/web build: dist/assets/tcl-CQxJTkqu.js                                      4.42 kB │ gzip:     1.50 kB │ map:      6.46 kB
packages/web build: dist/assets/nextflow-CYlT56kO.js                                 4.50 kB │ gzip:     1.16 kB │ map:      6.80 kB
packages/web build: dist/assets/nextflow-ueVWhnUu.js                                 4.50 kB │ gzip:     1.16 kB │ map:      6.78 kB
packages/web build: dist/assets/AppUsageDailyModelTrendChart-DQz10pgA.js             4.50 kB │ gzip:     1.93 kB │ map:     15.33 kB
packages/web build: dist/assets/rosmsg-C-Q4-kYl.js                                   4.51 kB │ gzip:     1.05 kB │ map:      6.73 kB
packages/web build: dist/assets/rosmsg-DL90HYRf.js                                   4.51 kB │ gzip:     1.05 kB │ map:      6.71 kB
packages/web build: dist/assets/mermaid-parser.core-D-9Tgogz.js                      4.53 kB │ gzip:     1.44 kB │ map:      9.89 kB
packages/web build: dist/assets/defaultLocale-CbYa-zZT.js                            4.64 kB │ gzip:     2.12 kB │ map:     20.64 kB
packages/web build: dist/assets/polar-CvgoyF9K.js                                    4.66 kB │ gzip:     1.12 kB │ map:      7.21 kB
packages/web build: dist/assets/polar-Dz0yRTN8.js                                    4.66 kB │ gzip:     1.12 kB │ map:      7.23 kB
packages/web build: dist/assets/sdbl--x5TcyVr.js                                     4.69 kB │ gzip:     2.00 kB │ map:      5.85 kB
packages/web build: dist/assets/sdbl-DZz42fJ2.js                                     4.69 kB │ gzip:     2.00 kB │ map:      5.87 kB
packages/web build: dist/assets/treemap-DOYfzZOz.js                                  4.74 kB │ gzip:     1.84 kB │ map:     20.77 kB
packages/web build: dist/assets/fennel-BUN5svGZ.js                                   4.76 kB │ gzip:     1.53 kB │ map:      6.40 kB
packages/web build: dist/assets/fennel-D0yG3O5p.js                                   4.76 kB │ gzip:     1.53 kB │ map:      6.38 kB
packages/web build: dist/assets/bibtex-Cp6YZX_G.js                                   4.78 kB │ gzip:     0.83 kB │ map:      7.00 kB
packages/web build: dist/assets/bibtex-DyCFOmqw.js                                   4.78 kB │ gzip:     0.83 kB │ map:      6.98 kB
packages/web build: dist/assets/llvm-F0GhKweZ.js                                     5.04 kB │ gzip:     2.01 kB │ map:      6.65 kB
packages/web build: dist/assets/llvm-JIKgwNrG.js                                     5.04 kB │ gzip:     2.01 kB │ map:      6.63 kB
packages/web build: dist/assets/wgsl-Bkw5s-A4.js                                     5.13 kB │ gzip:     1.38 kB │ map:      7.46 kB
packages/web build: dist/assets/wgsl-DewmgFy6.js                                     5.13 kB │ gzip:     1.38 kB │ map:      7.48 kB
packages/web build: dist/assets/gdresource-BcMHpkEG.js                               5.28 kB │ gzip:     1.33 kB │ map:      7.72 kB
packages/web build: dist/assets/gdresource-BtUNDQph.js                               5.28 kB │ gzip:     1.33 kB │ map:      7.70 kB
packages/web build: dist/assets/button-DFSHlcY4.js                                   5.30 kB │ gzip:     1.95 kB │ map:     16.28 kB
packages/web build: dist/assets/presentationPdfPrintExport-CoKqFI8F.js               5.32 kB │ gzip:     2.54 kB │ map:     20.14 kB
packages/web build: dist/assets/zig-BZv3mv4J.js                                      5.33 kB │ gzip:     1.55 kB │ map:      7.83 kB
packages/web build: dist/assets/zig-Bx_aMRO4.js                                      5.33 kB │ gzip:     1.55 kB │ map:      7.85 kB
packages/web build: dist/assets/qml-D1ad4wHx.js                                      5.33 kB │ gzip:     1.38 kB │ map:      8.09 kB
packages/web build: dist/assets/qml-fgZxib8e.js                                      5.33 kB │ gzip:     1.38 kB │ map:      8.11 kB
packages/web build: dist/assets/dax-BHAGI3kO.js                                      5.35 kB │ gzip:     2.21 kB │ map:      6.72 kB
packages/web build: dist/assets/dax-BX__yQjQ.js                                      5.35 kB │ gzip:     2.21 kB │ map:      6.74 kB
packages/web build: dist/assets/bicep-B3WSExBj.js                                    5.37 kB │ gzip:     1.14 kB │ map:      7.87 kB
packages/web build: dist/assets/bicep-CvoX7jNW.js                                    5.37 kB │ gzip:     1.14 kB │ map:      7.89 kB
packages/web build: dist/assets/xml-Coh7TmFO.js                                      5.43 kB │ gzip:     1.24 kB │ map:      7.80 kB
packages/web build: dist/assets/xml-DDHpbwRR.js                                      5.43 kB │ gzip:     1.24 kB │ map:      7.82 kB
packages/web build: dist/assets/awk-D3pORhPD.js                                      5.45 kB │ gzip:     1.37 kB │ map:      7.97 kB
packages/web build: dist/assets/awk-DVfBaP2o.js                                      5.45 kB │ gzip:     1.37 kB │ map:      7.95 kB
packages/web build: dist/assets/coq-CX_dTgxg.js                                      5.54 kB │ gzip:     1.91 kB │ map:      7.49 kB
packages/web build: dist/assets/coq-FNjk02ap.js                                      5.54 kB │ gzip:     1.91 kB │ map:      7.47 kB
packages/web build: dist/assets/parts-BJmlG5J-.js                                    5.56 kB │ gzip:     2.14 kB │ map:     34.01 kB
packages/web build: dist/assets/jinja-BM36rV6S.js                                    5.62 kB │ gzip:     1.36 kB │ map:      8.42 kB
packages/web build: dist/assets/jinja-DTEd7V77.js                                    5.62 kB │ gzip:     1.36 kB │ map:      8.46 kB
packages/web build: dist/assets/linear-Ce6v63zn.js                                   5.75 kB │ gzip:     2.37 kB │ map:     25.01 kB
packages/web build: dist/assets/diagram-MMDJMWI5-N5bFgF0f.js                         5.77 kB │ gzip:     2.39 kB │ map:     18.16 kB
packages/web build: dist/assets/lean-Buy_fS9I.js                                     5.77 kB │ gzip:     1.91 kB │ map:      7.83 kB
packages/web build: dist/assets/lean-Dl7Beg4B.js                                     5.77 kB │ gzip:     1.91 kB │ map:      7.85 kB
packages/web build: dist/assets/moonbit-08m7Pun1.js                                  5.89 kB │ gzip:     1.67 kB │ map:      8.64 kB
packages/web build: dist/assets/moonbit-D8XdSta5.js                                  5.89 kB │ gzip:     1.67 kB │ map:      8.62 kB
packages/web build: dist/assets/powerquery-CLMnGGDa.js                               5.89 kB │ gzip:     1.51 kB │ map:      8.47 kB
packages/web build: dist/assets/powerquery-CcZotqZS.js                               5.89 kB │ gzip:     1.51 kB │ map:      8.49 kB
packages/web build: dist/assets/shaderlab-BGFsd9Gv.js                                5.91 kB │ gzip:     2.08 kB │ map:      7.65 kB
packages/web build: dist/assets/shaderlab-E6BVHlly.js                                5.91 kB │ gzip:     2.08 kB │ map:      7.67 kB
packages/web build: dist/assets/verilog-0H68RX-z.js                                  5.92 kB │ gzip:     1.89 kB │ map:      7.98 kB
packages/web build: dist/assets/verilog-DlBmGNNs.js                                  5.92 kB │ gzip:     1.89 kB │ map:      8.00 kB
packages/web build: dist/assets/CodingPlanUsageBarChart-Cq2bvI7Z.js                  5.93 kB │ gzip:     2.26 kB │ map:     20.08 kB
packages/web build: dist/assets/cypher-DGBBq-mf.js                                   5.94 kB │ gzip:     1.71 kB │ map:      8.41 kB
packages/web build: dist/assets/cypher-DyRdxGv3.js                                   5.94 kB │ gzip:     1.71 kB │ map:      8.39 kB
packages/web build: dist/assets/vb-B3ckMAQb.js                                       6.08 kB │ gzip:     2.33 kB │ map:      8.02 kB
packages/web build: dist/assets/vb-N4YXR0AU.js                                       6.08 kB │ gzip:     2.33 kB │ map:      8.00 kB
packages/web build: dist/assets/red-BaQ89viM.js                                      6.25 kB │ gzip:     1.59 kB │ map:      8.84 kB
packages/web build: dist/assets/red-C4Ocie1W.js                                      6.25 kB │ gzip:     1.59 kB │ map:      8.86 kB
packages/web build: dist/assets/min-dark-BY3H17MG.js                                 6.28 kB │ gzip:     1.70 kB │ map:      8.58 kB
packages/web build: dist/assets/min-dark-NcheckHM.js                                 6.28 kB │ gzip:     1.70 kB │ map:      8.60 kB
packages/web build: dist/assets/gdshader--9cNzsC5.js                                 6.31 kB │ gzip:     1.72 kB │ map:      9.14 kB
packages/web build: dist/assets/gdshader-CehwydLa.js                                 6.31 kB │ gzip:     1.72 kB │ map:      9.16 kB
packages/web build: dist/assets/prisma-BsDgVbmN.js                                   6.32 kB │ gzip:     1.38 kB │ map:      9.23 kB
packages/web build: dist/assets/prisma-CTkZEpcP.js                                   6.32 kB │ gzip:     1.38 kB │ map:      9.25 kB
packages/web build: dist/assets/ara-Cjpg_00w.js                                      6.35 kB │ gzip:     1.80 kB │ map:      9.23 kB
packages/web build: dist/assets/ara-v6C7y0tQ.js                                      6.35 kB │ gzip:     1.80 kB │ map:      9.21 kB
packages/web build: dist/assets/clojure-BC5Vltdx.js                                  6.40 kB │ gzip:     1.41 kB │ map:      9.26 kB
packages/web build: dist/assets/clojure-Dk7ba51_.js                                  6.40 kB │ gzip:     1.41 kB │ map:      9.24 kB
packages/web build: dist/assets/postcss-DJ6ZOtDw.js                                  6.41 kB │ gzip:     1.90 kB │ map:      9.08 kB
packages/web build: dist/assets/postcss-D_BROUIu.js                                  6.41 kB │ gzip:     1.90 kB │ map:      9.07 kB
packages/web build: dist/assets/toml-CPl7qcrw.js                                     6.41 kB │ gzip:     1.28 kB │ map:      9.43 kB
packages/web build: dist/assets/toml-VWkKHlJb.js                                     6.41 kB │ gzip:     1.28 kB │ map:      9.45 kB
packages/web build: dist/assets/solarized-light-B62CopFf.js                          6.47 kB │ gzip:     1.71 kB │ map:      9.21 kB
packages/web build: dist/assets/solarized-light-CHSSlffP.js                          6.47 kB │ gzip:     1.71 kB │ map:      9.19 kB
packages/web build: dist/assets/proto-H1Z4cd01.js                                    6.54 kB │ gzip:     1.41 kB │ map:      9.86 kB
packages/web build: dist/assets/proto-uwqKJhhi.js                                    6.54 kB │ gzip:     1.41 kB │ map:      9.88 kB
packages/web build: dist/assets/smalltalk-D0lYMyKN.js                                6.58 kB │ gzip:     1.61 kB │ map:      9.20 kB
packages/web build: dist/assets/smalltalk-aaqgONRj.js                                6.58 kB │ gzip:     1.61 kB │ map:      9.22 kB
packages/web build: dist/assets/r-ByA9PVd5.js                                        6.59 kB │ gzip:     1.83 kB │ map:     10.11 kB
packages/web build: dist/assets/r-DPuGLOgg.js                                        6.59 kB │ gzip:     1.83 kB │ map:     10.09 kB
packages/web build: dist/assets/talonscript-BoPIjk-v.js                              6.75 kB │ gzip:     1.48 kB │ map:     10.05 kB
packages/web build: dist/assets/talonscript-VyUK24Lj.js                              6.75 kB │ gzip:     1.48 kB │ map:     10.03 kB
packages/web build: dist/assets/solarized-dark-BhkMHjgz.js                           6.84 kB │ gzip:     1.78 kB │ map:      9.67 kB
packages/web build: dist/assets/solarized-dark-gnXRsnko.js                           6.84 kB │ gzip:     1.78 kB │ map:      9.65 kB
packages/web build: dist/assets/riscv-6KTEPB0w.js                                    6.90 kB │ gzip:     1.97 kB │ map:      9.57 kB
packages/web build: dist/assets/riscv-Cuh8WOj9.js                                    6.90 kB │ gzip:     1.97 kB │ map:      9.55 kB
packages/web build: dist/assets/soy-CBgaf_2W.js                                      6.92 kB │ gzip:     1.62 kB │ map:     10.67 kB
packages/web build: dist/assets/soy-CSJNme95.js                                      6.92 kB │ gzip:     1.62 kB │ map:     10.69 kB
packages/web build: dist/assets/min-light-BiU3KH7-.js                                6.96 kB │ gzip:     1.88 kB │ map:      9.50 kB
packages/web build: dist/assets/min-light-D-A9mCHk.js                                6.96 kB │ gzip:     1.88 kB │ map:      9.52 kB
packages/web build: dist/assets/step-6rihHoIy.js                                     6.99 kB │ gzip:     1.63 kB │ map:     21.91 kB
packages/web build: dist/assets/scheme-CL-9_4vL.js                                   7.16 kB │ gzip:     2.04 kB │ map:      9.75 kB
packages/web build: dist/assets/scheme-DUmdIu7y.js                                   7.16 kB │ gzip:     2.04 kB │ map:      9.77 kB
packages/web build: dist/assets/hlsl-CF8CqtQc.js                                     7.25 kB │ gzip:     2.18 kB │ map:      9.22 kB
packages/web build: dist/assets/hlsl-DYEPO65V.js                                     7.25 kB │ gzip:     2.18 kB │ map:      9.20 kB
packages/web build: dist/assets/qss-CkbyCd5y.js                                      7.46 kB │ gzip:     2.57 kB │ map:      9.38 kB
packages/web build: dist/assets/qss-DX0hyVMl.js                                      7.46 kB │ gzip:     2.57 kB │ map:      9.36 kB
packages/web build: dist/assets/identity-B-C7fY9s.js                                 7.51 kB │ gzip:     2.82 kB │ map:     55.53 kB
packages/web build: dist/assets/react-DJIj0nWL.js                                    7.52 kB │ gzip:     2.87 kB │ map:     26.76 kB
packages/web build: dist/assets/dart-C7pOTnwE.js                                     7.80 kB │ gzip:     1.91 kB │ map:     11.50 kB
packages/web build: dist/assets/systemd-CZ9v_q7P.js                                  7.86 kB │ gzip:     2.54 kB │ map:     10.59 kB
packages/web build: dist/assets/systemd-zdMOL5PX.js                                  7.86 kB │ gzip:     2.54 kB │ map:     10.61 kB
packages/web build: dist/assets/monokai-BFU8OGo3.js                                  7.88 kB │ gzip:     1.90 kB │ map:     11.06 kB
packages/web build: dist/assets/monokai-JwWoFmDX.js                                  7.88 kB │ gzip:     1.90 kB │ map:     11.08 kB
packages/web build: dist/assets/regexp-8_F8Kd-R.js                                   8.04 kB │ gzip:     1.46 kB │ map:     11.14 kB
packages/web build: dist/assets/regexp-DKUMeLtc.js                                   8.04 kB │ gzip:     1.46 kB │ map:     11.16 kB
packages/web build: dist/assets/haml-BxEdILzL.js                                     8.32 kB │ gzip:     1.84 kB │ map:     12.34 kB
packages/web build: dist/assets/haml-CKDyT_fF.js                                     8.32 kB │ gzip:     1.84 kB │ map:     12.32 kB
packages/web build: dist/assets/typst-Bi_lmwUZ.js                                    8.38 kB │ gzip:     1.66 kB │ map:     12.26 kB
packages/web build: dist/assets/typst-BjVt5-7W.js                                    8.38 kB │ gzip:     1.66 kB │ map:     12.28 kB
packages/web build: dist/assets/string-T-0ZdHAo.js                                   8.40 kB │ gzip:     3.60 kB │ map:     27.74 kB
packages/web build: dist/assets/vue-html-CxHgwqrC.js                                 8.47 kB │ gzip:     1.68 kB │ map:     11.96 kB
packages/web build: dist/assets/vue-html-n1WtpLRo.js                                 8.47 kB │ gzip:     1.68 kB │ map:     11.94 kB
packages/web build: dist/assets/plsql-CwPAyhIp.js                                    8.50 kB │ gzip:     2.99 kB │ map:     10.85 kB
packages/web build: dist/assets/plsql-DU54UXJD.js                                    8.50 kB │ gzip:     2.99 kB │ map:     10.87 kB
packages/web build: dist/assets/reduce-BZC3hovI.js                                   8.59 kB │ gzip:     3.57 kB │ map:     75.21 kB
packages/web build: dist/assets/dart-CPzvq8Ii.js                                     8.61 kB │ gzip:     1.99 kB │ map:     12.61 kB
packages/web build: dist/assets/horizon-e1cNIuoY.js                                  8.77 kB │ gzip:     1.94 kB │ map:     12.06 kB
packages/web build: dist/assets/horizon-jXUPSwlH.js                                  8.77 kB │ gzip:     1.94 kB │ map:     12.04 kB
packages/web build: dist/assets/kotlin-B91BCdma.js                                   8.77 kB │ gzip:     2.12 kB │ map:     12.76 kB
packages/web build: dist/assets/kotlin-Deo_GcVq.js                                   8.77 kB │ gzip:     2.12 kB │ map:     12.74 kB
packages/web build: dist/assets/horizon-bright-BPd8vy61.js                           8.78 kB │ gzip:     1.96 kB │ map:     12.10 kB
packages/web build: dist/assets/horizon-bright-Da7EzgpX.js                           8.78 kB │ gzip:     1.96 kB │ map:     12.08 kB
packages/web build: dist/assets/ts-tags-D55Yl7Ma.js                                  8.92 kB │ gzip:     1.20 kB │ map:     14.46 kB
packages/web build: dist/assets/make-BZaUK4RF.js                                     8.95 kB │ gzip:     1.76 kB │ map:     12.84 kB
packages/web build: dist/assets/make-CZ_KGZuw.js                                     8.95 kB │ gzip:     1.76 kB │ map:     12.82 kB
packages/web build: dist/assets/andromeeda-ByeXlNKg.js                               9.01 kB │ gzip:     2.35 kB │ map:     11.94 kB
packages/web build: dist/assets/andromeeda-LAnqjosF.js                               9.01 kB │ gzip:     2.35 kB │ map:     11.92 kB
packages/web build: dist/assets/sas-6sfRFn8p.js                                      9.06 kB │ gzip:     3.82 kB │ map:     11.09 kB
packages/web build: dist/assets/sas-B1XiGmbl.js                                      9.06 kB │ gzip:     3.82 kB │ map:     11.07 kB
packages/web build: dist/assets/dark-plus-8_ivUC1m.js                                9.09 kB │ gzip:     2.10 kB │ map:     12.39 kB
packages/web build: dist/assets/dark-plus-C99spTa5.js                                9.09 kB │ gzip:     2.10 kB │ map:     12.40 kB
packages/web build: dist/assets/slack-dark-C6vyA6yo.js                               9.11 kB │ gzip:     1.96 kB │ map:     12.48 kB
packages/web build: dist/assets/slack-dark-C9r1UrWn.js                               9.11 kB │ gzip:     1.96 kB │ map:     12.50 kB
packages/web build: dist/assets/chunk-YE7GQOST-CDUYSsiX.js                           9.27 kB │ gzip:     2.57 kB │ map:     28.56 kB
packages/web build: dist/assets/sass-DNjT2-P2.js                                     9.28 kB │ gzip:     2.48 kB │ map:     13.37 kB
packages/web build: dist/assets/sass-Dk0R4jUn.js                                     9.28 kB │ gzip:     2.48 kB │ map:     13.39 kB
packages/web build: dist/assets/plastic-BOQn7wFJ.js                                  9.29 kB │ gzip:     1.96 kB │ map:     12.47 kB
packages/web build: dist/assets/plastic-DEKzoCek.js                                  9.29 kB │ gzip:     1.96 kB │ map:     12.45 kB
packages/web build: dist/assets/chunk-WKBPLHUA-BBpJ0gz7.js                           9.31 kB │ gzip:     3.55 kB │ map:     31.13 kB
packages/web build: dist/assets/graphlib-Cnt1qETh.js                                 9.36 kB │ gzip:     3.18 kB │ map:     66.78 kB
packages/web build: dist/assets/slack-ochin-BbgI8NOB.js                              9.42 kB │ gzip:     2.08 kB │ map:     13.07 kB
packages/web build: dist/assets/slack-ochin-CLjwV4OV.js                              9.42 kB │ gzip:     2.08 kB │ map:     13.09 kB
packages/web build: dist/assets/tex-CMNNB1Tf.js                                      9.67 kB │ gzip:     3.06 kB │ map:     12.38 kB
packages/web build: dist/assets/tex-QopU0tuK.js                                      9.67 kB │ gzip:     3.06 kB │ map:     12.40 kB
packages/web build: dist/assets/jison-C5Xd7ySR.js                                    9.69 kB │ gzip:     1.86 kB │ map:     14.06 kB
packages/web build: dist/assets/jison-DBU2usZf.js                                    9.69 kB │ gzip:     1.86 kB │ map:     14.08 kB
packages/web build: dist/assets/cmake-B27MmQHQ.js                                    9.84 kB │ gzip:     3.37 kB │ map:     11.24 kB
packages/web build: dist/assets/cmake-C_36KmTb.js                                    9.84 kB │ gzip:     3.37 kB │ map:     11.22 kB
packages/web build: dist/assets/light-plus-Di_2XFlT.js                               9.93 kB │ gzip:     2.27 kB │ map:     13.38 kB
packages/web build: dist/assets/light-plus-U2qGic3r.js                               9.93 kB │ gzip:     2.27 kB │ map:     13.40 kB
packages/web build: dist/assets/hcl-CsHJvo1L.js                                     10.04 kB │ gzip:     1.93 kB │ map:     14.77 kB
packages/web build: dist/assets/hcl-D3GAToAN.js                                     10.04 kB │ gzip:     1.93 kB │ map:     14.75 kB
packages/web build: dist/assets/rst-DpLptgKr.js                                     10.31 kB │ gzip:     2.24 kB │ map:     15.53 kB
packages/web build: dist/assets/rst-qGAd4jEC.js                                     10.31 kB │ gzip:     2.25 kB │ map:     15.54 kB
packages/web build: dist/assets/pkl-BwDsQkSf.js                                     10.36 kB │ gzip:     1.37 kB │ map:     15.45 kB
packages/web build: dist/assets/pkl-DY8Tbcng.js                                     10.36 kB │ gzip:     1.37 kB │ map:     15.43 kB
packages/web build: dist/assets/beancount-Bws7PLtX.js                               10.36 kB │ gzip:     1.43 kB │ map:     15.01 kB
packages/web build: dist/assets/beancount-G9T4_Bdn.js                               10.36 kB │ gzip:     1.43 kB │ map:     15.00 kB
packages/web build: dist/assets/nextflow-groovy-C5-Nx2iX.js                         10.39 kB │ gzip:     2.12 kB │ map:     15.18 kB
packages/web build: dist/assets/nextflow-groovy-DXkZzcXY.js                         10.43 kB │ gzip:     2.13 kB │ map:     15.20 kB
packages/web build: dist/assets/dream-maker-BBXyEV1T.js                             10.46 kB │ gzip:     2.25 kB │ map:     15.07 kB
packages/web build: dist/assets/dream-maker-D_mpkS0k.js                             10.46 kB │ gzip:     2.25 kB │ map:     15.09 kB
packages/web build: dist/assets/raku--tLhFO13.js                                    10.46 kB │ gzip:     2.94 kB │ map:     12.87 kB
packages/web build: dist/assets/raku-jZ7Iq1Y7.js                                    10.46 kB │ gzip:     2.94 kB │ map:     12.89 kB
packages/web build: dist/assets/stateDiagram-FHFEXIEX-CZHlodMx.js                   10.55 kB │ gzip:     3.70 kB │ map:     33.16 kB
packages/web build: dist/assets/yaml-DqTScxx7.js                                    10.56 kB │ gzip:     2.31 kB │ map:     14.85 kB
packages/web build: dist/assets/yaml-k8PIeYeM.js                                    10.56 kB │ gzip:     2.31 kB │ map:     14.87 kB
packages/web build: dist/assets/just-CzLbXoSw.js                                    10.76 kB │ gzip:     2.60 kB │ map:     15.20 kB
packages/web build: dist/assets/just-Nqs7PS2r.js                                    10.76 kB │ gzip:     2.60 kB │ map:     15.22 kB
packages/web build: dist/assets/diagram-G4DWMVQ6-BJbo-Ece.js                        10.83 kB │ gzip:     3.73 kB │ map:     34.69 kB
packages/web build: dist/assets/elm-BP6iU56n.js                                     10.94 kB │ gzip:     2.09 kB │ map:     15.99 kB
packages/web build: dist/assets/elm-DTgFJXHb.js                                     10.94 kB │ gzip:     2.09 kB │ map:     16.01 kB
packages/web build: dist/assets/dagre-KV5264BT-BEpdLBow.js                          11.07 kB │ gzip:     4.14 kB │ map:     41.90 kB
packages/web build: dist/assets/github-light-B9OfHE1f.js                            11.18 kB │ gzip:     2.49 kB │ map:     15.38 kB
packages/web build: dist/assets/github-light-CNmuTtwc.js                            11.18 kB │ gzip:     2.49 kB │ map:     15.40 kB
packages/web build: dist/assets/prolog-BYfutN6Z.js                                  11.34 kB │ gzip:     3.84 kB │ map:     13.26 kB
packages/web build: dist/assets/prolog-yhYj3mkl.js                                  11.34 kB │ gzip:     3.84 kB │ map:     13.28 kB
packages/web build: dist/assets/terraform-BuK07rO0.js                               11.38 kB │ gzip:     2.51 kB │ map:     16.20 kB
packages/web build: dist/assets/terraform-cuG3A_tw.js                               11.38 kB │ gzip:     2.51 kB │ map:     16.18 kB
packages/web build: dist/assets/github-dark-BjZoRcGn.js                             11.40 kB │ gzip:     2.53 kB │ map:     15.67 kB
packages/web build: dist/assets/github-dark-CXYhL_Tl.js                             11.40 kB │ gzip:     2.53 kB │ map:     15.65 kB
packages/web build: dist/assets/puppet-C_NJcDGl.js                                  11.43 kB │ gzip:     2.10 kB │ map:     16.28 kB
packages/web build: dist/assets/puppet-R7_6-CtG.js                                  11.43 kB │ gzip:     2.10 kB │ map:     16.29 kB
packages/web build: dist/assets/laserwave-C2Q2f-Yn.js                               11.49 kB │ gzip:     2.57 kB │ map:     14.67 kB
packages/web build: dist/assets/laserwave-NCmJf5nV.js                               11.49 kB │ gzip:     2.57 kB │ map:     14.69 kB
packages/web build: dist/assets/gherkin-BmGapPnX.js                                 11.93 kB │ gzip:     5.04 kB │ map:     13.10 kB
packages/web build: dist/assets/gherkin-D5-Js-zr.js                                 11.93 kB │ gzip:     5.04 kB │ map:     13.08 kB
packages/web build: dist/assets/wasm-B13mXnsc.js                                    12.00 kB │ gzip:     2.17 kB │ map:     16.80 kB
packages/web build: dist/assets/wasm-BkamiLn6.js                                    12.00 kB │ gzip:     2.17 kB │ map:     16.82 kB
packages/web build: dist/assets/hjson-BJGYiWmL.js                                   12.04 kB │ gzip:     1.64 kB │ map:     17.26 kB
packages/web build: dist/assets/hjson-DuX75OW6.js                                   12.04 kB │ gzip:     1.64 kB │ map:     17.25 kB
packages/web build: dist/assets/handlebars-B9c0Ozn5.js                              12.16 kB │ gzip:     2.37 kB │ map:     17.33 kB
packages/web build: dist/assets/handlebars-DIMnhSdM.js                              12.16 kB │ gzip:     2.38 kB │ map:     17.35 kB
packages/web build: dist/assets/apache-BGLz_5ac.js                                  12.44 kB │ gzip:     3.71 kB │ map:     15.93 kB
packages/web build: dist/assets/apache-D7mea2fE.js                                  12.44 kB │ gzip:     3.71 kB │ map:     15.91 kB
packages/web build: dist/assets/vesper-B1KntOic.js                                  12.68 kB │ gzip:     1.98 kB │ map:     16.15 kB
packages/web build: dist/assets/vesper-JyOZoblP.js                                  12.68 kB │ gzip:     1.98 kB │ map:     16.13 kB
packages/web build: dist/assets/bat-DLnlMZGk.js                                     12.88 kB │ gzip:     3.22 kB │ map:     17.35 kB
packages/web build: dist/assets/bat-j5pBsfql.js                                     12.88 kB │ gzip:     3.22 kB │ map:     17.37 kB
packages/web build: dist/assets/browser-C0yfcV7w.js                                 12.96 kB │ gzip:     6.36 kB │ map:    117.12 kB
packages/web build: dist/assets/fish-CHYr4cmY.js                                    13.03 kB │ gzip:     1.73 kB │ map:     16.82 kB
packages/web build: dist/assets/fish-DSduikGR.js                                    13.03 kB │ gzip:     1.73 kB │ map:     16.84 kB
packages/web build: dist/assets/v-GD5-NChU.js                                       13.20 kB │ gzip:     2.73 kB │ map:     19.25 kB
packages/web build: dist/assets/v-ecZzj2EI.js                                       13.20 kB │ gzip:     2.73 kB │ map:     19.23 kB
packages/web build: dist/assets/vitesse-light-CwlQ-KdC.js                           13.61 kB │ gzip:     3.03 kB │ map:     18.51 kB
packages/web build: dist/assets/vitesse-light-DCGuAo-S.js                           13.61 kB │ gzip:     3.03 kB │ map:     18.53 kB
packages/web build: dist/assets/aurora-x-BMGYFHLy.js                                13.65 kB │ gzip:     2.28 kB │ map:     17.56 kB
packages/web build: dist/assets/aurora-x-D2rogpOu.js                                13.65 kB │ gzip:     2.28 kB │ map:     17.54 kB
packages/web build: dist/assets/vitesse-black-BLJ0trYB.js                           13.67 kB │ gzip:     3.05 kB │ map:     18.62 kB
packages/web build: dist/assets/vitesse-black-BRmcCLNt.js                           13.67 kB │ gzip:     3.05 kB │ map:     18.60 kB
packages/web build: dist/assets/vitesse-dark-DHhHLyet.js                            13.75 kB │ gzip:     3.06 kB │ map:     18.68 kB
packages/web build: dist/assets/vitesse-dark-DX_8qnpL.js                            13.75 kB ��� gzip:     3.06 kB │ map:     18.70 kB
packages/web build: dist/assets/pug-CExKuzzg.js                                     13.84 kB │ gzip:     2.58 kB │ map:     20.48 kB
packages/web build: dist/assets/pug-s7aYua5e.js                                     13.84 kB │ gzip:     2.58 kB │ map:     20.47 kB
packages/web build: dist/assets/luau-C_FxSSDN.js                                    13.95 kB │ gzip:     3.16 kB │ map:     19.61 kB
packages/web build: dist/assets/luau-CyMKLodu.js                                    13.95 kB │ gzip:     3.16 kB │ map:     19.59 kB
packages/web build: dist/assets/synthwave-84-BBp1w8XF.js                            14.03 kB │ gzip:     2.85 kB │ map:     19.08 kB
packages/web build: dist/assets/synthwave-84-CCGpLn0P.js                            14.03 kB │ gzip:     2.85 kB │ map:     19.06 kB
packages/web build: dist/assets/github-light-default-BfMzXJT5.js                    14.15 kB │ gzip:     3.02 kB │ map:     19.24 kB
packages/web build: dist/assets/github-light-default-mxD4oREE.js                    14.15 kB │ gzip:     3.02 kB │ map:     19.25 kB
packages/web build: dist/assets/clarity-BwM-Rq5d.js                                 14.26 kB │ gzip:     2.46 kB │ map:     19.92 kB
packages/web build: dist/assets/clarity-L01ZUL7M.js                                 14.26 kB │ gzip:     2.46 kB │ map:     19.90 kB
packages/web build: dist/assets/github-light-high-contrast-BSXRP7f2.js              14.27 kB │ gzip:     3.00 kB │ map:     19.43 kB
packages/web build: dist/assets/github-light-high-contrast-D_Q4xNlL.js              14.27 kB │ gzip:     3.00 kB │ map:     19.41 kB
packages/web build: dist/assets/github-dark-dimmed-B-m1AVqp.js                      14.43 kB │ gzip:     3.11 kB │ map:     19.63 kB
packages/web build: dist/assets/github-dark-dimmed-CaA0cKqW.js                      14.43 kB │ gzip:     3.11 kB │ map:     19.61 kB
packages/web build: dist/assets/github-dark-default-DGHLMqqS.js                     14.43 kB │ gzip:     3.12 kB │ map:     19.61 kB
packages/web build: dist/assets/github-dark-default-Ej6D3be5.js                     14.43 kB │ gzip:     3.12 kB │ map:     19.63 kB
packages/web build: dist/assets/Line-DArzWvsL.js                                    14.46 kB │ gzip:     4.66 kB │ map:     58.95 kB
packages/web build: dist/assets/github-dark-high-contrast-C9yDfDlV.js               14.59 kB │ gzip:     3.07 kB │ map:     19.84 kB
packages/web build: dist/assets/github-dark-high-contrast-VIxgvDDw.js               14.59 kB │ gzip:     3.07 kB │ map:     19.86 kB
packages/web build: dist/assets/gnuplot-CTuSoNUj.js                                 14.77 kB │ gzip:     3.27 kB │ map:     20.78 kB
packages/web build: dist/assets/gnuplot-h04outgm.js                                 14.77 kB │ gzip:     3.27 kB │ map:     20.79 kB
packages/web build: dist/assets/time-AsF3t8Wo.js                                    14.92 kB │ gzip:     4.81 kB │ map:     62.42 kB
packages/web build: dist/assets/rust-D9wo2NNk.js                                    15.06 kB │ gzip:     2.71 kB │ map:     21.42 kB
packages/web build: dist/assets/rust-DmV4uac3.js                                    15.06 kB │ gzip:     2.71 kB │ map:     21.44 kB
packages/web build: dist/assets/kusto-4UDEW7sv.js                                   15.16 kB │ gzip:     3.93 kB │ map:     19.60 kB
packages/web build: dist/assets/kusto-CMQWANVN.js                                   15.16 kB │ gzip:     3.92 kB │ map:     19.58 kB
packages/web build: dist/assets/actionscript-3-BNVQ4HwY.js                          15.19 kB │ gzip:     2.67 kB │ map:     21.41 kB
packages/web build: dist/assets/actionscript-3-C5weAF_5.js                          15.19 kB │ gzip:     2.67 kB │ map:     21.43 kB
packages/web build: dist/assets/nix-CAOV3Ipg.js                                     15.50 kB │ gzip:     2.47 kB │ map:     22.81 kB
packages/web build: dist/assets/nix-Ct-C2Xwy.js                                     15.50 kB │ gzip:     2.47 kB │ map:     22.85 kB
packages/web build: dist/assets/lua-BZI87n8Z.js                                     15.58 kB │ gzip:     3.18 kB │ map:     22.08 kB
packages/web build: dist/assets/lua-CO_POUFq.js                                     15.58 kB │ gzip:     3.18 kB │ map:     22.09 kB
packages/web build: dist/assets/abap-Dcq5w3Z7.js                                    15.84 kB │ gzip:     5.93 kB │ map:     18.80 kB
packages/web build: dist/assets/abap-DhQmvszT.js                                    15.84 kB │ gzip:     5.93 kB │ map:     18.82 kB
packages/web build: dist/assets/solidity-BLVSJomm.js                                16.06 kB │ gzip:     3.09 kB │ map:     23.43 kB
packages/web build: dist/assets/solidity-D6ryxzN1.js                                16.06 kB │ gzip:     3.09 kB │ map:     23.41 kB
packages/web build: dist/assets/matlab-O9m5cuby.js                                  16.07 kB │ gzip:     3.06 kB │ map:     23.34 kB
packages/web build: dist/assets/matlab-lliUvEXj.js                                  16.07 kB │ gzip:     3.06 kB │ map:     23.32 kB
packages/web build: dist/assets/cue-02bI3MJB.js                                     16.19 kB │ gzip:     2.04 kB │ map:     23.75 kB
packages/web build: dist/assets/cue-CFHJY4Vj.js                                     16.19 kB │ gzip:     2.04 kB │ map:     23.77 kB
packages/web build: dist/assets/elixir-Ckg3uRg6.js                                  16.26 kB │ gzip:     2.76 kB │ map:     23.12 kB
packages/web build: dist/assets/elixir-DexUrya6.js                                  16.26 kB │ gzip:     2.76 kB │ map:     23.10 kB
packages/web build: dist/assets/Bar-CoTpOju6.js                                     16.39 kB │ gzip:     5.69 kB │ map:     71.30 kB
packages/web build: dist/assets/odin-L_j5QK3S.js                                    16.50 kB │ gzip:     2.92 kB │ map:     23.77 kB
packages/web build: dist/assets/odin-a3CCOjFA.js                                    16.50 kB │ gzip:     2.92 kB │ map:     23.75 kB
packages/web build: dist/assets/ts-tags-B5O4PTp2.js                                 16.54 kB │ gzip:     2.05 kB │ map:     24.40 kB
packages/web build: dist/assets/pptx-preview-viewer-DrAj6vT8.js                     16.83 kB │ gzip:     6.15 kB │ map:     59.25 kB
packages/web build: dist/assets/esm-B5ws75RB.js                                     16.95 kB │ gzip:     5.13 kB │ map:     53.28 kB
packages/web build: dist/assets/bird2-CSqGtPf7.js                                   16.96 kB │ gzip:     3.84 kB │ map:     23.21 kB
packages/web build: dist/assets/kanagawa-wave-BTyiyyMB.js                           17.12 kB │ gzip:     2.90 kB │ map:     22.26 kB
packages/web build: dist/assets/kanagawa-wave-DES3OL3d.js                           17.12 kB │ gzip:     2.90 kB │ map:     22.24 kB
packages/web build: dist/assets/kanagawa-lotus-BDYp-BIL.js                          17.12 kB │ gzip:     2.90 kB │ map:     22.26 kB
packages/web build: dist/assets/kanagawa-lotus-BefHepaF.js                          17.12 kB │ gzip:     2.90 kB │ map:     22.24 kB
packages/web build: dist/assets/kanagawa-dragon-CBjkJn4P.js                         17.12 kB │ gzip:     2.92 kB │ map:     22.25 kB
packages/web build: dist/assets/kanagawa-dragon-Dt4QR8-o.js                         17.12 kB │ gzip:     2.92 kB │ map:     22.27 kB
packages/web build: dist/assets/ishikawaDiagram-UXIWVN3A-Ccf6GSvJ.js                17.30 kB │ gzip:     6.51 kB │ map:     57.97 kB
packages/web build: dist/assets/move-Bl1YbnTW.js                                    17.49 kB │ gzip:     3.06 kB │ map:     26.23 kB
packages/web build: dist/assets/move-DD8to1xb.js                                    17.49 kB │ gzip:     3.06 kB │ map:     26.24 kB
packages/web build: dist/assets/chunk-5PVQY5BW-jeRNXCtk.js                          17.92 kB │ gzip:     6.60 kB │ map:     78.88 kB
packages/web build: dist/assets/graphql-0f0APuS4.js                                 18.07 kB │ gzip:     2.53 kB │ map:     25.43 kB
packages/web build: dist/assets/graphql-spV8wGgw.js                                 18.07 kB │ gzip:     2.53 kB │ map:     25.41 kB
packages/web build: dist/assets/liquid-BgXD9mrI.js                                  18.10 kB │ gzip:     3.14 kB │ map:     25.20 kB
packages/web build: dist/assets/liquid-ueZT9br9.js                                  18.10 kB │ gzip:     3.14 kB │ map:     25.19 kB
packages/web build: dist/assets/svelte-RJFyR-WI.js                                  18.24 kB │ gzip:     3.14 kB │ map:     25.69 kB
packages/web build: dist/assets/svelte-ilZSWMVl.js                                  18.24 kB │ gzip:     3.14 kB │ map:     25.71 kB
packages/web build: dist/assets/material-theme-CBbqKc0I.js                          18.61 kB │ gzip:     3.10 kB │ map:     24.10 kB
packages/web build: dist/assets/material-theme-DH3Afsfl.js                          18.61 kB │ gzip:     3.10 kB │ map:     24.08 kB
packages/web build: dist/assets/material-theme-darker-C1ZG8IMk.js                   18.62 kB │ gzip:     3.10 kB │ map:     24.13 kB
packages/web build: dist/assets/material-theme-darker-DnrrRduq.js                   18.62 kB │ gzip:     3.10 kB │ map:     24.12 kB
packages/web build: dist/assets/material-theme-ocean-DdIhouO4.js                    18.62 kB │ gzip:     3.12 kB │ map:     24.13 kB
packages/web build: dist/assets/material-theme-ocean-FNmSjIJ0.js                    18.62 kB │ gzip:     3.12 kB │ map:     24.11 kB
packages/web build: dist/assets/material-theme-lighter-BZBdz-jK.js                  18.63 kB │ gzip:     3.10 kB │ map:     24.12 kB
packages/web build: dist/assets/material-theme-lighter-CnFUIeRZ.js                  18.63 kB │ gzip:     3.10 kB │ map:     24.14 kB
packages/web build: dist/assets/material-theme-palenight-BSBbo0Xl.js                18.63 kB │ gzip:     3.11 kB │ map:     24.15 kB
packages/web build: dist/assets/material-theme-palenight-B_X9vPa1.js                18.63 kB │ gzip:     3.11 kB │ map:     24.13 kB
packages/web build: dist/assets/gdscript-BnQ2t2d7.js                                18.98 kB │ gzip:     3.75 kB │ map:     26.23 kB
packages/web build: dist/assets/gdscript-Dmo5RC90.js                                18.98 kB │ gzip:     3.75 kB │ map:     26.21 kB
packages/web build: dist/assets/groovy-C5QY2NDm.js                                  19.17 kB │ gzip:     3.59 kB │ map:     27.48 kB
packages/web build: dist/assets/groovy-DTWLpVL1.js                                  19.17 kB │ gzip:     3.59 kB │ map:     27.50 kB
packages/web build: dist/assets/mdc-Bto2s2r0.js                                     19.54 kB │ gzip:     6.66 kB │ map:     23.04 kB
packages/web build: dist/assets/mdc-DXb3cHMd.js                                     19.54 kB │ gzip:     6.66 kB │ map:     23.06 kB
packages/web build: dist/assets/sankeyDiagram-XADWPNL6-BMX9Hqys.js                  19.89 kB │ gzip:     7.16 kB │ map:     71.11 kB
packages/web build: dist/assets/ArtifactChartView-PXluTsms.js                       19.99 kB │ gzip:     6.74 kB │ map:     79.62 kB
packages/web build: dist/assets/ayu-dark-DAufljzU.js                                20.07 kB │ gzip:     3.93 kB │ map:     27.03 kB
packages/web build: dist/assets/ayu-dark-DQ98ng1K.js                                20.07 kB │ gzip:     3.93 kB │ map:     27.01 kB
packages/web build: dist/assets/ayu-mirage-CqZ-KFQD.js                              20.08 kB │ gzip:     3.91 kB │ map:     27.02 kB
packages/web build: dist/assets/ayu-mirage-DaZ4GWKE.js                              20.08 kB │ gzip:     3.91 kB │ map:     27.04 kB
packages/web build: dist/assets/glimmer-js-BrJAyCZA.js                              20.08 kB │ gzip:     2.94 kB │ map:     28.55 kB
packages/web build: dist/assets/glimmer-js-p_FjoBJ-.js                              20.08 kB │ gzip:     2.94 kB │ map:     28.57 kB
packages/web build: dist/assets/glimmer-ts-CaAVsw-A.js                              20.08 kB │ gzip:     2.93 kB │ map:     28.55 kB
packages/web build: dist/assets/glimmer-ts-Df2aXaXa.js                              20.08 kB │ gzip:     2.93 kB │ map:     28.57 kB
packages/web build: dist/assets/powershell-CXZN9T5a.js                              20.14 kB │ gzip:     4.05 kB │ map:     26.55 kB
packages/web build: dist/assets/powershell-C_O2IqYH.js                              20.14 kB │ gzip:     4.05 kB │ map:     26.57 kB
packages/web build: dist/assets/ayu-light-BgJsYgQg.js                               20.14 kB │ gzip:     3.89 kB │ map:     27.08 kB
packages/web build: dist/assets/ayu-light-CcuTyFAk.js                               20.14 kB │ gzip:     3.89 kB │ map:     27.10 kB
packages/web build: dist/assets/kanban-definition-6JOO6SKY-BXPSfeVq.js              20.22 kB │ gzip:     7.13 kB │ map:     63.71 kB
packages/web build: dist/assets/viml-BpGq_7Kb.js                                    20.35 kB │ gzip:     6.73 kB │ map:     23.46 kB
packages/web build: dist/assets/viml-D33w_yaO.js                                    20.35 kB │ gzip:     6.73 kB │ map:     23.48 kB
packages/web build: dist/assets/nushell-CDWskAEO.js                                 20.40 kB │ gzip:     5.21 kB │ map:     27.64 kB
packages/web build: dist/assets/nushell-DB3lObut.js                                 20.40 kB │ gzip:     5.21 kB │ map:     27.62 kB
packages/web build: dist/assets/AppUsageModelUsagePieChart-BPOFGsNq.js              20.70 kB │ gzip:     6.62 kB │ map:     75.67 kB
packages/web build: dist/assets/snazzy-light-BCK3Efhg.js                            20.77 kB │ gzip:     3.80 kB │ map:     27.97 kB
packages/web build: dist/assets/snazzy-light-D21mQ2Ps.js                            20.77 kB │ gzip:     3.80 kB │ map:     27.99 kB
packages/web build: dist/assets/twig-BJHb2ws2.js                                    20.90 kB │ gzip:     3.66 kB │ map:     29.20 kB
packages/web build: dist/assets/twig-rAke1UwO.js                                    20.90 kB │ gzip:     3.66 kB │ map:     29.18 kB
packages/web build: dist/assets/dracula-BqF4KPoA.js                                 21.06 kB │ gzip:     3.99 kB │ map:     27.46 kB
packages/web build: dist/assets/dracula-CshezrId.js                                 21.06 kB │ gzip:     3.99 kB │ map:     27.48 kB
packages/web build: dist/assets/dracula-soft-BzNwgYSB.js                            21.07 kB │ gzip:     4.02 kB │ map:     27.48 kB
packages/web build: dist/assets/dracula-soft-eiik3vZK.js                            21.07 kB │ gzip:     4.02 kB │ map:     27.50 kB
packages/web build: dist/assets/wit-Ci1HEmO4.js                                     21.46 kB │ gzip:     2.87 kB │ map:     30.06 kB
packages/web build: dist/assets/wit-tIuBTYEX.js                                     21.46 kB │ gzip:     2.87 kB │ map:     30.08 kB
packages/web build: dist/assets/rose-pine-CPsthvmV.js                               21.74 kB │ gzip:     3.86 kB │ map:     28.75 kB
packages/web build: dist/assets/rose-pine-EFJNuuXg.js                               21.74 kB │ gzip:     3.86 kB │ map:     28.73 kB
packages/web build: dist/assets/rose-pine-moon-Bfpovg_Q.js                          21.75 kB │ gzip:     3.87 kB │ map:     28.75 kB
packages/web build: dist/assets/rose-pine-moon-DEnciWh8.js                          21.75 kB │ gzip:     3.87 kB │ map:     28.77 kB
packages/web build: dist/assets/rose-pine-dawn-C8FGcMal.js                          21.75 kB │ gzip:     3.88 kB │ map:     28.77 kB
packages/web build: dist/assets/rose-pine-dawn-hp9GjGUT.js                          21.75 kB │ gzip:     3.88 kB │ map:     28.76 kB
packages/web build: dist/assets/nim-BAs4knRL.js                                     22.45 kB │ gzip:     3.15 kB │ map:     32.73 kB
packages/web build: dist/assets/nim-CJ_-YksI.js                                     22.45 kB │ gzip:     3.15 kB │ map:     32.71 kB
packages/web build: dist/assets/common-lisp-BqfJkRqW.js                             22.57 kB │ gzip:     6.07 kB │ map:     26.66 kB
packages/web build: dist/assets/common-lisp-CvcPYVjn.js                             22.57 kB │ gzip:     6.07 kB │ map:     26.64 kB
packages/web build: dist/assets/surrealql-eg0h0_EE.js                               22.58 kB │ gzip:     4.31 kB │ map:     32.44 kB
packages/web build: dist/assets/surrealql-pZyUxx2l.js                               22.58 kB │ gzip:     4.31 kB │ map:     32.42 kB
packages/web build: dist/assets/gruvbox-dark-hard-BKNQrgBt.js                       22.63 kB │ gzip:     4.15 kB │ map:     30.54 kB
packages/web build: dist/assets/gruvbox-dark-hard-BtZYFbjE.js                       22.63 kB │ gzip:     4.15 kB │ map:     30.53 kB
packages/web build: dist/assets/gruvbox-dark-soft-CIwAnpJe.js                       22.63 kB │ gzip:     4.15 kB │ map:     30.53 kB
packages/web build: dist/assets/gruvbox-dark-soft-DC9eNDeY.js                       22.63 kB │ gzip:     4.15 kB │ map:     30.54 kB
packages/web build: dist/assets/gruvbox-light-hard-Cdi0O0ck.js                      22.63 kB │ gzip:     4.16 kB │ map:     30.55 kB
packages/web build: dist/assets/gruvbox-light-hard-GGClUSAe.js                      22.63 kB │ gzip:     4.16 kB │ map:     30.53 kB
packages/web build: dist/assets/gruvbox-light-soft-B8RUJekz.js                      22.63 kB │ gzip:     4.16 kB │ map:     30.55 kB
packages/web build: dist/assets/gruvbox-light-soft-jn3Xzcye.js                      22.63 kB │ gzip:     4.16 kB │ map:     30.53 kB
packages/web build: dist/assets/gruvbox-dark-medium-BDnw8Glj.js                     22.63 kB │ gzip:     4.15 kB │ map:     30.55 kB
packages/web build: dist/assets/gruvbox-dark-medium-BVp5sJGH.js                     22.63 kB │ gzip:     4.15 kB │ map:     30.54 kB
packages/web build: dist/assets/gruvbox-light-medium-Bfx4tx-G.js                    22.63 kB │ gzip:     4.16 kB │ map:     30.54 kB
packages/web build: dist/assets/gruvbox-light-medium-CwEfuczt.js                    22.63 kB │ gzip:     4.16 kB │ map:     30.56 kB
packages/web build: dist/assets/bird2-7TN8ddp2.js                                   22.93 kB │ gzip:     4.65 kB │ map:     31.01 kB
packages/web build: dist/assets/journeyDiagram-VCZTEJTY-5b6AGavj.js                 23.16 kB │ gzip:     8.16 kB │ map:     74.00 kB
packages/web build: dist/assets/sql-C9Ykg0rw.js                                     23.46 kB │ gzip:     7.48 kB │ map:     27.89 kB
packages/web build: dist/assets/sql-GAgf_ihB.js                                     23.46 kB │ gzip:     7.48 kB │ map:     27.87 kB
packages/web build: dist/assets/mindmap-definition-QFDTVHPH-8vgykzF2.js             23.65 kB │ gzip:     8.06 kB │ map:     72.79 kB
packages/web build: dist/assets/cadence-Dxrrc2Bz.js                                 23.66 kB │ gzip:     3.65 kB │ map:     33.54 kB
packages/web build: dist/assets/cadence-do7ISE3v.js                                 23.66 kB │ gzip:     3.65 kB │ map:     33.56 kB
packages/web build: dist/assets/wardleyDiagram-NUSXRM2D-Bi4zFdK9.js                 23.87 kB │ gzip:     6.29 kB │ map:     72.93 kB
packages/web build: dist/assets/typespec-CLeSaUbn.js                                24.01 kB │ gzip:     2.58 kB │ map:     33.42 kB
packages/web build: dist/assets/astro-Bnrt2o_U.js                                   24.02 kB │ gzip:     7.60 kB │ map:     29.10 kB
packages/web build: dist/assets/astro-Di7pWhPR.js                                   24.02 kB │ gzip:     7.59 kB │ map:     29.12 kB
packages/web build: dist/assets/apl-BaRy0Mmp.js                                     24.02 kB │ gzip:     4.17 kB │ map:     33.29 kB
packages/web build: dist/assets/apl-DtZUU-oU.js                                     24.02 kB │ gzip:     4.17 kB │ map:     33.31 kB
packages/web build: dist/assets/templ-XeFsOK6s.js                                   24.06 kB │ gzip:     5.41 kB │ map:     30.87 kB
packages/web build: dist/assets/templ-yU6DNpUC.js                                   24.06 kB │ gzip:     5.41 kB │ map:     30.85 kB
packages/web build: dist/assets/angular-html-Dn5GKlaR.js                            24.23 kB │ gzip:     3.98 kB │ map:     35.54 kB
packages/web build: dist/assets/angular-html-S6tEKi4Z.js                            24.23 kB │ gzip:     3.98 kB │ map:     35.44 kB
packages/web build: dist/assets/vhdl-Czoddc9g.js                                    24.25 kB │ gzip:     3.86 kB │ map:     33.33 kB
packages/web build: dist/assets/vhdl-Du4Chqbg.js                                    24.25 kB │ gzip:     3.86 kB │ map:     33.35 kB
packages/web build: dist/assets/vue-B2YK0k9r.js                                     24.48 kB │ gzip:     2.96 kB │ map:     36.51 kB
packages/web build: dist/assets/vue-CPUDlhQM.js                                     24.48 kB │ gzip:     2.96 kB │ map:     36.60 kB
packages/web build: dist/assets/purescript-DGVP7sfL.js                              24.67 kB │ gzip:     3.24 kB │ map:     34.86 kB
packages/web build: dist/assets/purescript-DlWI26d4.js                              24.67 kB │ gzip:     3.24 kB │ map:     34.84 kB
packages/web build: dist/assets/typespec-D898-SbT.js                                25.03 kB │ gzip:     2.62 kB │ map:     34.65 kB
packages/web build: dist/assets/one-light-Bj4t-ZwF.js                               25.29 kB │ gzip:     3.63 kB │ map:     33.78 kB
packages/web build: dist/assets/one-light-CipBHpBX.js                               25.29 kB │ gzip:     3.63 kB │ map:     33.76 kB
packages/web build: dist/assets/fsharp-BoX5Jaz0.js                                  25.30 kB │ gzip:     4.12 kB │ map:     35.84 kB
packages/web build: dist/assets/fsharp-sZn2gr7a.js                                  25.30 kB │ gzip:     4.12 kB │ map:     35.82 kB
packages/web build: dist/assets/marko-BrSrowYC.js                                   25.48 kB │ gzip:     3.59 kB │ map:     35.81 kB
packages/web build: dist/assets/marko-DqqzkbFM.js                                   25.48 kB │ gzip:     3.59 kB │ map:     35.79 kB
packages/web build: dist/assets/c3-BKnov3Ke.js                                      25.62 kB │ gzip:     3.85 kB │ map:     37.16 kB
packages/web build: dist/assets/c3-Bk70zfh7.js                                      25.62 kB │ gzip:     3.85 kB │ map:     37.14 kB
packages/web build: dist/assets/night-owl-light-B829uHFb.js                         25.89 kB │ gzip:     4.23 kB │ map:     35.13 kB
packages/web build: dist/assets/night-owl-light-CBs-DxnB.js                         25.89 kB │ gzip:     4.23 kB │ map:     35.11 kB
packages/web build: dist/assets/system-verilog-BM5A7Vn7.js                          26.19 kB │ gzip:     4.82 kB │ map:     36.23 kB
packages/web build: dist/assets/system-verilog-D-XraiYO.js                          26.19 kB │ gzip:     4.82 kB │ map:     36.22 kB
packages/web build: dist/assets/nord-Bl3bav23.js                                    26.72 kB │ gzip:     4.35 kB │ map:     35.33 kB
packages/web build: dist/assets/nord-DnLxRFYe.js                                    26.72 kB │ gzip:     4.35 kB │ map:     35.31 kB
packages/web build: dist/assets/erDiagram-SMLLAGMA-D1ImnY1R.js                      26.81 kB │ gzip:     9.33 kB │ map:     85.00 kB
packages/web build: dist/assets/codeql-0A9eQQRm.js                                  26.87 kB │ gzip:     3.79 kB │ map:     35.97 kB
packages/web build: dist/assets/codeql-BvSbSS3U.js                                  26.87 kB │ gzip:     3.79 kB │ map:     35.98 kB
packages/web build: dist/assets/rough.esm-DtMWbpiU.js                               27.10 kB │ gzip:     8.85 kB │ map:     71.32 kB
packages/web build: dist/assets/bundle-mjs-B6I8zANq.js                              27.25 kB │ gzip:     8.67 kB │ map:    139.70 kB
packages/web build: dist/assets/scss-Bf93zcai.js                                    27.25 kB │ gzip:     4.22 kB │ map:     38.28 kB
packages/web build: dist/assets/scss-pbR-zzJ5.js                                    27.25 kB │ gzip:     4.22 kB │ map:     38.30 kB
packages/web build: dist/assets/java-Bt5XCCG8.js                                    27.27 kB │ gzip:     4.30 kB │ map:     38.60 kB
packages/web build: dist/assets/java-DQOqMNZZ.js                                    27.27 kB │ gzip:     4.30 kB │ map:     38.58 kB
packages/web build: dist/assets/coffee-BEgDWsfQ.js                                  27.42 kB │ gzip:     6.35 kB │ map:     36.05 kB
packages/web build: dist/assets/coffee-OYUzIwaK.js                                  27.42 kB │ gzip:     6.35 kB │ map:     36.03 kB
packages/web build: dist/assets/razor-MghsbYIs.js                                   27.45 kB │ gzip:     3.54 kB │ map:     38.28 kB
packages/web build: dist/assets/razor-s2yBK7Ox.js                                   27.45 kB │ gzip:     3.54 kB │ map:     38.26 kB
packages/web build: dist/assets/scala-BQ6_xpgb.js                                   28.87 kB │ gzip:     3.92 kB │ map:     40.09 kB
packages/web build: dist/assets/scala-DnnFRqKQ.js                                   28.87 kB │ gzip:     3.92 kB │ map:     40.07 kB
packages/web build: dist/assets/night-owl-CQZOC13D.js                               28.91 kB │ gzip:     5.14 kB │ map:     39.01 kB
packages/web build: dist/assets/night-owl-D5YcHwkY.js                               28.91 kB │ gzip:     5.14 kB │ map:     39.03 kB
packages/web build: dist/assets/duke_sheets_wasm-C9AgY1zf.js                        28.96 kB │ gzip:     6.58 kB │ map:    108.80 kB
packages/web build: dist/assets/gitGraphDiagram-UUTBAWPF-CEpc6z6Q.js                28.97 kB │ gzip:     8.55 kB │ map:    109.55 kB
packages/web build: dist/assets/pierre-dark-BPlN6pfh.js                             29.34 kB │ gzip:     4.51 kB │ map:     32.86 kB
packages/web build: dist/assets/pierre-light-LIaSwsPQ.js                            29.34 kB │ gzip:     4.48 kB │ map:     32.87 kB
packages/web build: dist/assets/crystal-D5YQDewe.js                                 29.41 kB │ gzip:     4.44 kB │ map:     41.15 kB
packages/web build: dist/assets/crystal-Df4LOJPS.js                                 29.41 kB │ gzip:     4.43 kB │ map:     41.13 kB
packages/web build: dist/assets/mermaid-D-yimf1E.js                                 29.50 kB │ gzip:     3.64 kB │ map:     44.09 kB
packages/web build: dist/assets/mermaid-ouP4tH3t.js                                 29.50 kB │ gzip:     3.64 kB │ map:     44.07 kB
packages/web build: dist/assets/applescript-5aslhu_m.js                             29.56 kB │ gzip:     5.94 kB │ map:     39.30 kB
packages/web build: dist/assets/applescript-Bn7cgZpM.js                             29.56 kB │ gzip:     5.94 kB │ map:     39.32 kB
packages/web build: dist/assets/timeline-definition-GMOUNBTQ-2cUrNtY9.js            30.39 kB │ gzip:     9.96 kB │ map:     99.34 kB
packages/web build: dist/assets/dagre-DsmZtsbU.js                                   30.42 kB │ gzip:    10.93 kB │ map:    186.12 kB
packages/web build: dist/assets/CartesianChart-BtcTRdF6.js                          30.43 kB │ gzip:     8.18 kB │ map:    118.87 kB
packages/web build: dist/assets/requirementDiagram-MS252O5E-DICSKBTq.js             30.96 kB │ gzip:     9.76 kB │ map:     94.17 kB
packages/web build: dist/assets/julia-6GOVrTXa.js                                   30.99 kB │ gzip:     4.30 kB │ map:     40.50 kB
packages/web build: dist/assets/julia-Bl-fyljE.js                                   30.99 kB │ gzip:     4.30 kB │ map:     40.52 kB
packages/web build: dist/assets/stylus-DuM4koZ7.js                                  31.06 kB │ gzip:     8.01 kB │ map:     38.83 kB
packages/web build: dist/assets/stylus-gv0O0_fr.js                                  31.06 kB │ gzip:     8.01 kB │ map:     38.85 kB
packages/web build: dist/assets/quadrantDiagram-34T5L4WZ-CNC0jsfV.js                33.34 kB │ gzip:     9.70 kB │ map:    104.27 kB
packages/web build: dist/assets/poimandres-B83x3xCQ.js                              33.49 kB │ gzip:     5.49 kB │ map:     43.02 kB
packages/web build: dist/assets/poimandres-BpdVYtTy.js                              33.49 kB │ gzip:     5.49 kB │ map:     43.03 kB
packages/web build: dist/assets/chunk-ENJZ2VHE-Dv1Tb5_I.js                          33.51 kB │ gzip:     7.10 kB │ map:     94.67 kB
packages/web build: dist/assets/one-dark-pro-BnfsZlWc.js                            33.78 kB │ gzip:     5.50 kB │ map:     44.47 kB
packages/web build: dist/assets/one-dark-pro-DOggYUvX.js                            33.78 kB │ gzip:     5.50 kB │ map:     44.45 kB
packages/web build: dist/assets/bsl-B2WKy6GY.js                                     33.86 kB │ gzip:     8.35 kB │ map:     37.58 kB
packages/web build: dist/assets/bsl-BIbqGSAH.js                                     33.86 kB │ gzip:     8.34 kB │ map:     37.56 kB
packages/web build: dist/assets/haxe-CR5zTuIA.js                                    35.15 kB │ gzip:     5.90 kB │ map:     49.49 kB
packages/web build: dist/assets/haxe-OY63Dh9p.js                                    35.15 kB │ gzip:     5.90 kB │ map:     49.47 kB
packages/web build: dist/assets/nginx-CyfQP_I3.js                                   35.35 kB │ gzip:     4.45 kB │ map:     48.43 kB
packages/web build: dist/assets/nginx-DfIsdLx-.js                                   35.35 kB │ gzip:     4.45 kB │ map:     48.45 kB
packages/web build: dist/assets/houston-DdR_af6U.js                                 35.41 kB │ gzip:     5.76 kB │ map:     46.35 kB
packages/web build: dist/assets/houston-fFDLDDZp.js                                 35.41 kB │ gzip:     5.76 kB │ map:     46.37 kB
packages/web build: dist/assets/tokyo-night--qAJNx02.js                             35.66 kB │ gzip:     6.22 kB │ map:     45.30 kB
packages/web build: dist/assets/tokyo-night-CJq1K4SP.js                             35.66 kB │ gzip:     6.22 kB │ map:     45.32 kB
packages/web build: dist/assets/chunk-OYMX7WX6-CbRhl9CX.js                          36.59 kB │ gzip:    11.80 kB │ map:    115.47 kB
packages/web build: dist/assets/src-DkINpCYq.js                                     37.29 kB │ gzip:    12.43 kB │ map:    155.65 kB
packages/web build: dist/assets/erlang-BcL_Af-5.js                                  37.47 kB │ gzip:     4.36 kB │ map:     51.51 kB
packages/web build: dist/assets/erlang-Cw_yImYS.js                                  37.47 kB │ gzip:     4.36 kB │ map:     51.52 kB
packages/web build: dist/assets/xychartDiagram-5P7HB3ND-Dl1AtKdV.js                 38.76 kB │ gzip:    10.72 kB │ map:    121.16 kB
packages/web build: dist/assets/cobol-DlvRtGyp.js                                   39.07 kB │ gzip:    10.89 kB │ map:     47.30 kB
packages/web build: dist/assets/cobol-BA1zUpqT.js                                   39.09 kB │ gzip:    10.89 kB │ map:     47.35 kB
packages/web build: dist/assets/vennDiagram-DHZGUBPP-BXDdF9Xi.js                    40.62 kB │ gzip:    14.89 kB │ map:    171.04 kB
packages/web build: dist/assets/asm-DZ5OpO11.js                                     40.71 kB │ gzip:     8.16 kB │ map:     52.97 kB
packages/web build: dist/assets/asm-DZTSJD9v.js                                     40.71 kB │ gzip:     8.16 kB │ map:     52.95 kB
packages/web build: dist/assets/haskell-BycSnQo1.js                                 41.48 kB │ gzip:     6.41 kB │ map:     57.82 kB
packages/web build: dist/assets/haskell-Cy7a1j1X.js                                 41.48 kB │ gzip:     6.41 kB │ map:     57.80 kB
packages/web build: dist/assets/shellscript-BTqDHFWE.js                             41.53 kB │ gzip:     6.12 kB │ map:     56.47 kB
packages/web build: dist/assets/shellscript-DtP269FE.js                             41.53 kB │ gzip:     6.12 kB │ map:     56.49 kB
packages/web build: dist/assets/chunk-XPW4576I-DiAgm5iI.js                          41.85 kB │ gzip:    14.22 kB │ map:    147.73 kB
packages/web build: dist/assets/perl-BAmquLe6.js                                    43.14 kB │ gzip:     4.64 kB │ map:     60.72 kB
packages/web build: dist/assets/perl-BZrzMXU4.js                                    43.14 kB │ gzip:     4.64 kB │ map:     60.70 kB
packages/web build: dist/assets/d-Bk0Q4rmA.js                                       43.78 kB │ gzip:     8.43 kB │ map:     62.66 kB
packages/web build: dist/assets/d-Cr68bTKK.js                                       43.78 kB │ gzip:     8.43 kB │ map:     62.64 kB
packages/web build: dist/assets/ruby-BOa4M19F.js                                    45.83 kB │ gzip:     5.56 kB │ map:     65.27 kB
packages/web build: dist/assets/ruby-DPzKKKrR.js                                    46.60 kB │ gzip:     5.71 kB │ map:     66.13 kB
packages/web build: dist/assets/go-D6qJAgx_.js                                      46.80 kB │ gzip:     5.15 kB │ map:     66.56 kB
packages/web build: dist/assets/go-BCvgFj1b.js                                      46.81 kB │ gzip:     5.14 kB │ map:     66.56 kB
packages/web build: dist/assets/chunk-4TB4RGXK-DLB_puZa.js                          46.88 kB │ gzip:    15.12 kB │ map:    138.06 kB
packages/web build: dist/assets/apex-Dz-LZSMF.js                                    46.97 kB │ gzip:     6.72 kB │ map:     65.69 kB
packages/web build: dist/assets/apex-LGEDgj7P.js                                    46.97 kB │ gzip:     6.72 kB │ map:     65.67 kB
packages/web build: dist/assets/catppuccin-mocha-BfJ5Wywf.js                        47.25 kB │ gzip:     7.98 kB │ map:     61.97 kB
packages/web build: dist/assets/catppuccin-mocha-CVwRyAKs.js                        47.25 kB │ gzip:     7.98 kB │ map:     61.99 kB
packages/web build: dist/assets/catppuccin-latte-CN2F_1vi.js                        47.25 kB │ gzip:     7.98 kB │ map:     61.99 kB
packages/web build: dist/assets/catppuccin-latte-DHl3Q1rt.js                        47.25 kB │ gzip:     7.98 kB │ map:     61.97 kB
packages/web build: dist/assets/catppuccin-frappe-DBK8sV2P.js                       47.25 kB │ gzip:     7.99 kB │ map:     62.00 kB
packages/web build: dist/assets/catppuccin-frappe-fEYmnhtg.js                       47.25 kB │ gzip:     7.99 kB │ map:     61.98 kB
packages/web build: dist/assets/catppuccin-macchiato-CRGFSMuS.js                    47.26 kB │ gzip:     7.99 kB │ map:     62.01 kB
packages/web build: dist/assets/catppuccin-macchiato-DGjkN1oj.js                    47.26 kB │ gzip:     7.99 kB │ map:     61.99 kB
packages/web build: dist/assets/ada-BCQS3Bu9.js                                     48.07 kB │ gzip:     5.96 kB │ map:     70.91 kB
packages/web build: dist/assets/ada-pomGCWT0.js                                     48.07 kB │ gzip:     5.96 kB │ map:     70.93 kB
packages/web build: dist/assets/css-C9jtMb5_.js                                     49.07 kB │ gzip:    11.94 kB │ map:     60.60 kB
packages/web build: dist/assets/css-DFyw_Lpk.js                                     49.09 kB │ gzip:    11.95 kB │ map:     60.59 kB
packages/web build: dist/assets/imba-BjMU5c1k.js                                    49.92 kB │ gzip:     9.47 kB │ map:     68.04 kB
packages/web build: dist/assets/imba-DEja0-sg.js                                    49.92 kB │ gzip:     9.47 kB │ map:     68.05 kB
packages/web build: dist/assets/chunk-U2HBQHQK-NIq6RPEM.js                          52.52 kB │ gzip:    17.15 kB │ map:    132.06 kB
packages/web build: dist/assets/everforest-dark-DGH-FDwY.js                         53.74 kB │ gzip:     8.37 kB │ map:     68.22 kB
packages/web build: dist/assets/everforest-dark-Dsn9Xeli.js                         53.74 kB │ gzip:     8.37 kB │ map:     68.24 kB
packages/web build: dist/assets/everforest-light-B1UYd5NC.js                        53.74 kB │ gzip:     8.36 kB │ map:     68.24 kB
packages/web build: dist/assets/everforest-light-CkyhGEvK.js                        53.74 kB │ gzip:     8.36 kB │ map:     68.23 kB
packages/web build: dist/assets/ganttDiagram-T4ZO3ILL-BSzQoarQ.js                   54.44 kB │ gzip:    18.21 kB │ map:    163.43 kB
packages/web build: dist/assets/wikitext-C3foHsl9.js                                55.87 kB │ gzip:     4.81 kB │ map:     77.59 kB
packages/web build: dist/assets/wikitext-WCp1L7nn.js                                55.87 kB │ gzip:     4.81 kB │ map:     77.61 kB
packages/web build: dist/assets/stata-BPeJRn_8.js                                   56.99 kB │ gzip:    12.39 kB │ map:     74.13 kB
packages/web build: dist/assets/stata-BsU2NMM5.js                                   56.99 kB │ gzip:    12.39 kB │ map:     74.14 kB
packages/web build: dist/assets/html-BzLessJ4.js                                    57.31 kB │ gzip:    11.78 kB │ map:     72.97 kB
packages/web build: dist/assets/html-DpxFdLQt.js                                    57.31 kB │ gzip:    11.78 kB │ map:     72.95 kB
packages/web build: dist/assets/ballerina-Dmt3g34E.js                               58.68 kB │ gzip:     8.10 kB │ map:     81.48 kB
packages/web build: dist/assets/ballerina-Dxx9nsJc.js                               58.68 kB │ gzip:     8.10 kB │ map:     81.50 kB
packages/web build: dist/assets/markdown-6PiedY5P.js                                59.32 kB │ gzip:     5.66 kB │ map:     82.30 kB
packages/web build: dist/assets/markdown-BNH4e43a.js                                59.32 kB │ gzip:     5.66 kB │ map:     82.28 kB
packages/web build: dist/assets/flowDiagram-DWJPFMVM-GiEHjC0-.js                    60.22 kB │ gzip:    19.51 kB │ map:    180.36 kB
packages/web build: dist/assets/ocaml-CUzLPOfY.js                                   62.44 kB │ gzip:     5.04 kB │ map:     81.08 kB
packages/web build: dist/assets/ocaml-gdK4NPuo.js                                   62.44 kB │ gzip:     5.04 kB │ map:     81.06 kB
packages/web build: dist/assets/c4Diagram-AHTNJAMY-B8u26ACx.js                      69.17 kB │ gzip:    19.33 kB │ map:    191.40 kB
packages/web build: dist/assets/mojo-B916U2LZ.js                                    69.79 kB │ gzip:     9.21 kB │ map:     94.89 kB
packages/web build: dist/assets/mojo-D4K4V9jW.js                                    69.79 kB │ gzip:     9.21 kB │ map:     94.91 kB
packages/web build: dist/assets/blockDiagram-DXYQGD6D-DnsxdFeN.js                   69.90 kB │ gzip:    19.67 kB │ map:    228.24 kB
packages/web build: dist/assets/python-9DWbN2ZM.js                                  69.94 kB │ gzip:     9.09 kB │ map:     95.19 kB
packages/web build: dist/assets/python-Cbg360jk.js                                  69.94 kB │ gzip:     9.09 kB │ map:     95.21 kB
packages/web build: dist/assets/c-Ckiise7A.js                                       72.16 kB │ gzip:    10.55 kB │ map:     95.33 kB
packages/web build: dist/assets/c-DITaPHfW.js                                       72.16 kB │ gzip:    10.55 kB │ map:     95.35 kB
packages/web build: dist/assets/latex-C-0EBp4q.js                                   72.61 kB │ gzip:     6.68 kB │ map:    100.55 kB
packages/web build: dist/assets/latex-Cisl-1kC.js                                   72.61 kB │ gzip:     6.68 kB │ map:    100.53 kB
packages/web build: dist/assets/vyper-Bp-Tq0IY.js                                   74.64 kB │ gzip:    10.69 kB │ map:    100.68 kB
packages/web build: dist/assets/vyper-DN0lFbae.js                                   74.64 kB │ gzip:    10.69 kB │ map:    100.66 kB
packages/web build: dist/assets/hack-Ddlhyy0o.js                                    80.18 kB │ gzip:    26.27 kB │ map:     97.26 kB
packages/web build: dist/assets/hack-yntoSXXq.js                                    80.18 kB │ gzip:    26.27 kB │ map:     97.27 kB
packages/web build: dist/assets/cose-bilkent-S5V4N54A-DsVFKhel.js                   81.39 kB │ gzip:    21.56 kB │ map:    285.20 kB
packages/web build: dist/assets/swift-CkSuV_0N.js                                   86.68 kB │ gzip:    14.69 kB │ map:    114.46 kB
packages/web build: dist/assets/swift-DdvFbLCw.js                                   86.68 kB │ gzip:    14.69 kB │ map:    114.48 kB
packages/web build: dist/assets/fortran-free-form-2LUqVpax.js                       88.96 kB │ gzip:    11.18 kB │ map:    124.02 kB
packages/web build: dist/assets/fortran-free-form-BzuGSMlo.js                       88.96 kB │ gzip:    11.18 kB │ map:    124.00 kB
packages/web build: dist/assets/csharp-B5vYEkg9.js                                  89.68 kB │ gzip:    10.64 kB │ map:    125.63 kB
packages/web build: dist/assets/csharp-eqxnmqzI.js                                  89.68 kB │ gzip:    10.64 kB │ map:    125.64 kB
packages/web build: dist/assets/racket-ChzEQeee.js                                  92.38 kB │ gzip:    15.07 kB │ map:    106.14 kB
packages/web build: dist/assets/racket-nyVjokx-.js                                  92.38 kB │ gzip:    15.07 kB │ map:    106.16 kB
packages/web build: dist/assets/less-BxlBUSr6.js                                    97.62 kB │ gzip:    14.84 kB │ map:    131.83 kB
packages/web build: dist/assets/less-C4Hc7Dme.js                                    97.62 kB │ gzip:    14.84 kB │ map:    131.81 kB
packages/web build: dist/assets/chunk-5FUZZQ4R-DMUvHFOZ.js                          97.91 kB │ gzip:    23.96 kB │ map:    356.35 kB
packages/web build: dist/assets/blade-BBH1wY2g.js                                  104.97 kB │ gzip:    28.30 kB │ map:    130.91 kB
packages/web build: dist/assets/blade-Bb2j6ZJe.js                                  104.97 kB │ gzip:    28.30 kB │ map:    130.93 kB
packages/web build: dist/assets/objective-c-C8wNh5hh.js                            105.40 kB │ gzip:    23.63 kB │ map:    129.62 kB
packages/web build: dist/assets/objective-c-LJJ6oF8Q.js                            105.40 kB │ gzip:    23.63 kB │ map:    129.60 kB
packages/web build: dist/assets/php-Bch5TjSp.js                                    111.05 kB │ gzip:    28.65 kB │ map:    139.35 kB
packages/web build: dist/assets/php-CFj5xZhP.js                                    111.31 kB │ gzip:    28.65 kB │ map:    139.68 kB
packages/web build: dist/assets/sequenceDiagram-FGHM5R23-DHcQrCzh.js               115.51 kB │ gzip:    30.45 kB │ map:    328.58 kB
packages/web build: dist/assets/asciidoc-Bw2HwRFo.js                               131.52 kB │ gzip:     9.31 kB │ map:    189.08 kB
packages/web build: dist/assets/asciidoc-D3jm21p7.js                               131.52 kB │ gzip:     9.31 kB │ map:    189.06 kB
packages/web build: dist/assets/mdx-C_aTCq6C.js                                    136.10 kB │ gzip:    23.54 kB │ map:    176.69 kB
packages/web build: dist/assets/mdx-KDeZ__bG.js                                    136.10 kB │ gzip:    23.54 kB │ map:    176.68 kB
packages/web build: dist/assets/architectureDiagram-Q4EWVU46-C2L9kWQX.js           146.77 kB │ gzip:    40.23 kB │ map:    547.72 kB
packages/web build: dist/assets/objective-cpp-BBNZS7ib.js                          171.96 kB │ gzip:    30.98 kB │ map:    218.48 kB
packages/web build: dist/assets/objective-cpp-EO-G3VjU.js                          171.96 kB │ gzip:    30.98 kB │ map:    218.50 kB
packages/web build: dist/assets/previewPaneOfficeDocxContent-B5J2WvI0.js           174.62 kB │ gzip:    50.20 kB │ map:    421.48 kB
packages/web build: dist/assets/javascript-BUobf-jY.js                             174.88 kB │ gzip:    16.67 kB │ map:    236.03 kB
packages/web build: dist/assets/javascript-DTnntoQi.js                             174.88 kB │ gzip:    16.67 kB │ map:    236.01 kB
packages/web build: dist/assets/tsx-CWQvuZz3.js                                    175.59 kB │ gzip:    16.67 kB │ map:    236.68 kB
packages/web build: dist/assets/tsx-DOsu0env.js                                    175.59 kB │ gzip:    16.67 kB │ map:    236.70 kB
packages/web build: dist/assets/jsx-CuA2sWTa.js                                    177.84 kB │ gzip:    16.76 kB │ map:    238.96 kB
packages/web build: dist/assets/jsx-DrB3B3n8.js                                    177.84 kB │ gzip:    16.76 kB │ map:    238.94 kB
packages/web build: dist/assets/typescript-7Ep7Y2w1.js                             181.13 kB │ gzip:    16.28 kB │ map:    244.35 kB
packages/web build: dist/assets/typescript-Dtleq8Rk.js                             181.13 kB │ gzip:    16.28 kB │ map:    244.37 kB
packages/web build: dist/assets/angular-ts-BCMSpFoN.js                             183.73 kB │ gzip:    16.78 kB │ map:    249.30 kB
packages/web build: dist/assets/angular-ts-Dbp2uzOQ.js                             183.73 kB │ gzip:    16.78 kB │ map:    249.36 kB
packages/web build: dist/assets/vue-vine-B9Kn0DHX.js                               190.05 kB │ gzip:    18.07 kB │ map:    255.12 kB
packages/web build: dist/assets/vue-vine-TD5oPzGp.js                               190.05 kB │ gzip:    18.07 kB │ map:    255.10 kB
packages/web build: dist/assets/chunk-ICPOFSXX-ByZ6vxSD.js                         214.89 kB │ gzip:    33.81 kB │ map:    514.05 kB
packages/web build: dist/assets/imeComposition-ChUsUnlw.js                         249.23 kB │ gzip:    80.58 kB │ map:  1,120.55 kB
packages/web build: dist/assets/katex-mRr3pe5m.js                                  257.04 kB │ gzip:    76.96 kB │ map:    922.25 kB
packages/web build: dist/assets/chart-BFWYEeWG.js                                  261.02 kB │ gzip:    77.83 kB │ map:  1,335.04 kB
packages/web build: dist/assets/wolfram-C1QiIzh_.js                                262.38 kB │ gzip:    77.63 kB │ map:    279.61 kB
packages/web build: dist/assets/wolfram-DBelgkT0.js                                262.38 kB │ gzip:    77.63 kB │ map:    279.63 kB
packages/web build: dist/assets/src-CPkTy56g.js                                    329.02 kB │ gzip:    92.57 kB │ map:  1,753.18 kB
packages/web build: dist/assets/pdf-viewer-Ca9_EyOv.js                             426.96 kB │ gzip:   126.50 kB │ map:  1,354.01 kB
packages/web build: dist/assets/cytoscape.esm-D51G9BW7.js                          434.14 kB │ gzip:   137.50 kB │ map:  1,682.35 kB
packages/web build: dist/assets/chunk-BO2N2NFS-CnDDmA61.js                         448.65 kB │ gzip:   135.63 kB │ map:  1,684.84 kB
packages/web build: dist/assets/chunk-K5T4RW27-BVqZPUzc.js                         474.01 kB │ gzip:   102.05 kB │ map:  1,677.01 kB
packages/web build: dist/assets/wasm-1QLJZVip.js                                   622.32 kB │ gzip:   232.09 kB │ map:    622.79 kB
packages/web build: dist/assets/wasm-D_7B-XQB.js                                   622.32 kB │ gzip:   232.09 kB │ map:    622.81 kB
packages/web build: dist/assets/cpp-DqTj-ud5.js                                    626.12 kB │ gzip:    48.09 kB │ map:    816.08 kB
packages/web build: dist/assets/cpp-x10fj_YT.js                                    626.12 kB │ gzip:    48.09 kB │ map:    816.12 kB
packages/web build: dist/assets/IntlProvider-wW_jC6At.js                           757.72 kB │ gzip:   182.03 kB │ map:  1,044.69 kB
packages/web build: dist/assets/emacs-lisp-BmqDdSyx.js                             779.84 kB │ gzip:   197.53 kB │ map:    789.78 kB
packages/web build: dist/assets/emacs-lisp-DyKNolPn.js                             779.87 kB │ gzip:   197.55 kB │ map:    789.80 kB
packages/web build: dist/assets/previewPaneOfficeLegacyDocContent-C_M4MOaB.js      900.53 kB │ gzip:   261.96 kB │ map:  4,062.39 kB
packages/web build: dist/assets/pptxRendererPreviewEngine-BAKSCXCA.js            1,042.71 kB │ gzip:   328.59 kB │ map:  2,971.58 kB
packages/web build: dist/assets/previewPaneOfficeXlsxContent-VYnh_MPK.js         2,154.63 kB │ gzip:   697.33 kB │ map:  7,239.00 kB
packages/web build: dist/assets/index-9_JWRPZT.js                                5,998.75 kB │ gzip: 1,692.95 kB │ map: 21,278.46 kB
packages/web build: ✓ built in 7.56s
packages/web build: [plugin builtin:vite-reporter]
packages/web build: (!) Some chunks are larger than 500 kB after minification. Consider:
packages/web build: - Using dynamic import() to code-split the application
packages/web build: - Use build.rolldownOptions.output.codeSplitting to improve chunking: https://rolldown.rs/reference/OutputOptions.codeSplitting
packages/web build: - Adjust chunk size limit for this warning via build.chunkSizeWarningLimit.
packages/web build: [33m[INEFFECTIVE_DYNAMIC_IMPORT] Warning:[0m ../ui/src/previewPanePdfContent.tsx is dynamically imported by ../ui/src/app-shell/workflow-artifacts/WorkflowArtifactBody.tsx but also statically imported by ../ui/src/previewPaneContent.tsx, dynamic import will not move module into another chunk.
packages/web build: [33m[INEFFECTIVE_DYNAMIC_IMPORT] Warning:[0m ../ui/src/previewPanePptxContent.tsx is dynamically imported by ../ui/src/app-shell/workflow-artifacts/WorkflowArtifactBody.tsx but also statically imported by ../ui/src/previewPaneContent.tsx, dynamic import will not move module into another chunk.
packages/web build: [33m[INEFFECTIVE_DYNAMIC_IMPORT] Warning:[0m ../ui/src/previewPaneOfficeContent.tsx is dynamically imported by ../ui/src/app-shell/workflow-artifacts/WorkflowArtifactBody.tsx but also statically imported by ../ui/src/previewPaneContent.tsx, dynamic import will not move module into another chunk.
packages/web build: [33m[PLUGIN_TIMINGS] Warning:[0m Your build spent significant time in plugins. Here is a breakdown:
packages/web build:   - vite:asset (47%)
packages/web build:   - vite:worker (31%)
packages/web build:   - vite:css-post (20%)
packages/web build: See https://rolldown.rs/options/checks#plugintimings for more details.
packages/web build: Done

> @zcode/desktop@ build:no-runtime-assets <HISTORICAL_REPO>/packages/desktop
> pnpm prepare:build-meta && node scripts/run-production-build.mjs


> @zcode/desktop@ prepare:build-meta <HISTORICAL_REPO>/packages/desktop
> node scripts/build-metadata.mjs

[build-meta] wrote <HISTORICAL_REPO>/packages/desktop/out/metadata/build-meta.json
[build-meta] commit=cbdd86d4 time=2026-09-25T20:17:11.931Z
vite v8.0.8 building client environment for production...
[2K
transforming...[tsup] ZCODE_ENV=test ZCODE_PRODUCT_FLAVOR=preview
[MAIN] CLI Building entry: {"main/index":"src/main/index.ts","main/browserWebmRecorder":"src/main/browserView/electronBrowserWebmRecorder.ts","main/zcodeDataSizeWorker":"src/main/zcodeDataSizeWorker.ts","main/storageScanWorker":"src/main/storageScanWorker.ts"}
[MAIN] CLI Using tsconfig: tsconfig.json
[PRELOAD] CLI Building entry: {"preload/embeddedBrowserJavaScriptDialog":"src/preload/embeddedBrowserJavaScriptDialog.ts","preload/codingPlanWebview":"src/preload/codingPlanWebview.ts","preload/browserVideoRecorder":"src/preload/browserVideoRecorder.ts","preload/index":"src/preload/index.ts","preload/resourceManager":"src/preload/resourceManager.ts","preload/cuaPermissionPanel":"src/preload/cuaPermissionPanel.ts"}
[PRELOAD] CLI Using tsconfig: tsconfig.json
[HOST] CLI Building entry: {"host/index":"src/host/index.ts","host/tasksStorageWorker":"src/host/tasksStorageWorker.ts"}
[HOST] CLI Using tsconfig: tsconfig.json
[SCHEDULER] CLI Building entry: {"scheduler/index":"src/scheduler/index.ts"}
[SCHEDULER] CLI Using tsconfig: tsconfig.json
[MAIN] CLI tsup v8.5.1
[MAIN] CLI Using tsup config: <HISTORICAL_REPO>/packages/desktop/tsup.config.ts
[PRELOAD] CLI tsup v8.5.1
[PRELOAD] CLI Using tsup config: <HISTORICAL_REPO>/packages/desktop/tsup.config.ts
[HOST] CLI tsup v8.5.1
[HOST] CLI Using tsup config: <HISTORICAL_REPO>/packages/desktop/tsup.config.ts
[SCHEDULER] CLI tsup v8.5.1
[SCHEDULER] CLI Using tsup config: <HISTORICAL_REPO>/packages/desktop/tsup.config.ts
[MAIN] CLI Target: node22
[MAIN] ESM Build start
[PRELOAD] CLI Target: node22
[PRELOAD] CJS Build start
[HOST] CLI Target: node22
[HOST] ESM Build start
[SCHEDULER] CLI Target: node22
[SCHEDULER] ESM Build start
[PRELOAD] CJS out/preload/browserVideoRecorder.cjs            140.00 B
[PRELOAD] CJS out/preload/embeddedBrowserJavaScriptDialog.cjs 664.97 KB
[PRELOAD] CJS out/preload/index.cjs                           681.68 KB
[PRELOAD] CJS out/preload/cuaPermissionPanel.cjs              662.48 KB
[PRELOAD] CJS out/preload/codingPlanWebview.cjs               664.46 KB
[PRELOAD] CJS out/preload/resourceManager.cjs                 663.40 KB
[PRELOAD] CJS ⚡️ Build success in 288ms
[SCHEDULER] ESM out/scheduler/chunk-MOVGSCYQ.js 1.43 KB
[SCHEDULER] ESM out/scheduler/index.js          942.59 KB
[SCHEDULER] ESM out/scheduler/chunk-PAMVIACU.js 107.00 B
[SCHEDULER] ESM ⚡️ Build success in 392ms
[HOST] ESM out/host/chunk-2N2TKNOV.js     156.79 KB
[HOST] ESM out/host/chunk-B45ORG4E.js     140.00 B
[HOST] ESM out/host/chunk-5AJAOD42.js     202.00 B
[HOST] ESM out/host/chunk-UOJDOU2A.js     96.56 KB
[HOST] ESM out/host/chunk-LEOJIGN2.js     10.67 KB
[HOST] ESM out/host/chunk-AYVEXGY3.js     857.00 B
[HOST] ESM out/host/chunk-GOVIVXYI.js     1.38 KB
[HOST] ESM out/host/chunk-BRWVDQBN.js     106.84 KB
[HOST] ESM out/host/chunk-VX7P3VUC.js     152.00 B
[HOST] ESM out/host/tasksStorageWorker.js 616.00 B
[HOST] ESM out/host/chunk-6A3RDH7Q.js     872.00 B
[HOST] ESM out/host/chunk-L4X5TBCR.js     572.00 B
[HOST] ESM out/host/chunk-6IUWV5UR.js     734.00 B
[HOST] ESM out/host/chunk-VGZV7KBJ.js     11.88 KB
[HOST] ESM out/host/chunk-XPU7OCSY.js     17.67 KB
[HOST] ESM out/host/chunk-OAWVEIS4.js     6.48 KB
[HOST] ESM out/host/chunk-F4LO5R4G.js     725.68 KB
[HOST] ESM out/host/index.js              1.28 MB
[HOST] ESM ⚡️ Build success in 402ms
[MAIN] ESM out/main/chunk-DU3QWBVM.js      96.56 KB
[MAIN] ESM out/main/zcodeDataSizeWorker.js 319.00 B
[MAIN] ESM out/main/storageScanWorker.js   813.00 B
[MAIN] ESM out/main/chunk-NYUAABO3.js      1.86 KB
[MAIN] ESM out/main/chunk-DEXJ73SM.js      981.00 B
[MAIN] ESM out/main/chunk-FHCRRJEU.js      140.00 B
[MAIN] ESM out/main/chunk-LUAQCUGV.js      203.37 KB
[MAIN] ESM out/main/chunk-UWAC2NKV.js      47.77 KB
[MAIN] ESM out/main/chunk-LUGE5S6M.js      6.48 KB
[MAIN] ESM out/main/chunk-YKK45TIV.js      202.00 B
[MAIN] ESM out/main/chunk-7WFYERIM.js      152.00 B
[MAIN] ESM out/main/chunk-W5HUUFNC.js      872.00 B
[MAIN] ESM out/main/chunk-W3WB5B7R.js      734.00 B
[MAIN] ESM out/main/chunk-3GKA6XKN.js      10.67 KB
[MAIN] ESM out/main/chunk-P3MR3E2C.js      572.00 B
[MAIN] ESM out/main/chunk-3WLLXY4Q.js      11.87 KB
[MAIN] ESM out/main/chunk-IBXZ4LOM.js      11.51 KB
[MAIN] ESM out/main/chunk-OEEAMZIK.js      11.66 KB
[MAIN] ESM out/main/index.js               659.18 KB
[MAIN] ESM out/main/browserWebmRecorder.js 153.00 B
[MAIN] ESM out/main/chunk-UCLOSH4P.js      709.94 KB
[MAIN] ESM ⚡️ Build success in 409ms
✓ 7698 modules transformed.
rendering chunks...
computing gzip size...
out/renderer/pdfjs/cmaps/CNS2-V.bcmap                                    0.09 kB
out/renderer/pdfjs/cmaps/Roman.bcmap                                     0.09 kB
out/renderer/pdfjs/cmaps/Katakana.bcmap                                  0.10 kB
out/renderer/pdfjs/cmaps/ETenms-B5-H.bcmap                               0.10 kB
out/renderer/pdfjs/cmaps/UniJIS-UCS2-HW-H.bcmap                          0.11 kB
out/renderer/pdfjs/cmaps/Hiragana.bcmap                                  0.12 kB
out/renderer/pdfjs/cmaps/Hankaku.bcmap                                   0.13 kB
out/renderer/pdfjs/cmaps/B5-V.bcmap                                      0.14 kB
out/renderer/pdfjs/cmaps/CNS1-V.bcmap                                    0.14 kB
out/renderer/pdfjs/cmaps/B5pc-V.bcmap                                    0.14 kB
out/renderer/pdfjs/cmaps/HKdla-B5-V.bcmap                                0.14 kB
out/renderer/pdfjs/cmaps/HKdlb-B5-V.bcmap                                0.14 kB
out/renderer/pdfjs/cmaps/HKgccs-B5-V.bcmap                               0.14 kB
out/renderer/pdfjs/cmaps/HKm314-B5-V.bcmap                               0.14 kB
out/renderer/pdfjs/cmaps/HKm471-B5-V.bcmap                               0.14 kB
out/renderer/pdfjs/cmaps/UniCNS-UCS2-V.bcmap                             0.15 kB
out/renderer/pdfjs/cmaps/UniCNS-UTF16-V.bcmap                            0.15 kB
out/renderer/pdfjs/cmaps/UniCNS-UTF8-V.bcmap                             0.15 kB
out/renderer/pdfjs/cmaps/ETHK-B5-V.bcmap                                 0.15 kB
out/renderer/pdfjs/cmaps/ETen-B5-V.bcmap                                 0.15 kB
out/renderer/pdfjs/cmaps/HKscs-B5-V.bcmap                                0.15 kB
out/renderer/pdfjs/cmaps/KSC-V.bcmap                                     0.16 kB
out/renderer/pdfjs/cmaps/UniCNS-UTF32-V.bcmap                            0.16 kB
out/renderer/pdfjs/cmaps/KSC-EUC-V.bcmap                                 0.16 kB
out/renderer/pdfjs/cmaps/UniKS-UTF16-V.bcmap                             0.16 kB
out/renderer/pdfjs/cmaps/KSC-Johab-V.bcmap                               0.16 kB
out/renderer/pdfjs/cmaps/KSCms-UHC-V.bcmap                               0.16 kB
out/renderer/pdfjs/cmaps/KSCpc-EUC-V.bcmap                               0.16 kB
out/renderer/pdfjs/cmaps/V.bcmap                                         0.16 kB
out/renderer/pdfjs/cmaps/UniKS-UTF32-V.bcmap                             0.16 kB
out/renderer/pdfjs/cmaps/78-V.bcmap                                      0.16 kB
out/renderer/pdfjs/cmaps/KSCms-UHC-HW-V.bcmap                            0.16 kB
out/renderer/pdfjs/cmaps/UniKS-UTF8-V.bcmap                              0.16 kB
out/renderer/pdfjs/cmaps/EUC-V.bcmap                                     0.17 kB
out/renderer/pdfjs/cmaps/RKSJ-V.bcmap                                    0.17 kB
out/renderer/pdfjs/cmaps/ETenms-B5-V.bcmap                               0.17 kB
out/renderer/pdfjs/cmaps/78-EUC-V.bcmap                                  0.17 kB
out/renderer/pdfjs/cmaps/78-RKSJ-V.bcmap                                 0.17 kB
out/renderer/pdfjs/cmaps/GB-V.bcmap                                      0.17 kB
out/renderer/pdfjs/cmaps/GBT-V.bcmap                                     0.17 kB
out/renderer/pdfjs/cmaps/UniGB-UTF16-V.bcmap                             0.17 kB
out/renderer/pdfjs/cmaps/UniKS-UCS2-V.bcmap                              0.17 kB
out/renderer/pdfjs/cmaps/GB-EUC-V.bcmap                                  0.17 kB
out/renderer/pdfjs/cmaps/WP-Symbol.bcmap                                 0.17 kB
out/renderer/pdfjs/cmaps/GBK-EUC-V.bcmap                                 0.18 kB
out/renderer/pdfjs/cmaps/GBT-EUC-V.bcmap                                 0.18 kB
out/renderer/pdfjs/cmaps/GBKp-EUC-V.bcmap                                0.18 kB
out/renderer/pdfjs/cmaps/GBpc-EUC-V.bcmap                                0.18 kB
out/renderer/pdfjs/cmaps/UniGB-UTF8-V.bcmap                              0.18 kB
out/renderer/pdfjs/cmaps/GBTpc-EUC-V.bcmap                               0.18 kB
out/renderer/pdfjs/cmaps/UniGB-UTF32-V.bcmap                             0.18 kB
out/renderer/pdfjs/cmaps/UniGB-UCS2-V.bcmap                              0.19 kB
out/renderer/pdfjs/cmaps/Ext-V.bcmap                                     0.21 kB
out/renderer/pdfjs/cmaps/Adobe-GB1-0.bcmap                               0.21 kB
out/renderer/pdfjs/cmaps/Ext-RKSJ-V.bcmap                                0.21 kB
out/renderer/pdfjs/cmaps/GBK2K-V.bcmap                                   0.21 kB
out/renderer/pdfjs/cmaps/Adobe-Japan1-0.bcmap                            0.22 kB
out/renderer/pdfjs/cmaps/Adobe-Japan1-1.bcmap                            0.22 kB
out/renderer/pdfjs/cmaps/Adobe-Japan1-2.bcmap                            0.23 kB
out/renderer/pdfjs/cmaps/Adobe-Korea1-0.bcmap                            0.24 kB
out/renderer/pdfjs/cmaps/Adobe-Japan1-3.bcmap                            0.24 kB
out/renderer/pdfjs/cmaps/Adobe-GB1-1.bcmap                               0.25 kB
out/renderer/pdfjs/cmaps/NWP-V.bcmap                                     0.25 kB
out/renderer/pdfjs/cmaps/90pv-RKSJ-V.bcmap                               0.26 kB
out/renderer/pdfjs/cmaps/Add-V.bcmap                                     0.28 kB
out/renderer/pdfjs/cmaps/Add-RKSJ-V.bcmap                                0.28 kB
out/renderer/pdfjs/cmaps/78ms-RKSJ-V.bcmap                               0.29 kB
out/renderer/pdfjs/cmaps/90ms-RKSJ-V.bcmap                               0.29 kB
out/renderer/pdfjs/cmaps/90msp-RKSJ-V.bcmap                              0.29 kB
out/renderer/pdfjs/cmaps/Adobe-CNS1-0.bcmap                              0.31 kB
out/renderer/pdfjs/cmaps/Adobe-Japan1-4.bcmap                            0.33 kB
out/renderer/pdfjs/cmaps/Adobe-CNS1-1.bcmap                              0.37 kB
out/renderer/pdfjs/cmaps/Adobe-CNS1-2.bcmap                              0.37 kB
out/renderer/pdfjs/cmaps/Adobe-Korea1-1.bcmap                            0.38 kB
out/renderer/pdfjs/cmaps/Adobe-Korea1-2.bcmap                            0.39 kB
out/renderer/pdfjs/cmaps/Adobe-CNS1-3.bcmap                              0.40 kB
out/renderer/pdfjs/cmaps/Adobe-CNS1-4.bcmap                              0.40 kB
out/renderer/pdfjs/cmaps/Adobe-CNS1-5.bcmap                              0.40 kB
out/renderer/pdfjs/cmaps/Adobe-CNS1-6.bcmap                              0.40 kB
out/renderer/pdfjs/cmaps/Adobe-Japan1-5.bcmap                            0.43 kB
out/renderer/pdfjs/cmaps/Adobe-GB1-2.bcmap                               0.46 kB
out/renderer/pdfjs/cmaps/Adobe-GB1-3.bcmap                               0.47 kB
out/renderer/pdfjs/cmaps/Adobe-Japan1-6.bcmap                            0.48 kB
out/renderer/pdfjs/cmaps/CNS2-H.bcmap                                    0.50 kB
out/renderer/pdfjs/cmaps/GB-H.bcmap                                      0.52 kB
out/renderer/pdfjs/cmaps/RKSJ-H.bcmap                                    0.53 kB
out/renderer/pdfjs/cmaps/GB-EUC-H.bcmap                                  0.54 kB
out/renderer/pdfjs/cmaps/H.bcmap                                         0.55 kB
out/renderer/pdfjs/cmaps/GBpc-EUC-H.bcmap                                0.55 kB
out/renderer/pdfjs/cmaps/EUC-H.bcmap                                     0.57 kB
out/renderer/pdfjs/cmaps/Adobe-GB1-4.bcmap                               0.60 kB
out/renderer/pdfjs/cmaps/Adobe-GB1-5.bcmap                               0.62 kB
out/renderer/pdfjs/cmaps/UniJIS-UTF16-V.bcmap                            0.64 kB
out/renderer/pdfjs/cmaps/UniJIS2004-UTF16-V.bcmap                        0.64 kB
out/renderer/pdfjs/cmaps/UniJIS-UCS2-V.bcmap                             0.66 kB
out/renderer/pdfjs/cmaps/UniJIS-UTF32-V.bcmap                            0.67 kB
out/renderer/pdfjs/cmaps/UniJIS-UTF8-V.bcmap                             0.67 kB
out/renderer/pdfjs/cmaps/UniJIS-UCS2-HW-V.bcmap                          0.68 kB
out/renderer/pdfjs/cmaps/UniJIS2004-UTF32-V.bcmap                        0.68 kB
out/renderer/pdfjs/cmaps/UniJIS2004-UTF8-V.bcmap                         0.68 kB
out/renderer/pdfjs/cmaps/UniJISX0213-UTF32-V.bcmap                       0.68 kB
out/renderer/pdfjs/cmaps/UniJISX02132004-UTF32-V.bcmap                   0.68 kB
out/renderer/pdfjs/cmaps/UniJISPro-UCS2-V.bcmap                          0.68 kB
out/renderer/pdfjs/cmaps/UniJISPro-UCS2-HW-V.bcmap                       0.70 kB
out/renderer/pdfjs/cmaps/CNS1-H.bcmap                                    0.70 kB
out/renderer/pdfjs/cmaps/90msp-RKSJ-H.bcmap                              0.71 kB
out/renderer/pdfjs/cmaps/90ms-RKSJ-H.bcmap                               0.72 kB
out/renderer/pdfjs/cmaps/UniJISPro-UTF8-V.bcmap                          0.72 kB
out/renderer/pdfjs/cmaps/83pv-RKSJ-H.bcmap                               0.90 kB
out/renderer/pdfjs/cmaps/90pv-RKSJ-H.bcmap                               0.98 kB
out/renderer/pdfjs/cmaps/B5-H.bcmap                                      1.08 kB
out/renderer/pdfjs/cmaps/B5pc-H.bcmap                                    1.09 kB
out/renderer/pdfjs/cmaps/ETen-B5-H.bcmap                                 1.12 kB
out/renderer/pdfjs/cmaps/HKm314-B5-H.bcmap                               1.77 kB
out/renderer/pdfjs/cmaps/CNS-EUC-H.bcmap                                 1.78 kB
out/renderer/pdfjs/cmaps/KSC-H.bcmap                                     1.83 kB
out/renderer/pdfjs/cmaps/KSC-EUC-H.bcmap                                 1.84 kB
out/renderer/pdfjs/cmaps/CNS-EUC-V.bcmap                                 1.92 kB
out/renderer/pdfjs/cmaps/KSCpc-EUC-H.bcmap                               2.02 kB
out/renderer/pdfjs/cmaps/HKm471-B5-H.bcmap                               2.17 kB
out/renderer/pdfjs/cmaps/HKgccs-B5-H.bcmap                               2.29 kB
out/renderer/pdfjs/cmaps/78-H.bcmap                                      2.37 kB
out/renderer/pdfjs/cmaps/78-RKSJ-H.bcmap                                 2.39 kB
out/renderer/pdfjs/cmaps/78-EUC-H.bcmap                                  2.40 kB
out/renderer/pdfjs/cmaps/Add-RKSJ-H.bcmap                                2.41 kB
out/renderer/pdfjs/cmaps/HKdlb-B5-H.bcmap                                2.41 kB
out/renderer/pdfjs/cmaps/Add-H.bcmap                                     2.41 kB
out/renderer/pdfjs/cmaps/Ext-H.bcmap                                     2.53 kB
out/renderer/pdfjs/cmaps/Ext-RKSJ-H.bcmap                                2.54 kB
out/renderer/pdfjs/cmaps/78ms-RKSJ-H.bcmap                               2.65 kB
out/renderer/pdfjs/cmaps/HKdla-B5-H.bcmap                                2.65 kB
out/renderer/assets/workspaceFileSearchFilter.worker-OQwPzeVM.js         2.65 kB
out/renderer/pdfjs/cmaps/NWP-H.bcmap                                     2.76 kB
out/renderer/pdfjs/cmaps/KSCms-UHC-H.bcmap                               2.78 kB
out/renderer/pdfjs/cmaps/KSCms-UHC-HW-H.bcmap                            2.78 kB
out/renderer/cua-permission-panel.html                                   3.83 kB │ gzip:     1.52 kB
out/renderer/assets/KaTeX_Size3-Regular-CTq5MqoE.woff                    4.42 kB
out/renderer/pdfjs/cmaps/ETHK-B5-H.bcmap                                 4.42 kB
out/renderer/pdfjs/cmaps/HKscs-B5-H.bcmap                                4.43 kB
out/renderer/assets/KaTeX_Size4-Regular-Dl5lxZxV.woff2                   4.92 kB
out/renderer/assets/model-provider-moonshot-kimi-k9BDmLI_.png            4.99 kB
out/renderer/assets/KaTeX_Size2-Regular-Dy4dx90m.woff2                   5.20 kB
out/renderer/assets/KaTeX_Size1-Regular-mCD8mA8B.woff2                   5.46 kB
out/renderer/assets/KaTeX_Size4-Regular-BF-4gkZK.woff                    5.98 kB
out/renderer/assets/KaTeX_Size2-Regular-oD1tc_U0.woff                    6.18 kB
out/renderer/assets/KaTeX_Size1-Regular-C195tn64.woff                    6.49 kB
out/renderer/assets/terminal-C6Bd1jeQ.png                                6.71 kB
out/renderer/assets/KaTeX_Caligraphic-Regular-Di6jR-x-.woff2             6.90 kB
out/renderer/assets/KaTeX_Caligraphic-Bold-Dq_IR9rO.woff2                6.91 kB
out/renderer/pdfjs/cmaps/GBT-H.bcmap                                     7.26 kB
out/renderer/pdfjs/cmaps/GBT-EUC-H.bcmap                                 7.29 kB
out/renderer/pdfjs/cmaps/GBTpc-EUC-H.bcmap                               7.29 kB
out/renderer/assets/image-search-DCThk39K.png                            7.51 kB
out/renderer/assets/KaTeX_Size3-Regular-DgpXs0kz.ttf                     7.58 kB
out/renderer/assets/KaTeX_Caligraphic-Regular-CTRA-rTL.woff              7.65 kB
out/renderer/assets/KaTeX_Caligraphic-Bold-BEiXGLvX.woff                 7.71 kB
out/renderer/assets/feishu-CCgK6olr.png                                  8.06 kB
out/renderer/assets/model-provider-zai-app-CL3KEqFX.png                  8.78 kB
out/renderer/assets/<REDACTED_EMAIL_1>                         9.50 kB
out/renderer/assets/spreadsheets-Dd4d3fMm.png                            9.50 kB
out/renderer/assets/KaTeX_Script-Regular-D3wIWfF6.woff2                  9.64 kB
out/renderer/assets/presentations-CuyJxtRR.png                           9.66 kB
out/renderer/assets/<REDACTED_EMAIL_2>                            9.71 kB
out/renderer/assets/documents-DrPsuPJf.png                               9.74 kB
out/renderer/assets/<REDACTED_EMAIL_3>                                  9.74 kB
out/renderer/assets/pdf-CQM2rvTK.png                                     9.81 kB
out/renderer/assets/KaTeX_SansSerif-Regular-DDBCnlJ7.woff2              10.34 kB
out/renderer/assets/KaTeX_Size4-Regular-DWFBv043.ttf                    10.36 kB
out/renderer/assets/KaTeX_Script-Regular-D5yQViql.woff                  10.58 kB
out/renderer/assets/KaTeX_Fraktur-Regular-CTYiF6lA.woff2                11.31 kB
out/renderer/assets/KaTeX_Fraktur-Bold-CL6g_b3V.woff2                   11.34 kB
out/renderer/assets/KaTeX_Size2-Regular-B7gKUWhC.ttf                    11.50 kB
out/renderer/assets/task-notification-pop-qiQ1Ge3C.mp3                  11.81 kB
out/renderer/assets/KaTeX_SansSerif-Italic-C3H0VqGB.woff2               12.02 kB
out/renderer/assets/KaTeX_SansSerif-Bold-D1sUS0GD.woff2                 12.21 kB
out/renderer/assets/KaTeX_Size1-Regular-Dbsnue_I.ttf                    12.22 kB
out/renderer/assets/KaTeX_SansSerif-Regular-CS6fqUqJ.woff               12.31 kB
out/renderer/assets/KaTeX_Caligraphic-Regular-wX97UBjC.ttf              12.34 kB
out/renderer/assets/KaTeX_Caligraphic-Bold-ATXxdsX0.ttf                 12.36 kB
out/renderer/assets/finder-B1T_P_VR.png                                 12.67 kB
out/renderer/assets/KaTeX_Fraktur-Regular-Dxdc4cR9.woff                 13.20 kB
out/renderer/assets/KaTeX_Fraktur-Bold-BsDP51OF.woff                    13.29 kB
out/renderer/assets/KaTeX_Typewriter-Regular-CO6r4hn1.woff2             13.56 kB
out/renderer/assets/plugin-creator-Bb4PHfyz.png                         13.65 kB
out/renderer/assets/KaTeX_SansSerif-Italic-DN2j7dab.woff                14.11 kB
out/renderer/assets/KaTeX_SansSerif-Bold-DbIhKOiC.woff                  14.40 kB
out/renderer/pdfjs/cmaps/GBKp-EUC-H.bcmap                               14.68 kB
out/renderer/pdfjs/cmaps/GBK-EUC-H.bcmap                                14.69 kB
out/renderer/assets/docx-import-worker-oPk-zLr5.js                      14.85 kB
out/renderer/assets/KaTeX_Typewriter-Regular-C0xS9mPB.woff              16.02 kB
out/renderer/assets/KaTeX_Math-BoldItalic-CZnvNsCZ.woff2                16.40 kB
out/renderer/assets/KaTeX_Math-Italic-t53AETM-.woff2                    16.44 kB
out/renderer/assets/KaTeX_Script-Regular-C5JkGWo-.ttf                   16.64 kB
out/renderer/assets/KaTeX_Main-BoldItalic-DxDJ3AOS.woff2                16.78 kB
out/renderer/pdfjs/cmaps/KSC-Johab-H.bcmap                              16.79 kB
out/renderer/assets/KaTeX_Main-Italic-NWA7e6Wa.woff2                    16.98 kB
out/renderer/assets/KaTeX_Math-BoldItalic-iY-2wyZ7.woff                 18.66 kB
out/renderer/assets/KaTeX_Math-Italic-DA0__PXp.woff                     18.74 kB
out/renderer/assets/KaTeX_Main-BoldItalic-SpSLRI95.woff                 19.41 kB
out/renderer/assets/KaTeX_SansSerif-Regular-BNo7hRIc.ttf                19.43 kB
out/renderer/assets/KaTeX_Fraktur-Regular-CB_wures.ttf                  19.57 kB
out/renderer/assets/KaTeX_Fraktur-Bold-BdnERNNW.ttf                     19.58 kB
out/renderer/pdfjs/cmaps/GBK2K-H.bcmap                                  19.66 kB
out/renderer/assets/KaTeX_Main-Italic-BMLOBm91.woff                     19.67 kB
out/renderer/assets/KaTeX_SansSerif-Italic-YYjJ1zSn.ttf                 22.36 kB
out/renderer/resource-manager.html                                      23.28 kB │ gzip:     3.97 kB
out/renderer/pdfjs/cmaps/Adobe-Korea1-UCS2.bcmap                        23.29 kB
out/renderer/assets/KaTeX_SansSerif-Bold-CFMepnvq.ttf                   24.50 kB
out/renderer/assets/KaTeX_Main-Bold-Cx986IdX.woff2                      25.32 kB
out/renderer/pdfjs/cmaps/UniJIS-UCS2-H.bcmap                            25.43 kB
out/renderer/pdfjs/cmaps/UniKS-UCS2-H.bcmap                             25.78 kB
out/renderer/index.html                                                 26.00 kB │ gzip:     5.07 kB
out/renderer/assets/KaTeX_Main-Regular-B22Nviop.woff2                   26.27 kB
out/renderer/pdfjs/cmaps/UniKS-UTF16-H.bcmap                            26.32 kB
out/renderer/pdfjs/cmaps/UniKS-UTF32-H.bcmap                            26.45 kB
out/renderer/assets/KaTeX_Typewriter-Regular-D3Ib7_Hf.ttf               27.55 kB
out/renderer/pdfjs/cmaps/UniKS-UTF8-H.bcmap                             27.79 kB
out/renderer/assets/KaTeX_AMS-Regular-BQhdFMY1.woff2                    28.07 kB
out/renderer/assets/KaTeX_Main-Bold-Jm3AIy58.woff                       29.91 kB
out/renderer/assets/KaTeX_Main-Regular-Dr94JaBh.woff                    30.77 kB
out/renderer/assets/KaTeX_Math-BoldItalic-B3XSjfu4.ttf                  31.19 kB
out/renderer/assets/KaTeX_Math-Italic-flOr_0UB.ttf                      31.30 kB
out/renderer/assets/KaTeX_Main-BoldItalic-DzxPMmG6.ttf                  32.96 kB
out/renderer/assets/KaTeX_AMS-Regular-DMm9YOAa.woff                     33.51 kB
out/renderer/assets/KaTeX_Main-Italic-3WenGoN9.ttf                      33.58 kB
out/renderer/pdfjs/cmaps/Adobe-GB1-UCS2.bcmap                           33.97 kB
out/renderer/pdfjs/cmaps/UniJIS-UTF16-H.bcmap                           39.44 kB
out/renderer/pdfjs/cmaps/UniJIS2004-UTF16-H.bcmap                       39.53 kB
out/renderer/pdfjs/cmaps/UniJISX0213-UTF32-H.bcmap                      40.51 kB
out/renderer/pdfjs/cmaps/UniJIS-UTF32-H.bcmap                           40.53 kB
out/renderer/pdfjs/cmaps/UniJISX02132004-UTF32-H.bcmap                  40.60 kB
out/renderer/pdfjs/cmaps/UniJIS2004-UTF32-H.bcmap                       40.63 kB
out/renderer/pdfjs/cmaps/Adobe-Japan1-UCS2.bcmap                        40.95 kB
out/renderer/pdfjs/cmaps/Adobe-CNS1-UCS2.bcmap                          41.19 kB
out/renderer/pdfjs/cmaps/UniJIS-UTF8-H.bcmap                            41.69 kB
out/renderer/pdfjs/cmaps/UniJIS2004-UTF8-H.bcmap                        41.77 kB
out/renderer/pdfjs/cmaps/UniGB-UCS2-H.bcmap                             43.36 kB
out/renderer/pdfjs/cmaps/UniGB-UTF16-H.bcmap                            44.08 kB
out/renderer/pdfjs/cmaps/UniGB-UTF32-H.bcmap                            45.73 kB
out/renderer/pdfjs/cmaps/UniGB-UTF8-H.bcmap                             46.83 kB
out/renderer/pdfjs/cmaps/UniCNS-UCS2-H.bcmap                            48.28 kB
out/renderer/pdfjs/cmaps/UniCNS-UTF16-H.bcmap                           50.41 kB
out/renderer/assets/KaTeX_Main-Bold-waoOVXN0.ttf                        51.33 kB
out/renderer/pdfjs/cmaps/UniCNS-UTF32-H.bcmap                           52.67 kB
out/renderer/assets/KaTeX_Main-Regular-ypZvNtVU.ttf                     53.58 kB
out/renderer/pdfjs/cmaps/UniCNS-UTF8-H.bcmap                            53.62 kB
out/renderer/assets/KaTeX_AMS-Regular-DRggAlZN.ttf                      63.63 kB
out/renderer/assets/xlsx-worker-DJiDdvsD.js                            132.12 kB
out/renderer/assets/<REDACTED_EMAIL_4>                           215.70 kB
out/renderer/assets/icon-glm-for-dark-gaDfAQcT.png                     223.61 kB
out/renderer/assets/icon-glm-for-light-Dsx5dwqA.png                    223.80 kB
out/renderer/assets/diffs.worker-CAavpt0L.js                           827.86 kB
out/renderer/assets/pdf.worker.min-qwK7q_zL.mjs                      1,046.21 kB
out/renderer/assets/docx_wasm_bg-HWnIvdMf.wasm                       1,119.33 kB │ gzip:   443.20 kB
out/renderer/assets/duke_sheets_wasm_bg-BCCK9PkU.wasm                4,345.44 kB │ gzip: 1,663.17 kB
out/renderer/assets/pdf-viewer-Dgb4oCkS.css                              1.49 kB │ gzip:     0.59 kB
out/renderer/assets/styles-DUkq4wbg.css                                394.19 kB │ gzip:    63.50 kB
out/renderer/assets/mermaid-GHXKKRXX-BIzLaqwP.js                         0.07 kB │ gzip:     0.08 kB
out/renderer/assets/x-CrfUDX-2.js                                        0.07 kB │ gzip:     0.08 kB
out/renderer/assets/ban-C17pehkZ.js                                      0.07 kB │ gzip:     0.08 kB
out/renderer/assets/bot-DV3nurHG.js                                      0.07 kB │ gzip:     0.08 kB
out/renderer/assets/bug-aHPIp252.js                                      0.07 kB │ gzip:     0.08 kB
out/renderer/assets/cpu-BIjmPn_S.js                                      0.07 kB │ gzip:     0.08 kB
out/renderer/assets/eye-C8sm8F8Y.js                                      0.07 kB │ gzip:     0.08 kB
out/renderer/assets/map-CqSkl6Ni.js                                      0.07 kB │ gzip:     0.08 kB
out/renderer/assets/pin-Be85GgKN.js                                      0.07 kB │ gzip:     0.08 kB
out/renderer/assets/sun-CSz4lxI-.js                                      0.07 kB │ gzip:     0.08 kB
out/renderer/assets/tag-DN1MaoXo.js                                      0.07 kB │ gzip:     0.08 kB
out/renderer/assets/copy-7MctZI5Y.js                                     0.07 kB │ gzip:     0.09 kB
out/renderer/assets/file-noTjgeOJ.js                                     0.07 kB │ gzip:     0.09 kB
out/renderer/assets/gift-CgMF0yNb.js                                     0.07 kB │ gzip:     0.09 kB
out/renderer/assets/goal-BQdABYwE.js                                     0.07 kB │ gzip:     0.09 kB
out/renderer/assets/hand-Bq01Ts2-.js                                     0.07 kB │ gzip:     0.09 kB
out/renderer/assets/hash-Bl7bsh34.js                                     0.07 kB │ gzip:     0.09 kB
out/renderer/assets/info-Dnvqifis.js                                     0.07 kB │ gzip:     0.09 kB
out/renderer/assets/link-f0mrrF6C.js                                     0.07 kB │ gzip:     0.09 kB
out/renderer/assets/list-f82qf5Kk.js                                     0.07 kB │ gzip:     0.09 kB
out/renderer/assets/lock-DvcO2GCm.js                                     0.07 kB │ gzip:     0.09 kB
out/renderer/assets/moon-az-aWoW5.js                                     0.07 kB │ gzip:     0.09 kB
out/renderer/assets/play-C9qYBDK_.js                                     0.07 kB │ gzip:     0.09 kB
out/renderer/assets/plug-BF_3Er8j.js                                     0.07 kB │ gzip:     0.09 kB
out/renderer/assets/plus-BpORV9_G.js                                     0.07 kB │ gzip:     0.09 kB
out/renderer/assets/save-DVfjWxay.js                                     0.07 kB │ gzip:     0.09 kB
out/renderer/assets/send-Bn3t_xUp.js                                     0.07 kB │ gzip:     0.09 kB
out/renderer/assets/user-j9CzlNdZ.js                                     0.07 kB │ gzip:     0.09 kB
out/renderer/assets/brain-CLIpYfD2.js                                    0.07 kB │ gzip:     0.09 kB
out/renderer/assets/cable-CkJZE3mT.js                                    0.07 kB │ gzip:     0.09 kB
out/renderer/assets/check-Gao5g6AP.js                                    0.07 kB │ gzip:     0.09 kB
out/renderer/assets/clock-C4SxQvLv.js                                    0.07 kB │ gzip:     0.09 kB
out/renderer/assets/cloud-CalytkSs.js                                    0.07 kB │ gzip:     0.09 kB
out/renderer/assets/crown-DntBv6vR.js                                    0.07 kB │ gzip:     0.09 kB
out/renderer/assets/earth-Dl3twFW_.js                                    0.07 kB │ gzip:     0.09 kB
out/renderer/assets/files-DK07m-Mk.js                                    0.07 kB │ gzip:     0.09 kB
out/renderer/assets/gauge-CXE714oz.js                                    0.07 kB │ gzip:     0.09 kB
out/renderer/assets/globe--GR_6fIv.js                                    0.07 kB │ gzip:     0.09 kB
out/renderer/assets/house-DyQuUS4g.js                                    0.07 kB │ gzip:     0.09 kB
out/renderer/assets/image-BCeIPa1b.js                                    0.07 kB │ gzip:     0.09 kB
out/renderer/assets/inbox-NiDNoecG.js                                    0.07 kB │ gzip:     0.09 kB
out/renderer/assets/minus-DLgJYRRd.js                                    0.07 kB │ gzip:     0.09 kB
out/renderer/assets/pause-CQ8ddOPy.js                                    0.07 kB │ gzip:     0.09 kB
out/renderer/assets/power-Dyw_YHho.js                                    0.07 kB │ gzip:     0.09 kB
out/renderer/assets/quote-cthzV2db.js                                    0.07 kB │ gzip:     0.09 kB
out/renderer/assets/reply-CKMPUkXF.js                                    0.07 kB │ gzip:     0.09 kB
out/renderer/assets/route-s2CqvOXX.js                                    0.07 kB │ gzip:     0.09 kB
out/renderer/assets/scale-QKDTfesm.js                                    0.07 kB │ gzip:     0.09 kB
out/renderer/assets/share-Cm_5yJJL.js                                    0.07 kB │ gzip:     0.09 kB
out/renderer/assets/store-CzhUms3r.js                                    0.07 kB │ gzip:     0.09 kB
out/renderer/assets/table-D5mmfPk9.js                                    0.07 kB │ gzip:     0.09 kB
out/renderer/assets/users-O1QYnQtw.js                                    0.07 kB │ gzip:     0.09 kB
out/renderer/assets/video-CpWcRCd4.js                                    0.07 kB │ gzip:     0.09 kB
out/renderer/assets/anchor-BYIrq6Jp.js                                   0.08 kB │ gzip:     0.09 kB
out/renderer/assets/blocks-BSpBSnrc.js                                   0.08 kB │ gzip:     0.09 kB
out/renderer/assets/circle-D6v-cr6j.js                                   0.08 kB │ gzip:     0.09 kB
out/renderer/assets/eraser-B6B_i1rG.js                                   0.08 kB │ gzip:     0.09 kB
out/renderer/assets/folder-kIdzjGsY.js                                   0.08 kB │ gzip:     0.09 kB
out/renderer/assets/import-qOn7g4Lg.js                                   0.08 kB │ gzip:     0.08 kB
out/renderer/assets/loader-B17KsA04.js                                   0.08 kB │ gzip:     0.09 kB
out/renderer/assets/log-in-_p8aa6dU.js                                   0.08 kB │ gzip:     0.09 kB
out/renderer/assets/pencil-BHjOAlOx.js                                   0.08 kB │ gzip:     0.09 kB
out/renderer/assets/redo-2-ByXZf04b.js                                   0.08 kB │ gzip:     0.09 kB
out/renderer/assets/rocket-gMXE_W8X.js                                   0.08 kB │ gzip:     0.09 kB
out/renderer/assets/search-CtKVkCS_.js                                   0.08 kB │ gzip:     0.09 kB
out/renderer/assets/server-CKwyhbMb.js                                   0.08 kB │ gzip:     0.09 kB
out/renderer/assets/square-CM_z5WT1.js                                   0.08 kB │ gzip:     0.09 kB
out/renderer/assets/target-Co-2IZF5.js                                   0.08 kB │ gzip:     0.09 kB
out/renderer/assets/undo-2-VjZNemWq.js                                   0.08 kB │ gzip:     0.09 kB
out/renderer/assets/unplug-Dsg9ecX4.js                                   0.08 kB │ gzip:     0.09 kB
out/renderer/assets/upload-BWlNuUwa.js                                   0.08 kB │ gzip:     0.09 kB
out/renderer/assets/wrench-CeW7NqTZ.js                                   0.08 kB │ gzip:     0.09 kB
out/renderer/assets/archive-BgqAHSId.js                                  0.08 kB │ gzip:     0.09 kB
out/renderer/assets/astroid-DDbYVTZK.js                                  0.08 kB │ gzip:     0.09 kB
out/renderer/assets/clock-3-gSiGzgyB.js                                  0.08 kB │ gzip:     0.09 kB
out/renderer/assets/eye-off-D_BMqYdS.js                                  0.08 kB │ gzip:     0.09 kB
out/renderer/assets/history-ChvZT5ke.js                                  0.08 kB │ gzip:     0.09 kB
out/renderer/assets/library-CwZfZuMo.js                                  0.08 kB │ gzip:     0.09 kB
out/renderer/assets/log-out-C3TR24OA.js                                  0.08 kB │ gzip:     0.09 kB
out/renderer/assets/monitor-BsKKApm-.js                                  0.08 kB │ gzip:     0.09 kB
out/renderer/assets/music-2-D5jl6N-k.js                                  0.08 kB │ gzip:     0.09 kB
out/renderer/assets/network-bcZpeOeV.js                                  0.08 kB │ gzip:     0.09 kB
out/renderer/assets/package-FeeQO0Wy.js                                  0.08 kB │ gzip:     0.09 kB
out/renderer/assets/palette-BEaSOk3z.js                                  0.08 kB │ gzip:     0.09 kB
out/renderer/assets/trash-2-Cu2nB5Xs.js                                  0.08 kB │ gzip:     0.09 kB
out/renderer/assets/zoom-in-D4mmFzWS.js                                  0.08 kB │ gzip:     0.09 kB
out/renderer/assets/activity-D4XVIN_e.js                                 0.08 kB │ gzip:     0.09 kB
out/renderer/assets/arrow-up-iMuvc7Ft.js                                 0.08 kB │ gzip:     0.09 kB
out/renderer/assets/circle-x-Cu83c9oE.js                                 0.08 kB │ gzip:     0.09 kB
out/renderer/assets/code-xml-DV4-2YRj.js                                 0.08 kB │ gzip:     0.09 kB
out/renderer/assets/database-4D3IgWAT.js                                 0.08 kB │ gzip:     0.09 kB
out/renderer/assets/download-Cn5wI0QJ.js                                 0.08 kB │ gzip:     0.09 kB
out/renderer/assets/ellipsis-Csiq7dY3.js                                 0.08 kB │ gzip:     0.09 kB
out/renderer/assets/keyboard-3fDKCch3.js                                 0.08 kB │ gzip:     0.09 kB
out/renderer/assets/maximize-CsB9DA8o.js                                 0.08 kB │ gzip:     0.09 kB
out/renderer/assets/pen-tool-CY8Iid8C.js                                 0.08 kB │ gzip:     0.09 kB
out/renderer/assets/repeat-2-DgrgVtK6.js                                 0.08 kB │ gzip:     0.09 kB
out/renderer/assets/settings-WaMDdfMf.js                                 0.08 kB │ gzip:     0.09 kB
out/renderer/assets/sparkles-cYJ2v47J.js                                 0.08 kB │ gzip:     0.09 kB
out/renderer/assets/terminal-1DY5tyGD.js                                 0.08 kB │ gzip:     0.09 kB
out/renderer/assets/workflow-DibCVuyJ.js                                 0.08 kB │ gzip:     0.09 kB
out/renderer/assets/zoom-out-BV3YmkSZ.js                                 0.08 kB │ gzip:     0.09 kB
out/renderer/assets/archive-x-2D-B4-sE.js                                0.08 kB │ gzip:     0.09 kB
out/renderer/assets/book-open-Qe93MQz8.js                                0.08 kB │ gzip:     0.09 kB
out/renderer/assets/file-diff-B1KGbyVu.js                                0.08 kB │ gzip:     0.09 kB
out/renderer/assets/file-down-BdOH8L5D.js                                0.08 kB │ gzip:     0.09 kB
out/renderer/assets/file-text-DQacsD-k.js                                0.08 kB │ gzip:     0.09 kB
out/renderer/assets/git-graph-D_uK0Zx_.js                                0.08 kB │ gzip:     0.09 kB
out/renderer/assets/git-merge-DzqMRyVy.js                                0.08 kB │ gzip:     0.09 kB
out/renderer/assets/hourglass-DCP3jj6a.js                                0.08 kB │ gzip:     0.09 kB
out/renderer/assets/image-off-PrfsmTy6.js                                0.08 kB │ gzip:     0.09 kB
out/renderer/assets/key-round-r_COLVkR.js                                0.08 kB │ gzip:     0.09 kB
out/renderer/assets/lightbulb-CKm5dG9v.js                                0.08 kB │ gzip:     0.09 kB
out/renderer/assets/list-todo-weBU7AV0.js                                0.08 kB │ gzip:     0.09 kB
out/renderer/assets/list-tree-BOsBkcS9.js                                0.08 kB │ gzip:     0.09 kB
out/renderer/assets/megaphone-CWIhiB4j.js                                0.08 kB │ gzip:     0.09 kB
out/renderer/assets/paperclip-DssfFx9E.js                                0.08 kB │ gzip:     0.09 kB
out/renderer/assets/text-wrap-BgNTqoK7.js                                0.08 kB │ gzip:     0.09 kB
out/renderer/assets/thumbs-up-Dt_V7pf5.js                                0.08 kB │ gzip:     0.09 kB
out/renderer/assets/waypoints-HLd0wRDp.js                                0.08 kB │ gzip:     0.09 kB
out/renderer/assets/app-window-dk-9l2Dx.js                               0.08 kB │ gzip:     0.09 kB
out/renderer/assets/arrow-down-0M1zNifW.js                               0.08 kB │ gzip:     0.09 kB
out/renderer/assets/arrow-left-D8tLDkoo.js                               0.08 kB │ gzip:     0.09 kB
out/renderer/assets/chart-line-Bxei_nWO.js                               0.08 kB │ gzip:     0.09 kB
out/renderer/assets/chevron-up-yU5_Kdcq.js                               0.08 kB │ gzip:     0.09 kB
out/renderer/assets/file-clock-wUZJWk9y.js                               0.08 kB │ gzip:     0.09 kB
out/renderer/assets/git-branch-DZbDhIPF.js                               0.08 kB │ gzip:     0.09 kB
out/renderer/assets/hard-drive-Dm_69V0I.js                               0.08 kB │ gzip:     0.09 kB
out/renderer/assets/image-plus-DXbcT5La.js                               0.08 kB │ gzip:     0.09 kB
out/renderer/assets/maximize-2-CQ6s3H_o.js                               0.08 kB │ gzip:     0.09 kB
out/renderer/assets/minimize-2-MFqIr_yo.js                               0.08 kB │ gzip:     0.09 kB
out/renderer/assets/refresh-cw-CYoI4tWK.js                               0.08 kB │ gzip:     0.09 kB
out/renderer/assets/rotate-ccw-CXPbT4k_.js                               0.08 kB │ gzip:     0.09 kB
out/renderer/assets/settings-2-DAJ8XVOa.js                               0.08 kB │ gzip:     0.09 kB
out/renderer/assets/smartphone-CnwzF71P.js                               0.08 kB │ gzip:     0.09 kB
out/renderer/assets/user-round-DaEvm12V.js                               0.08 kB │ gzip:     0.09 kB
out/renderer/assets/alarm-clock-CCbWXG2Z.js                              0.08 kB │ gzip:     0.09 kB
out/renderer/assets/arrow-right-CKqsC9Zz.js                              0.08 kB │ gzip:     0.09 kB
out/renderer/assets/circle-play-D_PMCI3i.js                              0.08 kB │ gzip:     0.09 kB
out/renderer/assets/circle-plus-DFjB94g0.js                              0.08 kB │ gzip:     0.09 kB
out/renderer/assets/circle-stop-D_Bz5vEg.js                              0.08 kB │ gzip:     0.09 kB
out/renderer/assets/clock-alert-nsyUTQIj.js                              0.08 kB │ gzip:     0.09 kB
out/renderer/assets/file-output-3hU4FfNW.js                              0.08 kB │ gzip:     0.09 kB
out/renderer/assets/file-search-C4H2_iUU.js                              0.08 kB │ gzip:     0.09 kB
out/renderer/assets/folder-open-CrfcxUS8.js                              0.08 kB │ gzip:     0.09 kB
out/renderer/assets/folder-plus-FTntMM6L.js                              0.08 kB │ gzip:     0.09 kB
out/renderer/assets/list-checks-XPFJHSTV.js                              0.08 kB │ gzip:     0.09 kB
out/renderer/assets/list-filter-BVRC0Xr_.js                              0.08 kB │ gzip:     0.09 kB
out/renderer/assets/monitor-cog-gTKkotSl.js                              0.08 kB │ gzip:     0.09 kB
out/renderer/assets/refresh-ccw-B5Wxs_uH.js                              0.08 kB │ gzip:     0.09 kB
out/renderer/assets/scroll-text-DRWFcV8u.js                              0.08 kB │ gzip:     0.09 kB
out/renderer/assets/square-code-DPsOdiZ_.js                              0.08 kB │ gzip:     0.09 kB
out/renderer/assets/thumbs-down-DLhyCUQJ.js                              0.08 kB │ gzip:     0.09 kB
out/renderer/assets/chart-column-BDNCuMT7.js                             0.08 kB │ gzip:     0.09 kB
out/renderer/assets/chevron-down-CU9Otcx_.js                             0.08 kB │ gzip:     0.09 kB
out/renderer/assets/chevron-left-BAYYZ0Hl.js                             0.08 kB │ gzip:     0.09 kB
out/renderer/assets/circle-alert-r3AP5x-g.js                             0.08 kB │ gzip:     0.09 kB
out/renderer/assets/circle-check-D5S7bXQH.js                             0.08 kB │ gzip:     0.09 kB
out/renderer/assets/circle-minus-CQ77ShAN.js                             0.08 kB │ gzip:     0.09 kB
out/renderer/assets/circle-pause-B51ZOOMc.js                             0.08 kB │ gzip:     0.09 kB
out/renderer/assets/cloud-upload-BCx-b5QN.js                             0.08 kB │ gzip:     0.09 kB
out/renderer/assets/lock-keyhole-BKcHkc7C.js                             0.08 kB │ gzip:     0.09 kB
out/renderer/assets/notepad-text-C2d4BfhN.js                             0.08 kB │ gzip:     0.09 kB
out/renderer/assets/package-open-BmUGHYKy.js                             0.08 kB │ gzip:     0.09 kB
out/renderer/assets/pencil-ruler-BGlZp8K6.js                             0.08 kB │ gzip:     0.09 kB
out/renderer/assets/presentation-5TKmSwzo.js                             0.08 kB │ gzip:     0.09 kB
out/renderer/assets/shield-alert-D8OBGeib.js                             0.08 kB │ gzip:     0.09 kB
out/renderer/assets/shield-check-SDTXiBPg.js                             0.08 kB │ gzip:     0.09 kB
out/renderer/assets/square-slash-CZpdrAhT.js                             0.08 kB │ gzip:     0.09 kB
out/renderer/assets/calendar-days-BURniKcZ.js                            0.08 kB │ gzip:     0.09 kB
out/renderer/assets/chevron-right-CfAQ3h6Z.js                            0.08 kB │ gzip:     0.09 kB
out/renderer/assets/chevrons-down-DO_uwB4t.js                            0.08 kB │ gzip:     0.09 kB
out/renderer/assets/circle-dashed-D8-TFwUM.js                            0.08 kB │ gzip:     0.09 kB
out/renderer/assets/external-link-CLQnHTdg.js                            0.08 kB │ gzip:     0.09 kB
out/renderer/assets/file-pen-line-BCcXm-yc.js                            0.08 kB │ gzip:     0.09 kB
out/renderer/assets/flask-conical-CV838Zmt.js                            0.08 kB │ gzip:     0.09 kB
out/renderer/assets/grip-vertical-DuCy2p1-.js                            0.08 kB │ gzip:     0.09 kB
out/renderer/assets/loader-circle-B0cEEL8s.js                            0.08 kB │ gzip:     0.09 kB
out/renderer/assets/previewPanePdfContent-BUunGIXJ.js                    0.08 kB │ gzip:     0.09 kB
out/renderer/assets/square-kanban-BdUSE1gd.js                            0.08 kB │ gzip:     0.09 kB
out/renderer/assets/wand-sparkles-CWJcwkUK.js                            0.08 kB │ gzip:     0.09 kB
out/renderer/assets/arrow-up-right-DYprZpv2.js                           0.08 kB │ gzip:     0.10 kB
out/renderer/assets/book-open-text-MxlPIsNI.js                           0.08 kB │ gzip:     0.10 kB
out/renderer/assets/calendar-clock-BMBnTgD5.js                           0.08 kB │ gzip:     0.10 kB
out/renderer/assets/circle-slash-2-CVV7XSau.js                           0.08 kB │ gzip:     0.10 kB
out/renderer/assets/cloud-download--E2UxVLV.js                           0.08 kB │ gzip:     0.10 kB
out/renderer/assets/folder-symlink-BcuwErh1.js                           0.08 kB │ gzip:     0.10 kB
out/renderer/assets/graduation-cap-BplO3_HU.js                           0.08 kB │ gzip:     0.10 kB
out/renderer/assets/message-circle-Uho_U7Cm.js                           0.08 kB │ gzip:     0.10 kB
out/renderer/assets/message-square-D-DKgQZh.js                           0.08 kB │ gzip:     0.10 kB
out/renderer/assets/triangle-alert-cHM1Yyhh.js                           0.08 kB │ gzip:     0.10 kB
out/renderer/assets/user-round-pen-QDWmzQ8K.js                           0.08 kB │ gzip:     0.10 kB
out/renderer/assets/clipboard-check-CclpOKtI.js                          0.08 kB │ gzip:     0.10 kB
out/renderer/assets/clipboard-paste-W_hVbqjH.js                          0.08 kB │ gzip:     0.10 kB
out/renderer/assets/grip-horizontal-BEzMINVg.js                          0.08 kB │ gzip:     0.10 kB
out/renderer/assets/messages-square-Do4vW5-b.js                          0.08 kB │ gzip:     0.10 kB
out/renderer/assets/mouse-pointer-2-k8WOfOk3.js                          0.08 kB │ gzip:     0.10 kB
out/renderer/assets/panel-left-open-Cu4iF2bP.js                          0.08 kB │ gzip:     0.10 kB
out/renderer/assets/panels-top-left-DJdOTDXh.js                          0.08 kB │ gzip:     0.10 kB
out/renderer/assets/previewPanePptxContent-Bv7lC5N5.js                   0.08 kB │ gzip:     0.09 kB
out/renderer/assets/square-terminal-DuDqldHe.js                          0.08 kB │ gzip:     0.10 kB
out/renderer/assets/arrow-right-left-sSDJWXV_.js                         0.09 kB │ gzip:     0.10 kB
out/renderer/assets/arrow-up-to-line-DtBVMlhX.js                         0.09 kB │ gzip:     0.10 kB
out/renderer/assets/circle-check-big-Deu0DINg.js                         0.09 kB │ gzip:     0.10 kB
out/renderer/assets/file-code-corner-sMYFcdaM.js                         0.09 kB │ gzip:     0.10 kB
out/renderer/assets/panel-left-close-DM_EfVWr.js                         0.09 kB │ gzip:     0.10 kB
out/renderer/assets/panel-right-open-CecUwX4A.js                         0.09 kB │ gzip:     0.10 kB
out/renderer/assets/trending-up-down-BUdrZDEx.js                         0.09 kB │ gzip:     0.10 kB
out/renderer/assets/panel-right-close-C6PbOMmr.js                        0.09 kB │ gzip:     0.10 kB
out/renderer/assets/arrow-down-to-line-zid2HFpO.js                       0.09 kB │ gzip:     0.10 kB
out/renderer/assets/arrow-up-from-line-DGAcIxHq.js                       0.09 kB │ gzip:     0.10 kB
out/renderer/assets/bot-message-square-UCBaWFVK.js                       0.09 kB │ gzip:     0.10 kB
out/renderer/assets/briefcase-business-Dxq0TZ4f.js                       0.09 kB │ gzip:     0.10 kB
out/renderer/assets/clipboard-pen-line-BNKeTAq7.js                       0.09 kB │ gzip:     0.10 kB
out/renderer/assets/monitor-smartphone-fJ0quOrd.js                       0.09 kB │ gzip:     0.10 kB
out/renderer/assets/sliders-horizontal-D5jolWKW.js                       0.09 kB │ gzip:     0.10 kB
out/renderer/assets/arrow-right-to-line-BPXH-QDC.js                      0.09 kB │ gzip:     0.10 kB
out/renderer/assets/git-commit-vertical-DbTsCV5P.js                      0.09 kB │ gzip:     0.10 kB
out/renderer/assets/message-circle-plus-DtKPZb-L.js                      0.09 kB │ gzip:     0.10 kB
out/renderer/assets/message-square-text-Cl7lLrR8.js                      0.09 kB │ gzip:     0.10 kB
out/renderer/assets/mouse-pointer-click-DbY-wVQ-.js                      0.09 kB │ gzip:     0.10 kB
out/renderer/assets/arrow-left-from-line-D9VHW_Tw.js                     0.09 kB │ gzip:     0.10 kB
out/renderer/assets/circle-question-mark-Dba3eb8A.js                     0.09 kB │ gzip:     0.10 kB
out/renderer/assets/clone-DvRKXTO0.js                                    0.09 kB │ gzip:     0.10 kB │ map:      1.33 kB
out/renderer/assets/message-circle-check-BueDorPB.js                     0.09 kB │ gzip:     0.10 kB
out/renderer/assets/message-circle-reply-CPdfVWsj.js                     0.09 kB │ gzip:     0.10 kB
out/renderer/assets/square-mouse-pointer-D8rx5PAt.js                     0.09 kB │ gzip:     0.10 kB
out/renderer/assets/git-commit-horizontal-8Ag6-hxv.js                    0.09 kB │ gzip:     0.10 kB
out/renderer/assets/previewPaneOfficeContent-CxeOiAQ0.js                 0.09 kB │ gzip:     0.09 kB
out/renderer/assets/square-arrow-right-enter-CrUFkZKx.js                 0.09 kB │ gzip:     0.10 kB
out/renderer/assets/message-circle-question-mark-CrL1dxRM.js             0.10 kB │ gzip:     0.11 kB
out/renderer/assets/array-KaG9O0Ld.js                                    0.10 kB │ gzip:     0.11 kB │ map:      0.52 kB
out/renderer/assets/channel-BHkYrUtd.js                                  0.11 kB │ gzip:     0.12 kB │ map:      0.49 kB
out/renderer/assets/pie-ZZUOXDRM-DFl3LKfC.js                             0.11 kB │ gzip:     0.11 kB
out/renderer/assets/info-OMHHGYJF-DEp0GLK5.js                            0.11 kB │ gzip:     0.11 kB
out/renderer/assets/radar-PYXPWWZC-VfTDQ00v.js                           0.11 kB │ gzip:     0.12 kB
out/renderer/assets/packet-4T2RLAQJ-C-s_NCch.js                          0.12 kB │ gzip:     0.12 kB
out/renderer/assets/treemap-W4RFUUIX-Cn49wvhy.js                         0.12 kB │ gzip:     0.12 kB
out/renderer/assets/wardley-RL74JXVD-rP0Q9I46.js                         0.12 kB │ gzip:     0.12 kB
out/renderer/assets/gitGraph-7Q5UKJZL-CRskZqS6.js                        0.12 kB │ gzip:     0.12 kB
out/renderer/assets/treeView-SZITEDCU-CPNGBP7p.js                        0.12 kB │ gzip:     0.12 kB
out/renderer/assets/architecture-YZFGNWBL-8YHduVyQ.js                    0.12 kB │ gzip:     0.12 kB
out/renderer/assets/minus-jgQHiVrR.js                                    0.13 kB │ gzip:     0.14 kB │ map:      0.73 kB
out/renderer/assets/check-ttSXaESy.js                                    0.14 kB │ gzip:     0.14 kB │ map:      0.74 kB
out/renderer/assets/chevron-down-CAoVJ1Or.js                             0.14 kB │ gzip:     0.15 kB │ map:      0.77 kB
out/renderer/assets/chevron-up-B0mpgZUq.js                               0.14 kB │ gzip:     0.15 kB │ map:      0.76 kB
out/renderer/assets/chevron-left-D17tkpgw.js                             0.14 kB │ gzip:     0.15 kB │ map:      0.78 kB
out/renderer/assets/chevron-right-CECnOWCN.js                            0.14 kB │ gzip:     0.15 kB │ map:      0.78 kB
out/renderer/assets/circle-CjUbj0IC.js                                   0.14 kB │ gzip:     0.14 kB │ map:      0.77 kB
out/renderer/assets/tally-1-BXJlnO_n.js                                  0.14 kB │ gzip:     0.15 kB │ map:      0.74 kB
out/renderer/assets/slash-C_cWRiHE.js                                    0.15 kB │ gzip:     0.15 kB │ map:      0.73 kB
out/renderer/assets/wifi-zero-CR82GgVg.js                                0.15 kB │ gzip:     0.16 kB │ map:      0.75 kB
out/renderer/assets/signal-zero-DWs5Tks5.js                              0.15 kB │ gzip:     0.16 kB │ map:      0.76 kB
out/renderer/assets/tiny-invariant-CuhMd9eI.js                           0.15 kB │ gzip:     0.14 kB │ map:      0.85 kB
out/renderer/assets/loader-circle-BsydXaRe.js                            0.16 kB │ gzip:     0.16 kB │ map:      0.80 kB
out/renderer/assets/dot-PL2FQyvW.js                                      0.16 kB │ gzip:     0.15 kB │ map:      0.76 kB
out/renderer/assets/square-CAf1rc4h.js                                   0.16 kB │ gzip:     0.16 kB │ map:      0.83 kB
out/renderer/assets/circle-small-CoEOnOEM.js                             0.16 kB │ gzip:     0.16 kB │ map:      0.81 kB
out/renderer/assets/mountain-Dim54EsM.js                                 0.16 kB │ gzip:     0.16 kB │ map:      0.76 kB
out/renderer/assets/bluetooth-B0nhBd5o.js                                0.16 kB │ gzip:     0.17 kB │ map:      0.77 kB
out/renderer/assets/plus-B-GrMIYK.js                                     0.16 kB │ gzip:     0.16 kB │ map:      0.83 kB
out/renderer/assets/x-BnVdBT5X.js                                        0.17 kB │ gzip:     0.16 kB │ map:      0.81 kB
out/renderer/assets/ellipse-Ao1Rt8Gr.js                                  0.17 kB │ gzip:     0.16 kB │ map:      0.81 kB
out/renderer/assets/fish-symbol-CG4jH5u-.js                              0.17 kB │ gzip:     0.17 kB │ map:      0.79 kB
out/renderer/assets/cloud-Dce1KpuC.js                                    0.17 kB │ gzip:     0.17 kB │ map:      0.78 kB
out/renderer/assets/arrow-up-ReTlMnNe.js                                 0.17 kB │ gzip:     0.17 kB │ map:      0.86 kB
out/renderer/assets/terminal-DS2_Kg22.js                                 0.17 kB │ gzip:     0.16 kB │ map:      0.86 kB
out/renderer/assets/navigation-Bzj-iD5y.js                               0.17 kB │ gzip:     0.17 kB │ map:      0.79 kB
out/renderer/assets/chunk-QZHKN3VN--t8L-9NC.js                           0.18 kB │ gzip:     0.15 kB │ map:      0.78 kB
out/renderer/assets/arrow-down-BqVz5Zm4.js                               0.18 kB │ gzip:     0.17 kB │ map:      0.87 kB
out/renderer/assets/arrow-left-BQuspoiL.js                               0.18 kB │ gzip:     0.17 kB │ map:      0.87 kB
out/renderer/assets/arrow-right-DmcktJty.js                              0.18 kB │ gzip:     0.17 kB │ map:      0.87 kB
out/renderer/assets/navigation-2-D4LwH1-l.js                             0.18 kB │ gzip:     0.17 kB │ map:      0.80 kB
out/renderer/assets/space-UoRbnQsb.js                                    0.18 kB │ gzip:     0.18 kB │ map:      0.77 kB
out/renderer/assets/arrow-up-right-CaMRjCEt.js                           0.18 kB │ gzip:     0.16 kB │ map:      0.89 kB
out/renderer/assets/clock-3-BXK16S7Y.js                                  0.18 kB │ gzip:     0.17 kB │ map:      0.88 kB
out/renderer/assets/clock-CViV_UyT.js                                    0.18 kB │ gzip:     0.17 kB │ map:      0.88 kB
out/renderer/assets/egg-CEddrL7O.js                                      0.18 kB │ gzip:     0.18 kB │ map:      0.76 kB
out/renderer/assets/tally-2-Dh-hqQfY.js                                  0.18 kB │ gzip:     0.17 kB │ map:      0.84 kB
out/renderer/assets/music-2-BSe1JKh-.js                                  0.18 kB │ gzip:     0.17 kB │ map:      0.89 kB
out/renderer/assets/chevrons-down-C5WXY-FL.js                            0.18 kB │ gzip:     0.16 kB │ map:      0.89 kB
out/renderer/assets/circle-minus-CWnhRMxo.js                             0.18 kB │ gzip:     0.17 kB │ map:      0.91 kB
out/renderer/assets/thermometer-D8ojNlnO.js                              0.18 kB │ gzip:     0.18 kB │ map:      0.81 kB
out/renderer/assets/power-D7gWX3RM.js                                    0.18 kB │ gzip:     0.17 kB │ map:      0.85 kB
out/renderer/assets/option-wB15hFEa.js                                   0.19 kB │ gzip:     0.17 kB │ map:      0.85 kB
out/renderer/assets/rectangle-vertical-BMWwyV_K.js                       0.19 kB │ gzip:     0.18 kB │ map:      0.90 kB
out/renderer/assets/search-BvcHmwRM.js                                   0.19 kB │ gzip:     0.17 kB │ map:      0.89 kB
out/renderer/assets/signal-low-s-nxNHT6.js                               0.19 kB │ gzip:     0.18 kB │ map:      0.86 kB
out/renderer/assets/unlink-2-CdWFhZRN.js                                 0.19 kB │ gzip:     0.18 kB │ map:      0.79 kB
out/renderer/assets/gauge-2vQFGwlq.js                                    0.19 kB │ gzip:     0.18 kB │ map:      0.86 kB
out/renderer/assets/rectangle-horizontal-DPwAAYpt.js                     0.19 kB │ gzip:     0.18 kB │ map:      0.91 kB
out/renderer/assets/reply-Cn5psxkJ.js                                    0.19 kB │ gzip:     0.17 kB │ map:      0.86 kB
out/renderer/assets/circle-slash-2-BDEzkFkR.js                           0.19 kB │ gzip:     0.17 kB │ map:      0.93 kB
out/renderer/assets/code-BqQQgwfI.js                                     0.19 kB │ gzip:     0.17 kB │ map:      0.84 kB
out/renderer/assets/move-up-C6wo4Go5.js                                  0.19 kB │ gzip:     0.17 kB │ map:      0.85 kB
out/renderer/assets/circle-check-CTMQNbZz.js                             0.19 kB │ gzip:     0.17 kB │ map:      0.92 kB
out/renderer/assets/move-left-D6avz-ZE.js                                0.19 kB │ gzip:     0.18 kB │ map:      0.86 kB
out/renderer/assets/squircle-jCxfSLcZ.js                                 0.19 kB │ gzip:     0.18 kB │ map:      0.80 kB
out/renderer/assets/move-up-left-yzKTK-Sy.js                             0.19 kB │ gzip:     0.18 kB │ map:      0.88 kB
out/renderer/assets/arrow-up-left-Dov1_jrL.js                            0.19 kB │ gzip:     0.18 kB │ map:      0.88 kB
out/renderer/assets/ban-mAWQAjHV.js                                      0.19 kB │ gzip:     0.18 kB │ map:      0.88 kB
out/renderer/assets/chevron-last-p7fBOE9e.js                             0.19 kB │ gzip:     0.18 kB │ map:      0.88 kB
out/renderer/assets/chevron-first-B60rHoGd.js                            0.19 kB │ gzip:     0.18 kB │ map:      0.89 kB
out/renderer/assets/move-down-DNF2tb_t.js                                0.19 kB │ gzip:     0.18 kB │ map:      0.87 kB
out/renderer/assets/move-up-right-BeQMd568.js                            0.19 kB │ gzip:     0.18 kB │ map:      0.88 kB
out/renderer/assets/music-3-CbJPKE1p.js                                  0.19 kB │ gzip:     0.19 kB │ map:      0.88 kB
out/renderer/assets/user-round-Be81fivt.js                               0.19 kB │ gzip:     0.18 kB │ map:      0.91 kB
out/renderer/assets/arrow-down-left-BL09THu9.js                          0.19 kB │ gzip:     0.17 kB │ map:      0.90 kB
out/renderer/assets/clock-12-BGfV-GCA.js                                 0.19 kB │ gzip:     0.18 kB │ map:      0.89 kB
out/renderer/assets/clock-6-7t0V0w_i.js                                  0.19 kB │ gzip:     0.18 kB │ map:      0.88 kB
out/renderer/assets/move-down-left-BN4betff.js                           0.19 kB │ gzip:     0.18 kB │ map:      0.89 kB
out/renderer/assets/move-right-CdqWe0gu.js                               0.19 kB │ gzip:     0.18 kB │ map:      0.87 kB
out/renderer/assets/arrow-down-right-B9t_4ydt.js                         0.20 kB │ gzip:     0.18 kB │ map:      0.90 kB
out/renderer/assets/chart-line-DGFrgNW7.js                               0.20 kB │ gzip:     0.18 kB │ map:      0.89 kB
out/renderer/assets/clock-9-DnyYamfU.js                                  0.20 kB │ gzip:     0.18 kB │ map:      0.88 kB
out/renderer/assets/move-down-right-BmFIN3hB.js                          0.20 kB │ gzip:     0.18 kB │ map:      0.90 kB
out/renderer/assets/clock-1-D4vzpjAP.js                                  0.20 kB │ gzip:     0.18 kB │ map:      0.89 kB
out/renderer/assets/clock-2-B_xOhNjP.js                                  0.20 kB │ gzip:     0.18 kB │ map:      0.89 kB
out/renderer/assets/clock-4-C6xnCXWR.js                                  0.20 kB │ gzip:     0.18 kB │ map:      0.89 kB
out/renderer/assets/clock-5-DB0LuNWt.js                                  0.20 kB │ gzip:     0.18 kB │ map:      0.89 kB
out/renderer/assets/chevrons-up-xjLOVq-b.js                              0.20 kB │ gzip:     0.17 kB │ map:      0.88 kB
out/renderer/assets/clock-7-BCz9IUh2.js                                  0.20 kB │ gzip:     0.18 kB │ map:      0.89 kB
out/renderer/assets/clock-8-BjU6kJ_y.js                                  0.20 kB │ gzip:     0.18 kB │ map:      0.89 kB
out/renderer/assets/infinity-BNGR3HCd.js                                 0.20 kB │ gzip:     0.18 kB │ map:      0.82 kB
out/renderer/assets/chevrons-right-BXrR3Okz.js                           0.20 kB │ gzip:     0.17 kB │ map:      0.90 kB
out/renderer/assets/clock-10-DRTTk1dX.js                                 0.20 kB │ gzip:     0.18 kB │ map:      0.89 kB
out/renderer/assets/clock-11-B84M-3Tz.js                                 0.20 kB │ gzip:     0.19 kB │ map:      0.89 kB
out/renderer/assets/blend-7g0aYdK-.js                                    0.20 kB │ gzip:     0.17 kB │ map:      0.91 kB
out/renderer/assets/chevrons-down-up-Bv5K1FIE.js                         0.20 kB │ gzip:     0.18 kB │ map:      0.91 kB
out/renderer/assets/chevrons-left-CqjkLwFl.js                            0.20 kB │ gzip:     0.17 kB │ map:      0.90 kB
out/renderer/assets/chevrons-up-down-DfmWzX2t.js                         0.20 kB │ gzip:     0.18 kB │ map:      0.91 kB
out/renderer/assets/play-D0bZu1lV.js                                     0.20 kB │ gzip:     0.18 kB │ map:      0.84 kB
out/renderer/assets/trending-up-DHi2FWig.js                              0.20 kB │ gzip:     0.19 kB │ map:      0.88 kB
out/renderer/assets/disc-2jKGZht9.js                                     0.20 kB │ gzip:     0.17 kB │ map:      0.91 kB
out/renderer/assets/wifi-low-BVHTox3h.js                                 0.20 kB │ gzip:     0.19 kB │ map:      0.87 kB
out/renderer/assets/bold-BClE7U5B.js                                     0.20 kB │ gzip:     0.18 kB │ map:      0.81 kB
out/renderer/assets/chevrons-left-right-9CzwlWRR.js                      0.20 kB │ gzip:     0.18 kB │ map:      0.93 kB
out/renderer/assets/trending-down-8LP4PX1S.js                            0.20 kB │ gzip:     0.19 kB │ map:      0.90 kB
out/renderer/assets/check-check-DNAoQ775.js                              0.21 kB │ gzip:     0.19 kB │ map:      0.89 kB
out/renderer/assets/chevrons-right-left-DTZxMcgQ.js                      0.21 kB │ gzip:     0.19 kB │ map:      0.93 kB
out/renderer/assets/circle-check-big-CuUIBAa4.js                         0.21 kB │ gzip:     0.19 kB │ map:      0.93 kB
out/renderer/assets/forward-BvPVzGHT.js                                  0.21 kB │ gzip:     0.19 kB │ map:      0.87 kB
out/renderer/assets/iteration-cw-BLkYyIXT.js                             0.21 kB │ gzip:     0.19 kB │ map:      0.90 kB
out/renderer/assets/russian-ruble-GCM3raAZ.js                            0.21 kB │ gzip:     0.18 kB │ map:      0.90 kB
out/renderer/assets/src-2FP7IUE6-CHXM1xNq.js                             0.21 kB │ gzip:     0.17 kB
out/renderer/assets/triangle-DfJCRCpi.js                                 0.21 kB │ gzip:     0.19 kB │ map:      0.83 kB
out/renderer/assets/list-filter-Usko6mmc.js                              0.21 kB │ gzip:     0.18 kB │ map:      0.96 kB
out/renderer/assets/chunk-4BX2VUAB-Ugta-YSU.js                           0.21 kB │ gzip:     0.16 kB │ map:      0.80 kB
out/renderer/assets/eclipse-DK6R0oYE.js                                  0.21 kB │ gzip:     0.19 kB │ map:      0.90 kB
out/renderer/assets/user-BSvszd1K.js                                     0.21 kB │ gzip:     0.19 kB │ map:      0.90 kB
out/renderer/assets/circle-dot-BkjmAjCz.js                               0.21 kB │ gzip:     0.17 kB │ map:      0.94 kB
out/renderer/assets/command-EhJsvcdy.js                                  0.21 kB │ gzip:     0.18 kB │ map:      0.83 kB
out/renderer/assets/iteration-ccw-DZ-UWDDR.js                            0.21 kB │ gzip:     0.19 kB │ map:      0.91 kB
out/renderer/assets/mouse-Buw7oBJ6.js                                    0.21 kB │ gzip:     0.20 kB │ map:      0.92 kB
out/renderer/assets/smartphone-BPhsZXVq.js                               0.21 kB │ gzip:     0.19 kB │ map:      0.97 kB
out/renderer/assets/circle-chevron-up-t1aYoldc.js                        0.21 kB │ gzip:     0.19 kB │ map:      0.95 kB
out/renderer/assets/chunk-55IACEB6-CvWr9msq.js                           0.21 kB │ gzip:     0.19 kB │ map:      0.98 kB
out/renderer/assets/circle-stop-qR3SCo83.js                              0.21 kB │ gzip:     0.18 kB │ map:      0.99 kB
out/renderer/assets/corner-right-up-CQMxWAOl.js                          0.21 kB │ gzip:     0.19 kB │ map:      0.92 kB
out/renderer/assets/rows-2-VYBdEMis.js                                   0.21 kB │ gzip:     0.20 kB │ map:      0.92 kB
out/renderer/assets/zodiac-taurus-Ck7X6M_Z.js                            0.21 kB │ gzip:     0.20 kB │ map:      0.93 kB
out/renderer/assets/corner-down-left-D8NtCFAA.js                         0.21 kB │ gzip:     0.19 kB │ map:      0.92 kB
out/renderer/assets/corner-left-up-CjflxB_k.js                           0.21 kB │ gzip:     0.19 kB │ map:      0.91 kB
out/renderer/assets/corner-up-left-9E9rlsr5.js                           0.21 kB │ gzip:     0.19 kB │ map:      0.91 kB
out/renderer/assets/crop-BvbKZbbx.js                                     0.21 kB │ gzip:     0.19 kB │ map:      0.86 kB
out/renderer/assets/rotate-ccw-DRYyTInj.js                               0.21 kB │ gzip:     0.19 kB │ map:      0.90 kB
out/renderer/assets/tv--Rj-wryR.js                                       0.21 kB │ gzip:     0.20 kB │ map:      0.91 kB
out/renderer/assets/circle-chevron-down-DXKnXhU8.js                      0.21 kB │ gzip:     0.19 kB │ map:      0.96 kB
out/renderer/assets/circle-chevron-left-ButY4Nxb.js                      0.21 kB │ gzip:     0.19 kB │ map:      0.96 kB
out/renderer/assets/circle-chevron-right-CLX7WG5f.js                     0.21 kB │ gzip:     0.19 kB │ map:      0.97 kB
out/renderer/assets/contrast-Cl94DfuY.js                                 0.21 kB │ gzip:     0.19 kB │ map:      0.91 kB
out/renderer/assets/panel-top-BaiCUlpq.js                                0.21 kB │ gzip:     0.20 kB │ map:      0.94 kB
out/renderer/assets/undo-B4ludbH-.js                                     0.21 kB │ gzip:     0.19 kB │ map:      0.86 kB
out/renderer/assets/columns-2-DVXCYyjs.js                                0.21 kB │ gzip:     0.20 kB │ map:      0.94 kB
out/renderer/assets/corner-down-right-CMVmD59U.js                        0.21 kB │ gzip:     0.19 kB │ map:      0.93 kB
out/renderer/assets/corner-right-down-DozF_xuM.js                        0.21 kB │ gzip:     0.19 kB │ map:      0.93 kB
out/renderer/assets/corner-up-right-Cln1cPqX.js                          0.21 kB │ gzip:     0.19 kB │ map:      0.92 kB
out/renderer/assets/panel-left-BViH9R9F.js                               0.21 kB │ gzip:     0.20 kB │ map:      0.95 kB
out/renderer/assets/parentheses-BcrzT-NI.js                              0.21 kB │ gzip:     0.19 kB │ map:      0.90 kB
out/renderer/assets/corner-left-down-CCELwBTz.js                         0.21 kB │ gzip:     0.19 kB │ map:      0.93 kB
out/renderer/assets/equal-BXQfPpkI.js                                    0.21 kB │ gzip:     0.18 kB │ map:      0.95 kB
out/renderer/assets/flag-triangle-left-Dp2I8hBK.js                       0.21 kB │ gzip:     0.20 kB │ map:      0.89 kB
out/renderer/assets/flag-triangle-right-Bh6ycQlo.js                      0.21 kB │ gzip:     0.20 kB │ map:      0.89 kB
out/renderer/assets/redo-BgMWFkhv.js                                     0.21 kB │ gzip:     0.19 kB │ map:      0.86 kB
out/renderer/assets/tv-minimal-DZeAYdWG.js                               0.21 kB │ gzip:     0.20 kB │ map:      0.95 kB
out/renderer/assets/copyleft-B-pbZPnD.js                                 0.22 kB │ gzip:     0.20 kB │ map:      0.91 kB
out/renderer/assets/info-BbcYq7St.js                                     0.22 kB │ gzip:     0.18 kB │ map:      0.97 kB
out/renderer/assets/menu-BFiBEzxh.js                                     0.22 kB │ gzip:     0.17 kB │ map:      0.93 kB
out/renderer/assets/panel-right-D_nCRjGI.js                              0.22 kB │ gzip:     0.20 kB │ map:      0.95 kB
out/renderer/assets/square-minus-DQWwCkkl.js                             0.22 kB │ gzip:     0.20 kB │ map:      0.96 kB
out/renderer/assets/circle-slash-9RZRNVTT.js                             0.22 kB │ gzip:     0.19 kB │ map:      0.97 kB
out/renderer/assets/diff-CnfX8IWX.js                                     0.22 kB │ gzip:     0.18 kB │ map:      0.93 kB
out/renderer/assets/kanban-IuJDPC7Z.js                                   0.22 kB │ gzip:     0.18 kB │ map:      0.94 kB
out/renderer/assets/panel-bottom-DzSdEMIj.js                             0.22 kB │ gzip:     0.20 kB │ map:      0.96 kB
out/renderer/assets/triangle-right-DE5NX7Ol.js                           0.22 kB │ gzip:     0.20 kB │ map:      0.89 kB
out/renderer/assets/copyright-D-fSq7ER.js                                0.22 kB │ gzip:     0.20 kB │ map:      0.92 kB
out/renderer/assets/line-dot-right-horizontal-Bn_24HTL.js                0.22 kB │ gzip:     0.20 kB │ map:      1.00 kB
out/renderer/assets/lock-Ca21LBV2.js                                     0.22 kB │ gzip:     0.20 kB │ map:      0.95 kB
out/renderer/assets/tally-3-DpwQo4BC.js                                  0.22 kB │ gzip:     0.18 kB │ map:      0.94 kB
out/renderer/assets/underline-CfZSYwJw.js                                0.22 kB │ gzip:     0.20 kB │ map:      0.93 kB
out/renderer/assets/arrow-up-to-line-BPyjeMwI.js                         0.22 kB │ gzip:     0.18 kB │ map:      1.00 kB
out/renderer/assets/battery-BihuDRS_.js                                  0.22 kB │ gzip:     0.20 kB │ map:      0.94 kB
out/renderer/assets/circle-parking-Bicm-Csy.js                           0.22 kB │ gzip:     0.20 kB │ map:      0.95 kB
out/renderer/assets/circle-plus-ivIXNvba.js                              0.22 kB │ gzip:     0.18 kB │ map:      1.00 kB
out/renderer/assets/circle-x-ZdHg4veg.js                                 0.22 kB │ gzip:     0.18 kB │ map:      0.99 kB
out/renderer/assets/cylinder-BjV23Gz_.js                                 0.22 kB │ gzip:     0.20 kB │ map:      0.93 kB
out/renderer/assets/heading-C737LEHK.js                                  0.22 kB │ gzip:     0.18 kB │ map:      0.94 kB
out/renderer/assets/redo-2-Bul929zJ.js                                   0.22 kB │ gzip:     0.19 kB │ map:      0.89 kB
out/renderer/assets/square-slash-aUT86aIs.js                             0.22 kB │ gzip:     0.20 kB │ map:      1.02 kB
out/renderer/assets/code-xml-h9i0hVlp.js                                 0.22 kB │ gzip:     0.18 kB │ map:      0.97 kB
out/renderer/assets/dice-1-D9iQAOqS.js                                   0.22 kB │ gzip:     0.20 kB │ map:      0.95 kB
out/renderer/assets/undo-2-D3szeLF_.js                                   0.22 kB │ gzip:     0.18 kB │ map:      0.89 kB
out/renderer/assets/arrow-down-to-line-AE6wnX-E.js                       0.22 kB │ gzip:     0.19 kB │ map:      1.01 kB
out/renderer/assets/arrow-up-from-line-DSWkt7lx.js                       0.22 kB │ gzip:     0.18 kB │ map:      1.01 kB
out/renderer/assets/book-gAzMTRwO.js                                     0.22 kB │ gzip:     0.19 kB │ map:      0.84 kB
out/renderer/assets/arrow-left-from-line-eJkgsb4f.js                     0.22 kB │ gzip:     0.19 kB │ map:      1.02 kB
out/renderer/assets/square-check-CmO71YyX.js                             0.22 kB │ gzip:     0.20 kB │ map:      0.97 kB
out/renderer/assets/arrow-right-to-line-BAr405bO.js                      0.22 kB │ gzip:     0.19 kB │ map:      1.02 kB
out/renderer/assets/pause-BDQS8nAO.js                                    0.22 kB │ gzip:     0.17 kB │ map:      1.00 kB
out/renderer/assets/line-squiggle-DSA0vKOi.js                            0.22 kB │ gzip:     0.21 kB │ map:      0.89 kB
out/renderer/assets/at-sign-Bd4na0Pg.js                                  0.23 kB │ gzip:     0.21 kB │ map:      0.92 kB
out/renderer/assets/flame-D0qPF3Y0.js                                    0.23 kB │ gzip:     0.20 kB │ map:      0.85 kB
out/renderer/assets/slice-CJFC9tV7.js                                    0.23 kB │ gzip:     0.20 kB │ map:      0.85 kB
out/renderer/assets/square-dot-tzxPg0gt.js                               0.23 kB │ gzip:     0.20 kB │ map:      0.99 kB
out/renderer/assets/swiss-franc-Cftf8AMI.js                              0.23 kB │ gzip:     0.20 kB │ map:      0.97 kB
out/renderer/assets/text-align-end-Cv8D6r0A.js                           0.23 kB │ gzip:     0.19 kB │ map:      0.98 kB
out/renderer/assets/toggle-left-BUnt_3dJ.js                              0.23 kB │ gzip:     0.21 kB │ map:      0.99 kB
out/renderer/assets/torus-B_Cd4pes.js                                    0.23 kB │ gzip:     0.18 kB │ map:      0.96 kB
out/renderer/assets/x-line-top-vthbNbsh.js                               0.23 kB │ gzip:     0.19 kB │ map:      0.96 kB
out/renderer/assets/baseline-CUt1lSoj.js                                 0.23 kB │ gzip:     0.19 kB │ map:      0.96 kB
out/renderer/assets/git-commit-vertical-DEFxhd6I.js                      0.23 kB │ gzip:     0.19 kB │ map:      1.05 kB
out/renderer/assets/square-chevron-up-BWm8PpXZ.js                        0.23 kB │ gzip:     0.21 kB │ map:      1.00 kB
out/renderer/assets/venus-Df_qGJGw.js                                    0.23 kB │ gzip:     0.20 kB │ map:      0.97 kB
out/renderer/assets/zodiac-aries-DMmNeEBK.js                             0.23 kB │ gzip:     0.20 kB │ map:      0.92 kB
out/renderer/assets/rotate-cw-BWV54eyk.js                                0.23 kB │ gzip:     0.21 kB │ map:      0.90 kB
out/renderer/assets/signal-medium-D2UtY00T.js                            0.23 kB │ gzip:     0.19 kB │ map:      0.98 kB
out/renderer/assets/square-radical-BRw7Qa9y.js                           0.23 kB │ gzip:     0.21 kB │ map:      0.98 kB
out/renderer/assets/text-align-start-BVpCx3H8.js                         0.23 kB │ gzip:     0.19 kB │ map:      1.00 kB
out/renderer/assets/toggle-right-YvjCCCyl.js                             0.23 kB │ gzip:     0.20 kB │ map:      1.00 kB
out/renderer/assets/moon-BOm4nX4r.js                                     0.23 kB │ gzip:     0.21 kB │ map:      0.86 kB
out/renderer/assets/text-align-center-g_nZI45a.js                        0.23 kB │ gzip:     0.19 kB │ map:      1.00 kB
out/renderer/assets/check-line-Bg4sJL7V.js                               0.23 kB │ gzip:     0.19 kB │ map:      0.97 kB
out/renderer/assets/square-chevron-down-CxaEgK-_.js                      0.23 kB │ gzip:     0.21 kB │ map:      1.01 kB
out/renderer/assets/square-chevron-left-Babc17f-.js                      0.23 kB │ gzip:     0.21 kB │ map:      1.01 kB
out/renderer/assets/square-chevron-right-TAQ8F7Hl.js                     0.23 kB │ gzip:     0.21 kB │ map:      1.01 kB
out/renderer/assets/text-align-justify-Bnh92ajZ.js                       0.23 kB │ gzip:     0.18 kB │ map:      1.01 kB
out/renderer/assets/chart-no-axes-gantt-Cgn5zSpZ.js                      0.23 kB │ gzip:     0.20 kB │ map:      1.01 kB
out/renderer/assets/move-diagonal-CtI6BKwy.js                            0.23 kB │ gzip:     0.20 kB │ map:      0.99 kB
out/renderer/assets/chart-no-axes-column-DjLrvRkH.js                     0.23 kB │ gzip:     0.19 kB │ map:      1.02 kB
out/renderer/assets/radical-BFtVPLKI.js                                  0.23 kB │ gzip:     0.21 kB │ map:      0.87 kB
out/renderer/assets/credit-card-BZhJydty.js                              0.23 kB │ gzip:     0.21 kB │ map:      1.01 kB
out/renderer/assets/move-diagonal-2-Dp8POL72.js                          0.23 kB │ gzip:     0.19 kB │ map:      1.00 kB
out/renderer/assets/zodiac-sagittarius-YJXEwIKF.js                       0.23 kB │ gzip:     0.20 kB │ map:      1.01 kB
out/renderer/assets/arrow-left-to-line-G1b0PF14.js                       0.23 kB │ gzip:     0.20 kB │ map:      1.01 kB
out/renderer/assets/move-vertical-BMka7JsO.js                            0.23 kB │ gzip:     0.19 kB │ map:      0.99 kB
out/renderer/assets/square-sigma-DsHA-ncK.js                             0.23 kB │ gzip:     0.22 kB │ map:      0.98 kB
out/renderer/assets/cone-BxAM0RcI.js                                     0.24 kB │ gzip:     0.21 kB │ map:      0.93 kB
out/renderer/assets/mars-Bg8VZyis.js                                     0.24 kB │ gzip:     0.21 kB │ map:      0.98 kB
out/renderer/assets/rectangle-circle-CGGyres1.js                         0.24 kB │ gzip:     0.21 kB │ map:      0.97 kB
out/renderer/assets/spell-check-C0v20Z5c.js                              0.24 kB │ gzip:     0.20 kB │ map:      0.98 kB
out/renderer/assets/square-parking-ukZfQTyl.js                           0.24 kB │ gzip:     0.22 kB │ map:      0.99 kB
out/renderer/assets/arrow-down-from-line-B_fhRKRA.js                     0.24 kB │ gzip:     0.20 kB │ map:      1.03 kB
out/renderer/assets/circle-equal-BRtaK0cC.js                             0.24 kB │ gzip:     0.19 kB │ map:      1.01 kB
out/renderer/assets/e2eStoreBridgeBootstrap-ymEgxVZb.js                  0.24 kB │ gzip:     0.18 kB │ map:      1.37 kB
out/renderer/assets/lock-open-DlnfzBmG.js                                0.24 kB │ gzip:     0.21 kB │ map:      0.98 kB
out/renderer/assets/move-horizontal-BZ6_qwCx.js                          0.24 kB │ gzip:     0.20 kB │ map:      1.01 kB
out/renderer/assets/square-activity-ChEA7Tv0.js                          0.24 kB │ gzip:     0.21 kB │ map:      1.00 kB
out/renderer/assets/ellipsis-B47s49FE.js                                 0.24 kB │ gzip:     0.17 kB │ map:      1.07 kB
out/renderer/assets/target-DoM2BG7O.js                                   0.24 kB │ gzip:     0.17 kB │ map:      1.06 kB
out/renderer/assets/arrow-right-from-line-C6MgsGdf.js                    0.24 kB │ gzip:     0.20 kB │ map:      1.03 kB
out/renderer/assets/droplet-CyaHE3gT.js                                  0.24 kB │ gzip:     0.21 kB │ map:      0.87 kB
out/renderer/assets/ratio-Dofk4xNA.js                                    0.24 kB │ gzip:     0.19 kB │ map:      1.00 kB
out/renderer/assets/ungroup-BPwzIhwg.js                                  0.24 kB │ gzip:     0.19 kB │ map:      1.01 kB
out/renderer/assets/asterisk-BH89zm5m.js                                 0.24 kB │ gzip:     0.20 kB │ map:      0.97 kB
out/renderer/assets/folder-DZzcFJcR.js                                   0.24 kB │ gzip:     0.20 kB │ map:      0.88 kB
out/renderer/assets/git-merge-hLTkct5F.js                                0.24 kB │ gzip:     0.19 kB │ map:      1.05 kB
out/renderer/assets/mail-Bx1p3CHQ.js                                     0.24 kB │ gzip:     0.22 kB │ map:      0.95 kB
out/renderer/assets/panels-top-left-BdZnMm0z.js                          0.24 kB │ gzip:     0.20 kB │ map:      1.07 kB
out/renderer/assets/pill-I-GIGGLy.js                                     0.24 kB │ gzip:     0.20 kB │ map:      0.91 kB
out/renderer/assets/tablet-Dt6gIvXv.js                                   0.24 kB │ gzip:     0.21 kB │ map:      1.01 kB
out/renderer/assets/appUsageChartPalette-CyaGigd8.js                     0.24 kB │ gzip:     0.13 kB │ map:      0.78 kB
out/renderer/assets/git-branch-B4ePLROA.js                               0.24 kB │ gzip:     0.20 kB │ map:      1.05 kB
out/renderer/assets/separator-vertical-D6JufYDg.js                       0.24 kB │ gzip:     0.20 kB │ map:      1.02 kB
out/renderer/assets/share-ux-DHLma.js                                    0.24 kB │ gzip:     0.19 kB │ map:      0.97 kB
out/renderer/assets/captions-DOlUsvDS.js                                 0.24 kB │ gzip:     0.21 kB │ map:      0.98 kB
out/renderer/assets/library-D5itLVWw.js                                  0.24 kB │ gzip:     0.19 kB │ map:      1.04 kB
out/renderer/assets/log-out-Bu5KleR2.js                                  0.24 kB │ gzip:     0.19 kB │ map:      0.98 kB
out/renderer/assets/pilcrow-CQjsMInD.js                                  0.24 kB │ gzip:     0.20 kB │ map:      0.97 kB
out/renderer/assets/sigma-Lsq3uuS3.js                                    0.24 kB │ gzip:     0.21 kB │ map:      0.87 kB
out/renderer/assets/upload-DnGW10bc.js                                   0.24 kB │ gzip:     0.20 kB │ map:      0.98 kB
out/renderer/assets/flask-round-Cjgbwm-5.js                              0.24 kB │ gzip:     0.21 kB │ map:      0.99 kB
out/renderer/assets/log-in-CAvonUkg.js                                   0.24 kB │ gzip:     0.19 kB │ map:      0.98 kB
out/renderer/assets/separator-horizontal-Dskau5p1.js                     0.24 kB │ gzip:     0.21 kB │ map:      1.04 kB
out/renderer/assets/square-stop-jvGtUOiu.js                              0.24 kB │ gzip:     0.20 kB │ map:      1.04 kB
out/renderer/assets/table-2-k1Jzcxjm.js                                  0.24 kB │ gzip:     0.20 kB │ map:      0.88 kB
out/renderer/assets/album-CcsdnX8q.js                                    0.24 kB │ gzip:     0.21 kB │ map:      0.97 kB
out/renderer/assets/chart-no-axes-column-decreasing-CosEH4w4.js          0.24 kB │ gzip:     0.20 kB │ map:      1.08 kB
out/renderer/assets/chart-no-axes-column-increasing-_EdkuqBp.js          0.24 kB │ gzip:     0.21 kB │ map:      1.08 kB
out/renderer/assets/chart-spline-DNKISvgb.js                             0.24 kB │ gzip:     0.21 kB │ map:      0.93 kB
out/renderer/assets/disc-2-Wqr52_kc.js                                   0.24 kB │ gzip:     0.19 kB │ map:      1.02 kB
out/renderer/assets/download-MpBzpCFc.js                                 0.24 kB │ gzip:     0.20 kB │ map:      0.99 kB
out/renderer/assets/laptop-minimal-6oVTqHHL.js                           0.24 kB │ gzip:     0.21 kB │ map:      1.05 kB
out/renderer/assets/square-square-rrTLes1X.js                            0.24 kB │ gzip:     0.19 kB │ map:      1.05 kB
out/renderer/assets/turkish-lira-Cau7Pcjl.js                             0.24 kB │ gzip:     0.21 kB │ map:      1.00 kB
out/renderer/assets/arrow-up-from-dot-D4mXrt5a.js                        0.24 kB │ gzip:     0.21 kB │ map:      1.05 kB
out/renderer/assets/dock-BnG7UX3j.js                                     0.24 kB │ gzip:     0.21 kB │ map:      1.01 kB
out/renderer/assets/message-square-DyoJZmak.js                           0.24 kB │ gzip:     0.21 kB │ map:      0.93 kB
out/renderer/assets/paperclip-C6NcJWOP.js                                0.24 kB │ gzip:     0.21 kB │ map:      0.90 kB
out/renderer/assets/activity-Db4dBnhS.js                                 0.25 kB │ gzip:     0.21 kB │ map:      0.90 kB
out/renderer/assets/arrow-down-to-dot-D-vqreHh.js                        0.25 kB │ gzip:     0.21 kB │ map:      1.05 kB
out/renderer/assets/circle-arrow-down-BuzQ9Dyg.js                        0.25 kB │ gzip:     0.20 kB │ map:      1.05 kB
out/renderer/assets/circle-arrow-up-BRd2AOFi.js                          0.25 kB │ gzip:     0.20 kB │ map:      1.04 kB
out/renderer/assets/dollar-sign-Cm7UrTPT.js                              0.25 kB │ gzip:     0.21 kB │ map:      0.97 kB
out/renderer/assets/music-DQ_MHiod.js                                    0.25 kB │ gzip:     0.20 kB │ map:      1.02 kB
out/renderer/assets/panel-left-open-Clh6QdDh.js                          0.25 kB │ gzip:     0.21 kB │ map:      1.08 kB
out/renderer/assets/presentation-Bu4pUbLy.js                             0.25 kB │ gzip:     0.20 kB │ map:      1.02 kB
out/renderer/assets/audio-waveform-BrqmiA4b.js                           0.25 kB │ gzip:     0.19 kB │ map:      0.92 kB
out/renderer/assets/brackets-8noEpXDc.js                                 0.25 kB │ gzip:     0.20 kB │ map:      0.92 kB
out/renderer/assets/briefcase-0gB03uPa.js                                0.25 kB │ gzip:     0.22 kB │ map:      0.98 kB
out/renderer/assets/circle-arrow-left-lmmlvXEF.js                        0.25 kB │ gzip:     0.20 kB │ map:      1.05 kB
out/renderer/assets/cloud-lightning-BOP9wpmX.js                          0.25 kB │ gzip:     0.22 kB │ map:      0.95 kB
out/renderer/assets/rows-3-DBuvFu9_.js                                   0.25 kB │ gzip:     0.21 kB │ map:      1.02 kB
out/renderer/assets/search-check-aZlgb6-S.js                             0.25 kB │ gzip:     0.21 kB │ map:      1.03 kB
out/renderer/assets/search-slash-CZDwAbxR.js                             0.25 kB │ gzip:     0.21 kB │ map:      1.03 kB
out/renderer/assets/type-BwLxyBVv.js                                     0.25 kB │ gzip:     0.20 kB │ map:      0.96 kB
out/renderer/assets/circle-arrow-right-B1ap6rrT.js                       0.25 kB │ gzip:     0.21 kB │ map:      1.06 kB
out/renderer/assets/copy-Icy4Yt41.js                                     0.25 kB │ gzip:     0.21 kB │ map:      0.98 kB
out/renderer/assets/highlighter-DfN7nbtt.js                              0.25 kB │ gzip:     0.21 kB │ map:      0.93 kB
out/renderer/assets/panel-left-close-BzU2MMv0.js                         0.25 kB │ gzip:     0.21 kB │ map:      1.09 kB
out/renderer/assets/panel-right-close-BxvYGQlN.js                        0.25 kB │ gzip:     0.21 kB │ map:      1.09 kB
out/renderer/assets/square-code-D7wxhEOk.js                              0.25 kB │ gzip:     0.21 kB │ map:      1.07 kB
out/renderer/assets/utils-C4kNVcPf.js                                    0.25 kB │ gzip:     0.18 kB │ map:      0.96 kB
out/renderer/assets/grid-2x2-Ckn53jMb.js                                 0.25 kB │ gzip:     0.21 kB │ map:      1.03 kB
out/renderer/assets/history-CD2Q13Nz.js                                  0.25 kB │ gzip:     0.20 kB │ map:      0.99 kB
out/renderer/assets/japanese-yen-BcONtttk.js                             0.25 kB │ gzip:     0.21 kB │ map:      1.00 kB
out/renderer/assets/panel-right-open-BbVVHoWg.js                         0.25 kB │ gzip:     0.21 kB │ map:      1.09 kB
out/renderer/assets/smartphone-charging-OCiK9UMo.js                      0.25 kB │ gzip:     0.22 kB │ map:      1.04 kB
out/renderer/assets/stretch-vertical-BJlCljB4.js                         0.25 kB │ gzip:     0.19 kB │ map:      1.07 kB
out/renderer/assets/columns-3-DRfdZ4Mv.js                                0.25 kB │ gzip:     0.21 kB │ map:      1.04 kB
out/renderer/assets/maximize-2-C4HdThD1.js                               0.25 kB │ gzip:     0.19 kB │ map:      1.06 kB
out/renderer/assets/reply-all-CiAsGo8r.js                                0.25 kB │ gzip:     0.20 kB │ map:      0.99 kB
out/renderer/assets/zodiac-ophiuchus-DTKYJsYG.js                         0.25 kB │ gzip:     0.21 kB │ map:      0.96 kB
out/renderer/assets/beaker-BqV2zvBq.js                                   0.25 kB │ gzip:     0.20 kB │ map:      0.97 kB
out/renderer/assets/cloud-check-Bj9K3QJq.js                              0.25 kB │ gzip:     0.22 kB │ map:      0.94 kB
out/renderer/assets/globe-check-CXpeFTBD.js                              0.25 kB │ gzip:     0.21 kB │ map:      0.95 kB
out/renderer/assets/rss-B-u9zHTI.js                                      0.25 kB │ gzip:     0.21 kB │ map:      0.99 kB
out/renderer/assets/square-plus-l8-h5SN-.js                              0.25 kB │ gzip:     0.21 kB │ map:      1.05 kB
out/renderer/assets/stretch-horizontal-BQglHdnA.js                       0.25 kB │ gzip:     0.19 kB │ map:      1.08 kB
out/renderer/assets/touchpad-Dmn_6x3p.js                                 0.25 kB │ gzip:     0.21 kB │ map:      1.04 kB
out/renderer/assets/minimize-2-DW6KowFM.js                               0.25 kB │ gzip:     0.19 kB │ map:      1.07 kB
out/renderer/assets/undo-dot-C6-E7MBW.js                                 0.25 kB │ gzip:     0.22 kB │ map:      1.01 kB
out/renderer/assets/bluetooth-off-1yBooAXB.js                            0.25 kB │ gzip:     0.21 kB │ map:      1.01 kB
out/renderer/assets/circle-arrow-out-up-left-C4j7vMcy.js                 0.25 kB │ gzip:     0.21 kB │ map:      1.06 kB
out/renderer/assets/lens-concave-CQhRQK1p.js                             0.25 kB │ gzip:     0.20 kB │ map:      0.91 kB
out/renderer/assets/merge-CnnZQPWR.js                                    0.25 kB │ gzip:     0.21 kB │ map:      0.97 kB
out/renderer/assets/message-circle-CKmBWpJU.js                           0.25 kB │ gzip:     0.22 kB │ map:      0.94 kB
out/renderer/assets/spline-DxyUf2bh.js                                   0.25 kB │ gzip:     0.21 kB │ map:      1.03 kB
out/renderer/assets/airplay-BWxeuVDw.js                                  0.25 kB │ gzip:     0.21 kB │ map:      0.95 kB
out/renderer/assets/battery-low-DeYy361K.js                              0.25 kB │ gzip:     0.21 kB │ map:      1.05 kB
out/renderer/assets/globe-BVAByKr-.js                                    0.25 kB │ gzip:     0.20 kB │ map:      1.01 kB
out/renderer/assets/square-equal-C9VQhK7j.js                             0.25 kB │ gzip:     0.21 kB │ map:      1.06 kB
out/renderer/assets/square-terminal-C6j0a2o7.js                          0.25 kB │ gzip:     0.21 kB │ map:      1.11 kB
out/renderer/assets/zodiac-pisces-C1ffesu4.js                            0.25 kB │ gzip:     0.20 kB │ map:      1.01 kB
out/renderer/assets/database-JwnGwaq0.js                                 0.25 kB │ gzip:     0.21 kB │ map:      1.05 kB
out/renderer/assets/square-round-corner-C5RQzZM8.js                      0.25 kB │ gzip:     0.21 kB │ map:      0.98 kB
out/renderer/assets/tally-4-zDX8esq1.js                                  0.25 kB │ gzip:     0.18 kB │ map:      1.04 kB
out/renderer/assets/square-check-big-C0uj6JVM.js                         0.26 kB │ gzip:     0.22 kB │ map:      0.98 kB
out/renderer/assets/user-round-minus-CQigZWQ-.js                         0.26 kB │ gzip:     0.22 kB │ map:      1.05 kB
out/renderer/assets/bookmark-Cl8IFmYm.js                                 0.26 kB │ gzip:     0.22 kB │ map:      0.90 kB
out/renderer/assets/circle-arrow-out-up-right-56ZRTHRY.js                0.26 kB │ gzip:     0.21 kB │ map:      1.07 kB
out/renderer/assets/circle-power-CF8dNtla.js                             0.26 kB │ gzip:     0.22 kB │ map:      1.04 kB
out/renderer/assets/clock-check-Bk_w2mS4.js                              0.26 kB │ gzip:     0.21 kB │ map:      1.00 kB
out/renderer/assets/dice-2-CVudBIv8.js                                   0.26 kB │ gzip:     0.21 kB │ map:      1.04 kB
out/renderer/assets/gallery-vertical-B8LCqOHN.js                         0.26 kB │ gzip:     0.22 kB │ map:      1.08 kB
out/renderer/assets/omega-CSm5-cMg.js                                    0.26 kB │ gzip:     0.22 kB │ map:      0.88 kB
out/renderer/assets/section-4UPG9Wz_.js                                  0.26 kB │ gzip:     0.20 kB │ map:      0.92 kB
out/renderer/assets/vote-DTfTrEcw.js                                     0.26 kB │ gzip:     0.22 kB │ map:      0.97 kB
out/renderer/assets/wallet-minimal-OAVqXep3.js                           0.26 kB │ gzip:     0.21 kB │ map:      0.99 kB
out/renderer/assets/circle-pause-DnVEI18T.js                             0.26 kB │ gzip:     0.19 kB │ map:      1.13 kB
out/renderer/assets/divide-Bw5zoUXD.js                                   0.26 kB │ gzip:     0.21 kB │ map:      1.08 kB
out/renderer/assets/gallery-horizontal-gtIicIuD.js                       0.26 kB │ gzip:     0.22 kB │ map:      1.09 kB
out/renderer/assets/rainbow-CtgLgOC4.js                                  0.26 kB │ gzip:     0.20 kB │ map:      0.99 kB
out/renderer/assets/square-x-Cn1hHiPC.js                                 0.26 kB │ gzip:     0.22 kB │ map:      1.06 kB
out/renderer/assets/text-quote-DPOoB2cl.js                               0.26 kB │ gzip:     0.20 kB │ map:      1.06 kB
out/renderer/assets/zodiac-leo-OELih4Kn.js                               0.26 kB │ gzip:     0.23 kB │ map:      0.98 kB
out/renderer/assets/circle-arrow-out-down-left-B2h5Tq3a.js               0.26 kB │ gzip:     0.22 kB │ map:      1.08 kB
out/renderer/assets/club-BFU_vQQJ.js                                     0.26 kB │ gzip:     0.21 kB │ map:      0.94 kB
out/renderer/assets/door-closed-BXzZ3_fd.js                              0.26 kB │ gzip:     0.21 kB │ map:      1.00 kB
out/renderer/assets/hdmi-port-CI6zplhw.js                                0.26 kB │ gzip:     0.21 kB │ map:      0.96 kB
out/renderer/assets/hexagon-dpaMDmYa.js                                  0.26 kB │ gzip:     0.20 kB │ map:      0.89 kB
out/renderer/assets/panels-left-bottom-DSg49nhV.js                       0.26 kB │ gzip:     0.22 kB │ map:      1.09 kB
out/renderer/assets/philippine-peso-C6uGERfY.js                          0.26 kB │ gzip:     0.21 kB │ map:      1.03 kB
out/renderer/assets/wifi-high-CDS7Smwh.js                                0.26 kB │ gzip:     0.21 kB │ map:      1.00 kB
out/renderer/assets/arrow-right-left-DrJzBW2J.js                         0.26 kB │ gzip:     0.20 kB │ map:      1.11 kB
out/renderer/assets/circle-question-mark-Cr6fBxWE.js                     0.26 kB │ gzip:     0.22 kB │ map:      1.09 kB
out/renderer/assets/ear-CrBO3OQ0.js                                      0.26 kB │ gzip:     0.21 kB │ map:      0.91 kB
out/renderer/assets/equal-approximately-Bresr8NE.js                      0.26 kB │ gzip:     0.19 kB │ map:      0.99 kB
out/renderer/assets/gallery-vertical-end-BfUzZwwG.js                     0.26 kB │ gzip:     0.22 kB │ map:      1.10 kB
out/renderer/assets/goal-Doj4InyT.js                                     0.26 kB │ gzip:     0.22 kB │ map:      0.99 kB
out/renderer/assets/list-minus-B1zzSBXU.js                               0.26 kB │ gzip:     0.20 kB │ map:      1.06 kB
out/renderer/assets/video-DdiVhkT_.js                                    0.26 kB │ gzip:     0.23 kB │ map:      1.02 kB
out/renderer/assets/zoom-out-QUkkcLxk.js                                 0.26 kB │ gzip:     0.20 kB │ map:      1.11 kB
out/renderer/assets/heading-1-Od3Z75d1.js                                0.26 kB │ gzip:     0.20 kB │ map:      1.06 kB
out/renderer/assets/mountain-snow-DI49S3Qj.js                            0.26 kB │ gzip:     0.23 kB │ map:      0.97 kB
out/renderer/assets/panel-top-close-n5NohqCi.js                          0.26 kB │ gzip:     0.22 kB │ map:      1.08 kB
out/renderer/assets/panel-top-open-DJREJGHz.js                           0.26 kB │ gzip:     0.22 kB │ map:      1.08 kB
out/renderer/assets/panels-right-bottom-2XMxvYXt.js                      0.26 kB │ gzip:     0.22 kB │ map:      1.10 kB
out/renderer/assets/user-round-check-C-HTcHbU.js                         0.26 kB │ gzip:     0.23 kB │ map:      1.06 kB
out/renderer/assets/voicemail-BY3C0iNr.js                                0.26 kB │ gzip:     0.20 kB │ map:      1.09 kB
out/renderer/assets/circle-alert-BbS0aMIC.js                             0.26 kB │ gzip:     0.19 kB │ map:      1.14 kB
out/renderer/assets/ellipsis-vertical-ClYaJxPv.js                        0.26 kB │ gzip:     0.19 kB │ map:      1.12 kB
out/renderer/assets/mic-rh0eoqzC.js                                      0.26 kB │ gzip:     0.22 kB │ map:      1.02 kB
out/renderer/assets/mirror-rectangular-DH0YDIY8.js                       0.26 kB │ gzip:     0.22 kB │ map:      1.10 kB
out/renderer/assets/pen--N0t6naV.js                                      0.26 kB │ gzip:     0.22 kB │ map:      0.88 kB
out/renderer/assets/book-minus-C1pMCGan.js                               0.26 kB │ gzip:     0.22 kB │ map:      0.97 kB
out/renderer/assets/chart-column-D7Wy7kWg.js                             0.26 kB │ gzip:     0.20 kB │ map:      1.09 kB
out/renderer/assets/circle-arrow-out-down-right-C5_697-e.js              0.26 kB │ gzip:     0.21 kB │ map:      1.09 kB
out/renderer/assets/cloud-upload-DEsDO5RQ.js                             0.26 kB │ gzip:     0.22 kB │ map:      1.03 kB
out/renderer/assets/external-link-BBLuTIHj.js                            0.26 kB │ gzip:     0.21 kB │ map:      1.03 kB
out/renderer/assets/gallery-horizontal-end-BvXcEFHU.js                   0.26 kB │ gzip:     0.23 kB │ map:      1.12 kB
out/renderer/assets/mouse-pointer-2-CAtCoFE2.js                          0.26 kB │ gzip:     0.22 kB │ map:      0.95 kB
out/renderer/assets/pi-CwBNPVL0.js                                       0.26 kB │ gzip:     0.22 kB │ map:      1.01 kB
out/renderer/assets/signal-high-Cp8LrbEi.js                              0.26 kB │ gzip:     0.20 kB │ map:      1.07 kB
out/renderer/assets/square-arrow-down-fPzD_JKQ.js                        0.26 kB │ gzip:     0.22 kB │ map:      1.09 kB
out/renderer/assets/square-arrow-up-Dq9QDTrR.js                          0.26 kB │ gzip:     0.22 kB │ map:      1.08 kB
out/renderer/assets/annoyed-BRYQKGeq.js                                  0.26 kB │ gzip:     0.20 kB │ map:      1.08 kB
out/renderer/assets/circle-gauge-C7qr4S_F.js                             0.26 kB │ gzip:     0.22 kB │ map:      1.04 kB
out/renderer/assets/headphones-Dn-OGehQ.js                               0.26 kB │ gzip:     0.20 kB │ map:      0.91 kB
out/renderer/assets/panel-bottom-open-CZGB0l3j.js                        0.26 kB │ gzip:     0.22 kB │ map:      1.10 kB
out/renderer/assets/settings-2-DnGCDSeh.js                               0.26 kB │ gzip:     0.20 kB │ map:      1.13 kB
out/renderer/assets/skip-back-DiFTysTd.js                                0.26 kB │ gzip:     0.23 kB │ map:      0.97 kB
out/renderer/assets/skip-forward-BD0CXHdD.js                             0.26 kB │ gzip:     0.22 kB │ map:      0.98 kB
out/renderer/assets/square-arrow-left-D3awJXlW.js                        0.26 kB │ gzip:     0.22 kB │ map:      1.10 kB
out/renderer/assets/square-arrow-up-right-Cv0Lf_Z6.js                    0.26 kB │ gzip:     0.22 kB │ map:      1.11 kB
out/renderer/assets/zodiac-libra-Bz7Ejnl5.js                             0.26 kB │ gzip:     0.23 kB │ map:      0.98 kB
out/renderer/assets/archive-DY-d_XF2.js                                  0.26 kB │ gzip:     0.22 kB │ map:      1.06 kB
out/renderer/assets/disc-album-CWz8VMpM.js                               0.26 kB │ gzip:     0.22 kB │ map:      1.09 kB
out/renderer/assets/list-check-CJv63iSF.js                               0.26 kB │ gzip:     0.21 kB │ map:      1.07 kB
out/renderer/assets/panel-bottom-close-BRbUA4HJ.js                       0.26 kB │ gzip:     0.22 kB │ map:      1.10 kB
out/renderer/assets/shell-CtPXF1jS.js                                    0.26 kB │ gzip:     0.21 kB │ map:      0.89 kB
out/renderer/assets/square-arrow-right-DpNqXoGr.js                       0.26 kB │ gzip:     0.22 kB │ map:      1.10 kB
out/renderer/assets/square-arrow-up-left-DhRWV7Kb.js                     0.26 kB │ gzip:     0.22 kB │ map:      1.11 kB
out/renderer/assets/step-back-B5-Fqg5F.js                                0.26 kB │ gzip:     0.23 kB │ map:      0.97 kB
out/renderer/assets/step-forward-Wkf5xqfl.js                             0.26 kB │ gzip:     0.22 kB │ map:      0.99 kB
out/renderer/assets/timer-DpbYJ4RV.js                                    0.26 kB │ gzip:     0.20 kB │ map:      1.09 kB
out/renderer/assets/ampersand-Cgy_rOVn.js                                0.27 kB │ gzip:     0.22 kB │ map:      0.97 kB
out/renderer/assets/bed-_6Qzia9U.js                                      0.27 kB │ gzip:     0.21 kB │ map:      1.03 kB
out/renderer/assets/git-commit-horizontal-CujJcx8Z.js                    0.27 kB │ gzip:     0.20 kB │ map:      1.19 kB
out/renderer/assets/route-BWLcJkYE.js                                    0.27 kB │ gzip:     0.21 kB │ map:      1.05 kB
out/renderer/assets/square-arrow-down-right-BaUEQyfB.js                  0.27 kB │ gzip:     0.22 kB │ map:      1.12 kB
out/renderer/assets/align-vertical-space-around-Cqrc_Dqi.js              0.27 kB │ gzip:     0.22 kB │ map:      1.14 kB
out/renderer/assets/cloudy-CZug-YVJ.js                                   0.27 kB │ gzip:     0.23 kB │ map:      0.93 kB
out/renderer/assets/laptop-minimal-check-BC8XHDWz.js                     0.27 kB │ gzip:     0.23 kB │ map:      1.11 kB
out/renderer/assets/lock-keyhole-CO40DKap.js                             0.27 kB │ gzip:     0.23 kB │ map:      1.12 kB
out/renderer/assets/redo-dot-fNo6i-2b.js                                 0.27 kB │ gzip:     0.22 kB │ map:      1.02 kB
out/renderer/assets/square-arrow-down-left-ChLVRQAH.js                   0.27 kB │ gzip:     0.23 kB │ map:      1.12 kB
out/renderer/assets/text-wrap-D2t55spL.js                                0.27 kB │ gzip:     0.20 kB │ map:      1.08 kB
out/renderer/assets/circle-play-D-2ZpDa8.js                              0.27 kB │ gzip:     0.22 kB │ map:      1.03 kB
out/renderer/assets/eye-BkCGSRrz.js                                      0.27 kB │ gzip:     0.21 kB │ map:      0.99 kB
out/renderer/assets/link-D-SFNM5r.js                                     0.27 kB │ gzip:     0.20 kB │ map:      0.93 kB
out/renderer/assets/popsicle-BkQNkoAJ.js                                 0.27 kB │ gzip:     0.23 kB │ map:      0.97 kB
out/renderer/assets/proportions-DyQhkNMP.js                              0.27 kB │ gzip:     0.22 kB │ map:      1.07 kB
out/renderer/assets/table-Cmx-N5SQ.js                                    0.27 kB │ gzip:     0.21 kB │ map:      1.12 kB
out/renderer/assets/align-horizontal-space-around-BfFudDZU.js            0.27 kB │ gzip:     0.23 kB │ map:      1.16 kB
out/renderer/assets/link-2-Bm71zB8I.js                                   0.27 kB │ gzip:     0.22 kB │ map:      1.03 kB
out/renderer/assets/percent-B83DiriJ.js                                  0.27 kB │ gzip:     0.21 kB │ map:      1.09 kB
out/renderer/assets/app-window-6vB5Sit-.js                               0.27 kB │ gzip:     0.21 kB │ map:      1.14 kB
out/renderer/assets/book-check-BGfwNTnP.js                               0.27 kB │ gzip:     0.22 kB │ map:      0.98 kB
out/renderer/assets/chunk-426QAEUC-BCG7kxSZ.js                           0.27 kB │ gzip:     0.23 kB │ map:      1.07 kB
out/renderer/assets/cloud-fog-C2n70Qcm.js                                0.27 kB │ gzip:     0.22 kB │ map:      1.00 kB
out/renderer/assets/move-3d-DxOT8dPY.js                                  0.27 kB │ gzip:     0.21 kB │ map:      1.06 kB
out/renderer/assets/user-check-C7pdNvBK.js                               0.27 kB │ gzip:     0.22 kB │ map:      1.04 kB
out/renderer/assets/anchor-BLsX0K8_.js                                   0.27 kB │ gzip:     0.22 kB │ map:      1.10 kB
out/renderer/assets/diamond-DyVw-QSz.js                                  0.27 kB │ gzip:     0.20 kB │ map:      0.91 kB
out/renderer/assets/italic-C4MEa5ik.js                                   0.27 kB │ gzip:     0.20 kB │ map:      1.12 kB
out/renderer/assets/lasso-BMpGdiFy.js                                    0.27 kB │ gzip:     0.23 kB │ map:      1.02 kB
out/renderer/assets/monitor-BrBUBK8o.js                                  0.27 kB │ gzip:     0.21 kB │ map:      1.15 kB
out/renderer/assets/arrow-down-up-B-eOFa1n.js                            0.27 kB │ gzip:     0.21 kB │ map:      1.09 kB
out/renderer/assets/arrow-up-down-C2q5g163.js                            0.27 kB │ gzip:     0.21 kB │ map:      1.09 kB
out/renderer/assets/banknote-D1oO4fAQ.js                                 0.27 kB │ gzip:     0.23 kB │ map:      1.09 kB
out/renderer/assets/bluetooth-searching-BnDFBVxo.js                      0.27 kB │ gzip:     0.23 kB │ map:      1.06 kB
out/renderer/assets/chart-bar-DIyNH4kA.js                                0.27 kB │ gzip:     0.21 kB │ map:      1.07 kB
out/renderer/assets/vibrate-CV9-dMn3.js                                  0.27 kB │ gzip:     0.22 kB │ map:      1.06 kB
out/renderer/assets/cloud-download-ej_nYd1q.js                           0.27 kB │ gzip:     0.22 kB │ map:      1.05 kB
out/renderer/assets/equal-not-BrPklEuZ.js                                0.27 kB │ gzip:     0.20 kB │ map:      1.13 kB
out/renderer/assets/square-kanban-l9dLGC9l.js                            0.27 kB │ gzip:     0.22 kB │ map:      1.16 kB
out/renderer/assets/square-power-CtUU27C8.js                             0.27 kB │ gzip:     0.23 kB │ map:      1.08 kB
out/renderer/assets/wind-C3xauDcl.js                                     0.27 kB │ gzip:     0.21 kB │ map:      0.99 kB
out/renderer/assets/book-marked-1nZAJJM5.js                              0.27 kB │ gzip:     0.23 kB │ map:      0.99 kB
out/renderer/assets/clock-alert-BB3AXvob.js                              0.27 kB │ gzip:     0.21 kB │ map:      1.10 kB
out/renderer/assets/import-Cb0HcdE9.js                                   0.27 kB │ gzip:     0.20 kB │ map:      1.04 kB
out/renderer/assets/non-binary-HExZ6-GK.js                               0.27 kB │ gzip:     0.22 kB │ map:      1.10 kB
out/renderer/assets/picture-in-picture-2-VCi28gf6.js                     0.27 kB │ gzip:     0.23 kB │ map:      1.06 kB
out/renderer/assets/strikethrough--HXPVa_V.js                            0.27 kB │ gzip:     0.23 kB │ map:      1.08 kB
out/renderer/assets/arrow-left-right-DNfHXHFL.js                         0.27 kB │ gzip:     0.22 kB │ map:      1.11 kB
out/renderer/assets/chart-gantt-J_wuflcG.js                              0.27 kB │ gzip:     0.21 kB │ map:      1.08 kB
out/renderer/assets/circle-dollar-sign-B0fHGkfa.js                       0.27 kB │ gzip:     0.22 kB │ map:      1.08 kB
out/renderer/assets/cloud-alert-NsG50_RA.js                              0.27 kB │ gzip:     0.23 kB │ map:      1.02 kB
out/renderer/assets/mouse-left-CvzMlFM1.js                               0.27 kB │ gzip:     0.23 kB │ map:      1.04 kB
out/renderer/assets/circle-off-CNkXCekb.js                               0.28 kB │ gzip:     0.22 kB │ map:      1.02 kB
out/renderer/assets/donut-DqmJOvKH.js                                    0.28 kB │ gzip:     0.23 kB │ map:      0.99 kB
out/renderer/assets/list-indent-decrease-ueEcx0_v.js                     0.28 kB │ gzip:     0.20 kB │ map:      1.13 kB
out/renderer/assets/list-indent-increase-DR5ek6--.js                     0.28 kB │ gzip:     0.20 kB │ map:      1.13 kB
out/renderer/assets/tent-DNqELrF0.js                                     0.28 kB │ gzip:     0.20 kB │ map:      1.05 kB
out/renderer/assets/test-tube-BOkCBw5Q.js                                0.28 kB │ gzip:     0.22 kB │ map:      1.01 kB
out/renderer/assets/grid-2x2-check-CUZFQUFR.js                           0.28 kB │ gzip:     0.22 kB │ map:      1.01 kB
out/renderer/assets/pentagon-CNsGnD1H.js                                 0.28 kB │ gzip:     0.22 kB │ map:      0.92 kB
out/renderer/assets/trending-up-down-D13-cPzI.js                         0.28 kB │ gzip:     0.21 kB │ map:      1.13 kB
out/renderer/assets/triangle-alert-CRHvZNql.js                           0.28 kB │ gzip:     0.22 kB │ map:      1.09 kB
out/renderer/assets/workflow-CMCkGwno.js                                 0.28 kB │ gzip:     0.21 kB │ map:      1.14 kB
out/renderer/assets/blocks-DpFYFHY4.js                                   0.28 kB │ gzip:     0.22 kB │ map:      1.04 kB
out/renderer/assets/compass-6dI-8VhN.js                                  0.28 kB │ gzip:     0.23 kB │ map:      1.00 kB
out/renderer/assets/lens-convex-BdYZGWUl.js                              0.28 kB │ gzip:     0.22 kB │ map:      0.93 kB
out/renderer/assets/sword-BHvJ1HpX.js                                    0.28 kB │ gzip:     0.22 kB │ map:      1.06 kB
out/renderer/assets/circle-percent-BsvUqjHs.js                           0.28 kB │ gzip:     0.22 kB │ map:      1.13 kB
out/renderer/assets/lollipop-DpREIG8s.js                                 0.28 kB │ gzip:     0.23 kB │ map:      1.04 kB
out/renderer/assets/mouse-right-CCm7RWum.js                              0.28 kB │ gzip:     0.24 kB │ map:      1.05 kB
out/renderer/assets/trash-1dkpyggY.js                                    0.28 kB │ gzip:     0.21 kB │ map:      1.00 kB
out/renderer/assets/webcam-CW0VpPlM.js                                   0.28 kB │ gzip:     0.21 kB │ map:      1.12 kB
out/renderer/assets/circle-user-round-BuLclsRI.js                        0.28 kB │ gzip:     0.23 kB │ map:      1.11 kB
out/renderer/assets/mars-stroke-BykXNG5h.js                              0.28 kB │ gzip:     0.23 kB │ map:      1.11 kB
out/renderer/assets/search-alert-Cf57HxXt.js                             0.28 kB │ gzip:     0.22 kB │ map:      1.12 kB
out/renderer/assets/squares-unite-l5Yq10BN.js                            0.28 kB │ gzip:     0.21 kB │ map:      0.94 kB
out/renderer/assets/ticket-minus-C9C8LebA.js                             0.28 kB │ gzip:     0.22 kB │ map:      1.00 kB
out/renderer/assets/users-round-Djh2m1q4.js                              0.28 kB │ gzip:     0.24 kB │ map:      1.05 kB
out/renderer/assets/flag-C5BceD2p.js                                     0.28 kB │ gzip:     0.23 kB │ map:      0.90 kB
out/renderer/assets/globe-x-D7pHSfBC.js                                  0.28 kB │ gzip:     0.22 kB │ map:      1.02 kB
out/renderer/assets/image-DpmaRG-6.js                                    0.28 kB │ gzip:     0.23 kB │ map:      1.11 kB
out/renderer/assets/pound-sterling-DuQTNAAw.js                           0.28 kB │ gzip:     0.22 kB │ map:      1.11 kB
out/renderer/assets/circle-ellipsis-CEPiL8GT.js                          0.28 kB │ gzip:     0.21 kB │ map:      1.14 kB
out/renderer/assets/file-BiMmh1sY.js                                     0.28 kB │ gzip:     0.22 kB │ map:      0.98 kB
out/renderer/assets/fishing-rod-Iqbc9Ock.js                              0.28 kB │ gzip:     0.23 kB │ map:      1.05 kB
out/renderer/assets/text-cursor-dt4F0HAk.js                              0.28 kB │ gzip:     0.21 kB │ map:      1.03 kB
out/renderer/assets/chart-bar-decreasing-BUF8Q_QW.js                     0.28 kB │ gzip:     0.22 kB │ map:      1.14 kB
out/renderer/assets/chart-bar-increasing-DzRntQG2.js                     0.28 kB │ gzip:     0.22 kB │ map:      1.14 kB
out/renderer/assets/clipboard-p1ktcvsB.js                                0.28 kB │ gzip:     0.23 kB │ map:      1.06 kB
out/renderer/assets/funnel-0vN7tP2t.js                                   0.28 kB │ gzip:     0.23 kB │ map:      0.91 kB
out/renderer/assets/georgian-lari-DbqW2Gko.js                            0.28 kB │ gzip:     0.22 kB │ map:      1.10 kB
out/renderer/assets/square-m-LRtZ1tk7.js                                 0.28 kB │ gzip:     0.24 kB │ map:      1.04 kB
out/renderer/assets/square-user-round-RhfrkGXa.js                        0.28 kB │ gzip:     0.24 kB │ map:      1.14 kB
out/renderer/assets/user-minus-BGSl9fBy.js                               0.28 kB │ gzip:     0.23 kB │ map:      1.09 kB
out/renderer/assets/waves-vertical-DR5KeISF.js                           0.28 kB │ gzip:     0.19 kB │ map:      1.05 kB
out/renderer/assets/calendar-BYdU3eNP.js                                 0.28 kB │ gzip:     0.22 kB │ map:      1.13 kB
out/renderer/assets/person-standing-DW25q8yy.js                          0.28 kB │ gzip:     0.23 kB │ map:      1.14 kB
out/renderer/assets/search-x-g0m-igN2.js                                 0.28 kB │ gzip:     0.22 kB │ map:      1.11 kB
out/renderer/assets/bluetooth-connected-C1xrAL4v.js                      0.28 kB │ gzip:     0.23 kB │ map:      1.16 kB
out/renderer/assets/grid-3x2-sFim9vlb.js                                 0.28 kB │ gzip:     0.22 kB │ map:      1.13 kB
out/renderer/assets/heart-C2naZo1b.js                                    0.28 kB │ gzip:     0.24 kB │ map:      0.91 kB
out/renderer/assets/pc-case-BtFlD3YY.js                                  0.28 kB │ gzip:     0.22 kB │ map:      1.13 kB
out/renderer/assets/pyramid-Dg8mhA9G.js                                  0.28 kB │ gzip:     0.23 kB │ map:      0.98 kB
out/renderer/assets/rectangle-goggles-B9eo2S4t.js                        0.28 kB │ gzip:     0.23 kB │ map:      0.97 kB
out/renderer/assets/repeat-2-DXS87Jy3.js                                 0.28 kB │ gzip:     0.21 kB │ map:      1.10 kB
out/renderer/assets/waves-horizontal-CMlHrgdv.js                         0.28 kB │ gzip:     0.20 kB │ map:      1.06 kB
out/renderer/assets/zodiac-capricorn-NA7pp7RM.js                         0.28 kB │ gzip:     0.23 kB │ map:      1.09 kB
out/renderer/assets/heading-2-Q8n2c-Wx.js                                0.29 kB │ gzip:     0.22 kB │ map:      1.08 kB
out/renderer/assets/map-pin-Imbrd-QL.js                                  0.29 kB │ gzip:     0.24 kB │ map:      1.01 kB
out/renderer/assets/martini-D0kNqA79.js                                  0.29 kB │ gzip:     0.22 kB │ map:      1.04 kB
out/renderer/assets/music-4-C_3KUUdm.js                                  0.29 kB │ gzip:     0.22 kB │ map:      1.13 kB
out/renderer/assets/refrigerator-CZFIjdf7.js                             0.29 kB │ gzip:     0.22 kB │ map:      1.05 kB
out/renderer/assets/split-BssXzyb6.js                                    0.29 kB │ gzip:     0.22 kB │ map:      1.06 kB
out/renderer/assets/square-arrow-out-up-left-CFkaWUgg.js                 0.29 kB │ gzip:     0.22 kB │ map:      1.09 kB
out/renderer/assets/ticket-check-Bb97pTgA.js                             0.29 kB │ gzip:     0.22 kB │ map:      1.01 kB
out/renderer/assets/ticket-slash-CXxo5TJ2.js                             0.29 kB │ gzip:     0.22 kB │ map:      1.01 kB
out/renderer/assets/align-end-vertical-B7reEJWo.js                       0.29 kB │ gzip:     0.22 kB │ map:      1.18 kB
out/renderer/assets/circle-user-BnJNEjw4.js                              0.29 kB │ gzip:     0.22 kB │ map:      1.09 kB
out/renderer/assets/euro-DoTbegPG.js                                     0.29 kB │ gzip:     0.23 kB │ map:      1.03 kB
out/renderer/assets/map-pin-minus-inside-CLAO5NCE.js                     0.29 kB │ gzip:     0.24 kB │ map:      1.05 kB
out/renderer/assets/weight-B2t4UJAJ.js                                   0.29 kB │ gzip:     0.24 kB │ map:      1.01 kB
out/renderer/assets/align-start-vertical-C478M55y.js                     0.29 kB │ gzip:     0.22 kB │ map:      1.19 kB
out/renderer/assets/bed-single-CVJcVYpw.js                               0.29 kB │ gzip:     0.22 kB │ map:      1.03 kB
out/renderer/assets/handbag-COGEh3vZ.js                                  0.29 kB │ gzip:     0.23 kB │ map:      0.99 kB
out/renderer/assets/pencil-C_1dXJ4k.js                                   0.29 kB │ gzip:     0.23 kB │ map:      0.99 kB
out/renderer/assets/rows-4-BFkvRqsI.js                                   0.29 kB │ gzip:     0.22 kB │ map:      1.12 kB
out/renderer/assets/square-arrow-out-up-right-Bxw4nS6s.js                0.29 kB │ gzip:     0.23 kB │ map:      1.10 kB
out/renderer/assets/utensils-BmgIMNq-.js                                 0.29 kB │ gzip:     0.23 kB │ map:      1.02 kB
out/renderer/assets/align-end-horizontal-BhOts6vN.js                     0.29 kB │ gzip:     0.23 kB │ map:      1.19 kB
out/renderer/assets/chart-column-decreasing-CGO3oAMQ.js                  0.29 kB │ gzip:     0.22 kB │ map:      1.16 kB
out/renderer/assets/chart-column-increasing-DzD9uqON.js                  0.29 kB │ gzip:     0.22 kB │ map:      1.16 kB
out/renderer/assets/ghost-DmhpVVS2.js                                    0.29 kB │ gzip:     0.22 kB │ map:      1.04 kB
out/renderer/assets/lock-keyhole-open-w85MUvdW.js                        0.29 kB │ gzip:     0.24 kB │ map:      1.15 kB
out/renderer/assets/navigation-off-B98E-62W.js                           0.29 kB │ gzip:     0.24 kB │ map:      1.10 kB
out/renderer/assets/square-menu-Bc5rWJ87.js                              0.29 kB │ gzip:     0.22 kB │ map:      1.15 kB
out/renderer/assets/tree-deciduous-LCEnOEiM.js                           0.29 kB │ gzip:     0.24 kB │ map:      1.02 kB
out/renderer/assets/vegan-DXS9m9cl.js                                    0.29 kB │ gzip:     0.23 kB │ map:      1.01 kB
out/renderer/assets/zap-JyOZbAEg.js                                      0.29 kB │ gzip:     0.23 kB │ map:      0.90 kB
out/renderer/assets/align-start-horizontal-DeCzCnL1.js                   0.29 kB │ gzip:     0.22 kB │ map:      1.20 kB
out/renderer/assets/closed-caption-DNIWEz8b.js                           0.29 kB │ gzip:     0.23 kB │ map:      1.11 kB
out/renderer/assets/navigation-2-off-CmQ2tWlF.js                         0.29 kB │ gzip:     0.24 kB │ map:      1.10 kB
out/renderer/assets/square-arrow-out-down-left-B9LdVJbM.js               0.29 kB │ gzip:     0.23 kB │ map:      1.11 kB
out/renderer/assets/square-pause-CmB0hTJ7.js                             0.29 kB │ gzip:     0.22 kB │ map:      1.18 kB
out/renderer/assets/test-tube-diagonal-Bx5TGDt5.js                       0.29 kB │ gzip:     0.23 kB │ map:      1.09 kB
out/renderer/assets/book-open-TrUr8jxQ.js                                0.29 kB │ gzip:     0.21 kB │ map:      1.01 kB
out/renderer/assets/columns-4-UUgjR4AV.js                                0.29 kB │ gzip:     0.22 kB │ map:      1.14 kB
out/renderer/assets/key--uQV6pE3.js                                      0.29 kB │ gzip:     0.24 kB │ map:      1.03 kB
out/renderer/assets/list-checks-02amg4Ut.js                              0.29 kB │ gzip:     0.19 kB │ map:      1.18 kB
out/renderer/assets/tablets-BKqbOLhW.js                                  0.29 kB │ gzip:     0.22 kB │ map:      1.14 kB
out/renderer/assets/barcode-Ct4fwbww.js                                  0.29 kB │ gzip:     0.19 kB │ map:      1.14 kB
out/renderer/assets/case-lower-DH_k46aJ.js                               0.29 kB │ gzip:     0.22 kB │ map:      1.15 kB
out/renderer/assets/leaf-jXX0p9jR.js                                     0.29 kB │ gzip:     0.25 kB │ map:      0.98 kB
out/renderer/assets/user-round-plus-BPct8dfd.js                          0.29 kB │ gzip:     0.23 kB │ map:      1.15 kB
out/renderer/assets/user-round-x-DWWQMDUC.js                             0.29 kB │ gzip:     0.23 kB │ map:      1.13 kB
out/renderer/assets/house-Dmoo5qCL.js                                    0.29 kB │ gzip:     0.22 kB │ map:      1.00 kB
out/renderer/assets/map-pin-check-inside-DUoMwjce.js                     0.29 kB │ gzip:     0.24 kB │ map:      1.05 kB
out/renderer/assets/radio-receiver-BsDgrZyi.js                           0.29 kB │ gzip:     0.23 kB │ map:      1.17 kB
out/renderer/assets/square-arrow-right-enter-CqnrISiw.js                 0.29 kB │ gzip:     0.22 kB │ map:      1.15 kB
out/renderer/assets/square-dashed-bottom-nPbMoAQB.js                     0.29 kB │ gzip:     0.22 kB │ map:      1.10 kB
out/renderer/assets/tornado-BMX6kUJ2.js                                  0.29 kB │ gzip:     0.21 kB │ map:      1.14 kB
out/renderer/assets/eraser-C-UEiLl9.js                                   0.29 kB │ gzip:     0.23 kB │ map:      1.00 kB
out/renderer/assets/square-arrow-out-down-right-asnHaKot.js              0.29 kB │ gzip:     0.23 kB │ map:      1.12 kB
out/renderer/assets/square-chart-gantt-Dzt_HVVI.js                       0.29 kB │ gzip:     0.23 kB │ map:      1.19 kB
out/renderer/assets/square-library-LQAZOWuI.js                           0.29 kB │ gzip:     0.23 kB │ map:      1.17 kB
out/renderer/assets/table-properties-8ky-XaVQ.js                         0.29 kB │ gzip:     0.23 kB │ map:      1.18 kB
out/renderer/assets/tally-5--79OD4HM.js                                  0.29 kB │ gzip:     0.20 kB │ map:      1.14 kB
out/renderer/assets/app-window-mac-bSED1ksz.js                           0.29 kB │ gzip:     0.22 kB │ map:      1.17 kB
out/renderer/assets/axis-3d-Db-hBvwn.js                                  0.29 kB │ gzip:     0.23 kB │ map:      1.09 kB
out/renderer/assets/badge-DiI5LQD6.js                                    0.29 kB │ gzip:     0.21 kB │ map:      0.92 kB
out/renderer/assets/battery-medium-C2g7YPjn.js                           0.29 kB │ gzip:     0.22 kB │ map:      1.17 kB
out/renderer/assets/between-vertical-end-CNztEORl.js                     0.29 kB │ gzip:     0.22 kB │ map:      1.20 kB
out/renderer/assets/list-plus-0EDArqaZ.js                                0.29 kB │ gzip:     0.21 kB │ map:      1.15 kB
out/renderer/assets/signal-DjZoP9f8.js                                   0.29 kB │ gzip:     0.21 kB │ map:      1.14 kB
out/renderer/assets/table-cells-split-B1OuEyhB.js                        0.29 kB │ gzip:     0.23 kB │ map:      1.19 kB
out/renderer/assets/align-vertical-justify-end-Bg8Bvosi.js               0.30 kB │ gzip:     0.23 kB │ map:      1.22 kB
out/renderer/assets/dice-3-s9FFONy_.js                                   0.30 kB │ gzip:     0.23 kB │ map:      1.15 kB
out/renderer/assets/ice-cream-cone-DXnyes1x.js                           0.30 kB │ gzip:     0.23 kB │ map:      1.06 kB
out/renderer/assets/monitor-check-Duym8l3w.js                            0.30 kB │ gzip:     0.24 kB │ map:      1.17 kB
out/renderer/assets/scroll-DN3eoH57.js                                   0.30 kB │ gzip:     0.23 kB │ map:      0.99 kB
out/renderer/assets/square-percent-CyimcKUh.js                           0.30 kB │ gzip:     0.23 kB │ map:      1.17 kB
out/renderer/assets/square-user-D3qfj8i_.js                              0.30 kB │ gzip:     0.24 kB │ map:      1.12 kB
out/renderer/assets/timer-reset-dm1OBdRt.js                              0.30 kB │ gzip:     0.23 kB │ map:      1.10 kB
out/renderer/assets/align-vertical-justify-start-CL_86tQl.js             0.30 kB │ gzip:     0.23 kB │ map:      1.24 kB
out/renderer/assets/balloon-DQyOPsal.js                                  0.30 kB │ gzip:     0.22 kB │ map:      1.03 kB
out/renderer/assets/between-vertical-start-4ymYYNwy.js                   0.30 kB │ gzip:     0.23 kB │ map:      1.21 kB
out/renderer/assets/book-text-DotgRDTS.js                                0.30 kB │ gzip:     0.23 kB │ map:      1.06 kB
out/renderer/assets/circle-pound-sterling-zZMhc9yZ.js                    0.30 kB │ gzip:     0.23 kB │ map:      1.18 kB
out/renderer/assets/folder-minus-Djvn9lpS.js                             0.30 kB │ gzip:     0.23 kB │ map:      1.02 kB
out/renderer/assets/rotate-cw-square-qNyESBt9.js                         0.30 kB │ gzip:     0.23 kB │ map:      1.07 kB
out/renderer/assets/signpost-big-DRnsnBTT.js                             0.30 kB │ gzip:     0.23 kB │ map:      1.11 kB
out/renderer/assets/align-horizontal-justify-end-BYeNAxhj.js             0.30 kB │ gzip:     0.23 kB │ map:      1.24 kB
out/renderer/assets/between-horizontal-end-B_eYZfhY.js                   0.30 kB │ gzip:     0.23 kB │ map:      1.21 kB
out/renderer/assets/between-horizontal-start-i5gIvxXM.js                 0.30 kB │ gzip:     0.23 kB │ map:      1.22 kB
out/renderer/assets/book-plus-C9b0PL4E.js                                0.30 kB │ gzip:     0.23 kB │ map:      1.06 kB
out/renderer/assets/chart-bar-big-BvEhM04E.js                            0.30 kB │ gzip:     0.23 kB │ map:      1.16 kB
out/renderer/assets/inbox-Cp0zn8YL.js                                    0.30 kB │ gzip:     0.23 kB │ map:      1.00 kB
out/renderer/assets/lightbulb-A3uY4IK2.js                                0.30 kB │ gzip:     0.23 kB │ map:      1.08 kB
out/renderer/assets/plug-BIfE4-27.js                                     0.30 kB │ gzip:     0.21 kB │ map:      1.10 kB
out/renderer/assets/align-horizontal-justify-start-1AWK-Uhl.js           0.30 kB │ gzip:     0.23 kB │ map:      1.25 kB
out/renderer/assets/align-vertical-justify-center-CA2F_QPK.js            0.30 kB │ gzip:     0.23 kB │ map:      1.24 kB
out/renderer/assets/folder-closed-C8AqH7Tm.js                            0.30 kB │ gzip:     0.23 kB │ map:      1.03 kB
out/renderer/assets/list-filter-plus-CHbGxELz.js                         0.30 kB │ gzip:     0.22 kB │ map:      1.19 kB
out/renderer/assets/repeat-ChIXKTzA.js                                   0.30 kB │ gzip:     0.22 kB │ map:      1.09 kB
out/renderer/assets/rotate-ccw-square-_XS1skNK.js                        0.30 kB │ gzip:     0.23 kB │ map:      1.08 kB
out/renderer/assets/search-code-BNeBh22n.js                              0.30 kB │ gzip:     0.24 kB │ map:      1.14 kB
out/renderer/assets/shield-DwmI9hfm.js                                   0.30 kB │ gzip:     0.24 kB │ map:      0.93 kB
out/renderer/assets/square-asterisk-wqaZXiIo.js                          0.30 kB │ gzip:     0.23 kB │ map:      1.18 kB
out/renderer/assets/square-play-DxCjrnJ1.js                              0.30 kB │ gzip:     0.24 kB │ map:      1.07 kB
out/renderer/assets/bookmark-minus-NUngK_3Q.js                           0.30 kB │ gzip:     0.24 kB │ map:      1.03 kB
out/renderer/assets/chart-column-big-CGhMCryK.js                         0.30 kB │ gzip:     0.23 kB │ map:      1.18 kB
out/renderer/assets/chart-pie-Bwsrce_O.js                                0.30 kB │ gzip:     0.24 kB │ map:      1.01 kB
out/renderer/assets/clock-plus-DCKSQdJG.js                               0.30 kB │ gzip:     0.23 kB │ map:      1.10 kB
out/renderer/assets/git-branch-minus-m8Xw7diy.js                         0.30 kB │ gzip:     0.23 kB │ map:      1.19 kB
out/renderer/assets/speaker-DrLLriMF.js                                  0.30 kB │ gzip:     0.23 kB │ map:      1.17 kB
out/renderer/assets/align-horizontal-justify-center-DZOZZtz_.js          0.30 kB │ gzip:     0.23 kB │ map:      1.26 kB
out/renderer/assets/award-dMbuAn8d.js                                    0.30 kB │ gzip:     0.24 kB │ map:      1.02 kB
out/renderer/assets/message-circle-check-CAy1CikO.js                     0.30 kB │ gzip:     0.24 kB │ map:      1.08 kB
out/renderer/assets/path-3g0tMVlz.js                                     0.30 kB │ gzip:     0.22 kB │ map:      1.03 kB
out/renderer/assets/square-function-VlRHWiFi.js                          0.30 kB │ gzip:     0.24 kB │ map:      1.14 kB
out/renderer/assets/square-pi-CXWxi8zR.js                                0.30 kB │ gzip:     0.23 kB │ map:      1.15 kB
out/renderer/assets/umbrella-DOdjXgnc.js                                 0.30 kB │ gzip:     0.23 kB │ map:      1.07 kB
out/renderer/assets/book-alert-DHHBC-Ig.js                               0.30 kB │ gzip:     0.23 kB │ map:      1.07 kB
out/renderer/assets/book-x-BhKNM_h9.js                                   0.30 kB │ gzip:     0.23 kB │ map:      1.05 kB
out/renderer/assets/list-x-C4HBdcwq.js                                   0.30 kB │ gzip:     0.21 kB │ map:      1.15 kB
out/renderer/assets/message-square-dot-BhhqYgC_.js                       0.30 kB │ gzip:     0.25 kB │ map:      1.08 kB
out/renderer/assets/rectangle-ellipsis-B3eENHlq.js                       0.30 kB │ gzip:     0.22 kB │ map:      1.20 kB
out/renderer/assets/send-DyfPPg0L.js                                     0.30 kB │ gzip:     0.24 kB │ map:      1.00 kB
out/renderer/assets/book-up-D16Y_i5H.js                                  0.30 kB │ gzip:     0.24 kB │ map:      1.06 kB
out/renderer/assets/folder-check-CpDhQHdf.js                             0.30 kB │ gzip:     0.23 kB │ map:      1.03 kB
out/renderer/assets/bolt-CfrhveQ9.js                                     0.30 kB │ gzip:     0.23 kB │ map:      1.01 kB
out/renderer/assets/clock-arrow-down-CnO2m_K5.js                         0.30 kB │ gzip:     0.23 kB │ map:      1.14 kB
out/renderer/assets/folder-open-BImMBN1d.js                              0.30 kB │ gzip:     0.23 kB │ map:      0.97 kB
out/renderer/assets/pen-line-CPiABWNJ.js                                 0.30 kB │ gzip:     0.24 kB │ map:      1.00 kB
out/renderer/assets/a-arrow-up-ChQa_kwH.js                               0.30 kB │ gzip:     0.24 kB │ map:      1.11 kB
out/renderer/assets/astroid-BjCDcwKI.js                                  0.30 kB │ gzip:     0.20 kB │ map:      0.95 kB
out/renderer/assets/bomb-n75oaMho.js                                     0.30 kB │ gzip:     0.24 kB │ map:      1.08 kB
out/renderer/assets/book-a-Bw047PMP.js                                   0.30 kB │ gzip:     0.24 kB │ map:      1.06 kB
out/renderer/assets/book-down-BOhSaVOl.js                                0.30 kB │ gzip:     0.24 kB │ map:      1.07 kB
out/renderer/assets/bookmark-check-p7EOSXhV.js                           0.30 kB │ gzip:     0.24 kB │ map:      1.04 kB
out/renderer/assets/mail-minus-CJ89NiUa.js                               0.30 kB │ gzip:     0.24 kB │ map:      1.05 kB
out/renderer/assets/maximize-CoE291ig.js                                 0.30 kB │ gzip:     0.21 kB │ map:      1.12 kB
out/renderer/assets/scale-3d-Cp2qluBp.js                                 0.30 kB │ gzip:     0.23 kB │ map:      1.15 kB
out/renderer/assets/volume-o3038Fuy.js                                   0.30 kB │ gzip:     0.24 kB │ map:      0.93 kB
out/renderer/assets/zodiac-gemini-C5hQfy4C.js                            0.30 kB │ gzip:     0.22 kB │ map:      1.13 kB
out/renderer/assets/braces-DVQlzqJZ.js                                   0.31 kB │ gzip:     0.23 kB │ map:      1.01 kB
out/renderer/assets/decimals-arrow-left-NA-ZPuYj.js                      0.31 kB │ gzip:     0.24 kB │ map:      1.21 kB
out/renderer/assets/lamp-floor-rqWIseoQ.js                               0.31 kB │ gzip:     0.24 kB │ map:      1.08 kB
out/renderer/assets/math-_0TeA8Ik.js                                     0.31 kB │ gzip:     0.20 kB │ map:      1.01 kB
out/renderer/assets/message-square-check-eIU4Gty6.js                     0.31 kB │ gzip:     0.24 kB │ map:      1.07 kB
out/renderer/assets/power-off-DMkgLaHU.js                                0.31 kB │ gzip:     0.24 kB │ map:      1.10 kB
out/renderer/assets/user-search-pK1jysX9.js                              0.31 kB │ gzip:     0.24 kB │ map:      1.17 kB
out/renderer/assets/a-arrow-down-gDJ_Wk9f.js                             0.31 kB │ gzip:     0.24 kB │ map:      1.12 kB
out/renderer/assets/cloud-rain-BZ93VEZ4.js                               0.31 kB │ gzip:     0.23 kB │ map:      1.11 kB
out/renderer/assets/list-music-3aUE1mZW.js                               0.31 kB │ gzip:     0.23 kB │ map:      1.20 kB
out/renderer/assets/sticky-note-D2-soTKD.js                              0.31 kB │ gzip:     0.23 kB │ map:      1.02 kB
out/renderer/assets/wifi-CyuNFgeq.js                                     0.31 kB │ gzip:     0.23 kB │ map:      1.08 kB
out/renderer/assets/clock-arrow-up-GqcfSgyC.js                           0.31 kB │ gzip:     0.24 kB │ map:      1.13 kB
out/renderer/assets/grid-2x2-plus-C-EJqCOl.js                            0.31 kB │ gzip:     0.23 kB │ map:      1.09 kB
out/renderer/assets/grid-2x2-x-DZIDAATL.js                               0.31 kB │ gzip:     0.23 kB │ map:      1.08 kB
out/renderer/assets/hash-D2xBwM_d.js                                     0.31 kB │ gzip:     0.20 kB │ map:      1.26 kB
out/renderer/assets/list-tree-DgO92qiK.js                                0.31 kB │ gzip:     0.21 kB │ map:      1.18 kB
out/renderer/assets/rewind-BoE3hs7p.js                                   0.31 kB │ gzip:     0.21 kB │ map:      1.00 kB
out/renderer/assets/wind-arrow-down-Cyphyyb4.js                          0.31 kB │ gzip:     0.23 kB │ map:      1.14 kB
out/renderer/assets/drumstick-CDXErM9H.js                                0.31 kB │ gzip:     0.25 kB │ map:      1.03 kB
out/renderer/assets/form-MatToS5l.js                                     0.31 kB │ gzip:     0.22 kB │ map:      1.19 kB
out/renderer/assets/plug-2-DpvTfiE6.js                                   0.31 kB │ gzip:     0.23 kB │ map:      1.15 kB
out/renderer/assets/square-split-vertical-DDwdEQ0T.js                    0.31 kB │ gzip:     0.25 kB │ map:      1.15 kB
out/renderer/assets/tablet-smartphone-BMR6x34B.js                        0.31 kB │ gzip:     0.25 kB │ map:      1.14 kB
out/renderer/assets/archive-x-BQt-ptij.js                                0.31 kB │ gzip:     0.23 kB │ map:      1.18 kB
out/renderer/assets/arrow-big-down-D3wLJ0pC.js                           0.31 kB │ gzip:     0.23 kB │ map:      0.98 kB
out/renderer/assets/arrow-big-up-gDoD7xTW.js                             0.31 kB │ gzip:     0.23 kB │ map:      0.97 kB
out/renderer/assets/folder-bookmark-CxHZrRmu.js                          0.31 kB │ gzip:     0.24 kB │ map:      1.05 kB
out/renderer/assets/folder-symlink-C04w9apU.js                           0.31 kB │ gzip:     0.23 kB │ map:      1.06 kB
out/renderer/assets/heading-4-CGYbA869.js                                0.31 kB │ gzip:     0.22 kB │ map:      1.17 kB
out/renderer/assets/wine-4hRROYMH.js                                     0.31 kB │ gzip:     0.23 kB │ map:      1.10 kB
out/renderer/assets/arrow-up-narrow-wide-D1jOJ5j0.js                     0.31 kB │ gzip:     0.22 kB │ map:      1.22 kB
out/renderer/assets/arrow-up-wide-narrow-DWSyeRrS.js                     0.31 kB │ gzip:     0.22 kB │ map:      1.22 kB
out/renderer/assets/folder-dot-CvKs-o4c.js                               0.31 kB │ gzip:     0.25 kB │ map:      1.05 kB
out/renderer/assets/mail-check-lr-trDVF.js                               0.31 kB │ gzip:     0.24 kB │ map:      1.05 kB
out/renderer/assets/square-split-horizontal-DtkmBOEW.js                  0.31 kB │ gzip:     0.26 kB │ map:      1.16 kB
out/renderer/assets/arrow-down-narrow-wide-Dk8Uqe0C.js                   0.31 kB │ gzip:     0.22 kB │ map:      1.23 kB
out/renderer/assets/arrow-down-wide-narrow-CQXzo_Dv.js                   0.31 kB │ gzip:     0.22 kB │ map:      1.23 kB
out/renderer/assets/coins-CoLUKc3N.js                                    0.31 kB │ gzip:     0.24 kB │ map:      1.12 kB
out/renderer/assets/copy-check-BPGFhFKH.js                               0.31 kB │ gzip:     0.25 kB │ map:      1.12 kB
out/renderer/assets/diamond-minus-DfhtI1Vi.js                            0.31 kB │ gzip:     0.23 kB │ map:      1.04 kB
out/renderer/assets/fast-forward-CDbUiNJh.js                             0.31 kB │ gzip:     0.21 kB │ map:      1.03 kB
out/renderer/assets/git-compare-C6xOr3nV.js                              0.31 kB │ gzip:     0.23 kB │ map:      1.18 kB
out/renderer/assets/glass-water-R35H6qV0.js                              0.31 kB │ gzip:     0.24 kB │ map:      1.03 kB
out/renderer/assets/ligature-D1UA2vuJ.js                                 0.31 kB │ gzip:     0.22 kB │ map:      1.17 kB
out/renderer/assets/list-collapse-Bp2Uoy87.js                            0.31 kB │ gzip:     0.21 kB │ map:      1.19 kB
out/renderer/assets/list-todo-CmantUxo.js                                0.31 kB │ gzip:     0.23 kB │ map:      1.24 kB
out/renderer/assets/remove-formatting-CWrQ9Iag.js                        0.31 kB │ gzip:     0.23 kB │ map:      1.21 kB
out/renderer/assets/satellite-dish-CLAxPLb-.js                           0.31 kB │ gzip:     0.23 kB │ map:      1.14 kB
out/renderer/assets/send-horizontal-DTL3s89D.js                          0.31 kB │ gzip:     0.24 kB │ map:      1.05 kB
out/renderer/assets/layout-template-BYAWwQ0t.js                          0.31 kB │ gzip:     0.21 kB │ map:      1.25 kB
out/renderer/assets/rotate-3d-C477GYuA.js                                0.31 kB │ gzip:     0.24 kB │ map:      1.05 kB
out/renderer/assets/scaling-VYZy2XHy.js                                  0.31 kB │ gzip:     0.23 kB │ map:      1.10 kB
out/renderer/assets/shirt-DRlnxfXl.js                                    0.31 kB │ gzip:     0.25 kB │ map:      0.94 kB
out/renderer/assets/user-round-search-Det90qIf.js                        0.31 kB │ gzip:     0.24 kB │ map:      1.21 kB
out/renderer/assets/wallet-lT8XvHbz.js                                   0.31 kB │ gzip:     0.23 kB │ map:      1.01 kB
out/renderer/assets/arrows-up-from-line-cJQ-otRg.js                      0.31 kB │ gzip:     0.22 kB │ map:      1.22 kB
out/renderer/assets/computer-Yb-4buEd.js                                 0.31 kB │ gzip:     0.23 kB │ map:      1.22 kB
out/renderer/assets/fishing-hook-DrlPf2gm.js                             0.31 kB │ gzip:     0.26 kB │ map:      1.13 kB
out/renderer/assets/flask-conical-Cb5YQubt.js                            0.31 kB │ gzip:     0.24 kB │ map:      1.12 kB
out/renderer/assets/layout-panel-left-DhQzbH-m.js                        0.31 kB │ gzip:     0.21 kB │ map:      1.26 kB
out/renderer/assets/layout-panel-top-B4Je6xAR.js                         0.31 kB │ gzip:     0.21 kB │ map:      1.25 kB
out/renderer/assets/list-DZtuePrU.js                                     0.31 kB │ gzip:     0.19 kB │ map:      1.22 kB
out/renderer/assets/text-search-DKNpIlpm.js                              0.31 kB │ gzip:     0.23 kB │ map:      1.21 kB
out/renderer/assets/thumbs-up-jOL_6sI3.js                                0.31 kB │ gzip:     0.24 kB │ map:      1.03 kB
out/renderer/assets/towel-rack-DwHxYFOH.js                               0.31 kB │ gzip:     0.24 kB │ map:      1.09 kB
out/renderer/assets/toy-brick-DH3XgRRx.js                                0.31 kB │ gzip:     0.24 kB │ map:      1.11 kB
out/renderer/assets/zoom-in-DzQ03bZU.js                                  0.31 kB │ gzip:     0.22 kB │ map:      1.27 kB
out/renderer/assets/bike-BFhSHhe9.js                                     0.31 kB │ gzip:     0.23 kB │ map:      1.17 kB
out/renderer/assets/disc-3-5Uxp_P_d.js                                   0.31 kB │ gzip:     0.23 kB │ map:      1.15 kB
out/renderer/assets/list-chevrons-down-up-BgYQTTkI.js                    0.31 kB │ gzip:     0.22 kB │ map:      1.23 kB
out/renderer/assets/list-chevrons-up-down-vLH3Lumo.js                    0.31 kB │ gzip:     0.22 kB │ map:      1.23 kB
out/renderer/assets/shrub-CedQM_5v.js                                    0.31 kB │ gzip:     0.25 kB │ map:      1.04 kB
out/renderer/assets/tangent-D6tvu6WB.js                                  0.31 kB │ gzip:     0.24 kB │ map:      1.16 kB
out/renderer/assets/thumbs-down-BppRDXe1.js                              0.31 kB │ gzip:     0.24 kB │ map:      1.04 kB
out/renderer/assets/ticket-plus-CtWCi89u.js                              0.31 kB │ gzip:     0.23 kB │ map:      1.09 kB
out/renderer/assets/wrench-CLoHrFc1.js                                   0.31 kB │ gzip:     0.24 kB │ map:      0.96 kB
out/renderer/assets/clipboard-check-CKiLUusX.js                          0.32 kB │ gzip:     0.24 kB │ map:      1.20 kB
out/renderer/assets/git-pull-request-DDDh9ptI.js                         0.32 kB │ gzip:     0.24 kB │ map:      1.25 kB
out/renderer/assets/list-end-CV6l7AJa.js                                 0.32 kB │ gzip:     0.23 kB │ map:      1.17 kB
out/renderer/assets/mail-open-C2WEYBZT.js                                0.32 kB │ gzip:     0.24 kB │ map:      1.02 kB
out/renderer/assets/pill-bottle-DCyIXgzp.js                              0.32 kB │ gzip:     0.25 kB │ map:      1.12 kB
out/renderer/assets/scan-BtRH9-Hv.js                                     0.32 kB │ gzip:     0.22 kB │ map:      1.10 kB
out/renderer/assets/square-pilcrow-CFSD83Ra.js                           0.32 kB │ gzip:     0.24 kB │ map:      1.20 kB
out/renderer/assets/arrow-big-right-C3Imtmjj.js                          0.32 kB │ gzip:     0.24 kB │ map:      0.99 kB
out/renderer/assets/bell-0D5G9r49.js                                     0.32 kB │ gzip:     0.25 kB │ map:      1.00 kB
out/renderer/assets/list-start-DIjYOBW8.js                               0.32 kB │ gzip:     0.23 kB │ map:      1.18 kB
out/renderer/assets/monitor-stop-HZoDMtZ3.js                             0.32 kB │ gzip:     0.24 kB │ map:      1.24 kB
out/renderer/assets/square-arrow-right-exit-bLQlrwQM.js                  0.32 kB │ gzip:     0.24 kB │ map:      1.15 kB
out/renderer/assets/arrow-big-left-BgnJ-bk4.js                           0.32 kB │ gzip:     0.24 kB │ map:      0.99 kB
out/renderer/assets/egg-off-BnzMgLXb.js                                  0.32 kB │ gzip:     0.25 kB │ map:      1.04 kB
out/renderer/assets/folder-plus-DP7M064B.js                              0.32 kB │ gzip:     0.23 kB │ map:      1.11 kB
out/renderer/assets/heading-6-BzgcDXMK.js                                0.32 kB │ gzip:     0.23 kB │ map:      1.20 kB
out/renderer/assets/indian-rupee-U2hf4iXp.js                             0.32 kB │ gzip:     0.23 kB │ map:      1.19 kB
out/renderer/assets/radius-Bk5qD6e0.js                                   0.32 kB │ gzip:     0.24 kB │ map:      1.16 kB
out/renderer/assets/users-DkmqSsJR.js                                    0.32 kB │ gzip:     0.23 kB │ map:      1.14 kB
out/renderer/assets/case-sensitive-CD6ehlQ3.js                           0.32 kB │ gzip:     0.26 kB │ map:      1.17 kB
out/renderer/assets/cloud-rain-wind-DZ0OnUui.js                          0.32 kB │ gzip:     0.24 kB │ map:      1.15 kB
out/renderer/assets/shopping-cart-Ca_Ya3Vu.js                            0.32 kB │ gzip:     0.25 kB │ map:      1.16 kB
out/renderer/assets/variable-BY02vfrU.js                                 0.32 kB │ gzip:     0.23 kB │ map:      1.20 kB
out/renderer/assets/venus-and-mars-DnJ04trw.js                           0.32 kB │ gzip:     0.24 kB │ map:      1.23 kB
out/renderer/assets/minimize-DadLH3Wk.js                                 0.32 kB │ gzip:     0.23 kB │ map:      1.12 kB
out/renderer/assets/pilcrow-left-DcC-cI71.js                             0.32 kB │ gzip:     0.23 kB │ map:      1.20 kB
out/renderer/assets/smile-DYq7AtXh.js                                    0.32 kB │ gzip:     0.23 kB │ map:      1.21 kB
out/renderer/assets/turntable-DbPyoEna.js                                0.32 kB │ gzip:     0.25 kB │ map:      1.20 kB
out/renderer/assets/link-2-off-DQeOrWVG.js                               0.32 kB │ gzip:     0.24 kB │ map:      1.21 kB
out/renderer/assets/meh-CBFgEcug.js                                      0.32 kB │ gzip:     0.22 kB │ map:      1.24 kB
out/renderer/assets/mirror-round-CKTP60Ss.js                             0.32 kB │ gzip:     0.24 kB │ map:      1.23 kB
out/renderer/assets/moon-star-DfTWWgC7.js                                0.32 kB │ gzip:     0.25 kB │ map:      1.09 kB
out/renderer/assets/pilcrow-right-dxCj3hU-.js                            0.32 kB │ gzip:     0.23 kB │ map:      1.20 kB
out/renderer/assets/book-user-CrMIn3UU.js                                0.32 kB │ gzip:     0.25 kB │ map:      1.12 kB
out/renderer/assets/frown-jLPq3O_s.js                                    0.32 kB │ gzip:     0.24 kB │ map:      1.21 kB
out/renderer/assets/grid-3x3-CA8m3erJ.js                                 0.32 kB │ gzip:     0.23 kB │ map:      1.23 kB
out/renderer/assets/map-pin-plus-inside-ChdZRw-D.js                      0.32 kB │ gzip:     0.25 kB │ map:      1.14 kB
out/renderer/assets/frame-D-76zJOl.js                                    0.32 kB │ gzip:     0.21 kB │ map:      1.27 kB
out/renderer/assets/ticket-x-D9PjDrfs.js                                 0.32 kB │ gzip:     0.23 kB │ map:      1.09 kB
out/renderer/assets/bed-double-DRyg8yhC.js                               0.32 kB │ gzip:     0.23 kB │ map:      1.13 kB
out/renderer/assets/egg-fried-CbtS3jL3.js                                0.32 kB │ gzip:     0.26 kB │ map:      1.06 kB
out/renderer/assets/monitor-cloud-CtzI_3ud.js                            0.32 kB │ gzip:     0.25 kB │ map:      1.20 kB
out/renderer/assets/calendar-1-C1wj1Dkd.js                               0.32 kB │ gzip:     0.23 kB │ map:      1.24 kB
out/renderer/assets/clipboard-minus-B4wgMkgV.js                          0.32 kB │ gzip:     0.25 kB │ map:      1.19 kB
out/renderer/assets/copy-minus-BbOCnOVc.js                               0.32 kB │ gzip:     0.26 kB │ map:      1.18 kB
out/renderer/assets/copy-slash-6hjUdM18.js                               0.32 kB │ gzip:     0.26 kB │ map:      1.18 kB
out/renderer/assets/headset-Jl-5Vv3O.js                                  0.32 kB │ gzip:     0.23 kB │ map:      1.02 kB
out/renderer/assets/rocking-chair-B0LdTgJy.js                            0.32 kB │ gzip:     0.24 kB │ map:      1.15 kB
out/renderer/assets/feather-DzX0LPyO.js                                  0.33 kB │ gzip:     0.25 kB │ map:      1.08 kB
out/renderer/assets/panel-top-dashed-B-gapvJY.js                         0.33 kB │ gzip:     0.24 kB │ map:      1.27 kB
out/renderer/assets/spade-CY9NOYIp.js                                    0.33 kB │ gzip:     0.26 kB │ map:      1.01 kB
out/renderer/assets/bone-unRIf7QP.js                                     0.33 kB │ gzip:     0.24 kB │ map:      0.95 kB
out/renderer/assets/cloud-off-BhMxwMgO.js                                0.33 kB │ gzip:     0.25 kB │ map:      1.06 kB
out/renderer/assets/flame-kindling-BFcA89Vu.js                           0.33 kB │ gzip:     0.26 kB │ map:      1.12 kB
out/renderer/assets/monitor-dot-C-oY6e6c.js                              0.33 kB │ gzip:     0.25 kB │ map:      1.18 kB
out/renderer/assets/panel-left-dashed-DMEHqwOY.js                        0.33 kB │ gzip:     0.23 kB │ map:      1.28 kB
out/renderer/assets/battery-full-C5YRWm55.js                             0.33 kB │ gzip:     0.23 kB │ map:      1.26 kB
out/renderer/assets/bean-C_btpehQ.js                                     0.33 kB │ gzip:     0.26 kB │ map:      1.01 kB
out/renderer/assets/monitor-pause-Bubfi_Fx.js                            0.33 kB │ gzip:     0.24 kB │ map:      1.26 kB
out/renderer/assets/video-off-D99m0i3_.js                                0.33 kB │ gzip:     0.25 kB │ map:      1.08 kB
out/renderer/assets/calendar-minus-2-CtcK8e1V.js                         0.33 kB │ gzip:     0.24 kB │ map:      1.28 kB
out/renderer/assets/chevrons-left-right-ellipsis-C7pOqFi3.js             0.33 kB │ gzip:     0.23 kB │ map:      1.28 kB
out/renderer/assets/circle-divide-C0121P40.js                            0.33 kB │ gzip:     0.22 kB │ map:      1.30 kB
out/renderer/assets/line-style-DNUpdpO5.js                               0.33 kB │ gzip:     0.22 kB │ map:      1.25 kB
out/renderer/assets/message-square-share-CvbfbQFN.js                     0.33 kB │ gzip:     0.25 kB │ map:      1.15 kB
out/renderer/assets/subscript-C6OCKost.js                                0.33 kB │ gzip:     0.26 kB │ map:      1.10 kB
out/renderer/assets/bookmark-off-D1TVQkf-.js                             0.33 kB │ gzip:     0.26 kB │ map:      1.11 kB
out/renderer/assets/bubbles-A2t3BV35.js                                  0.33 kB │ gzip:     0.24 kB │ map:      1.20 kB
out/renderer/assets/delete-B1apYRh7.js                                   0.33 kB │ gzip:     0.24 kB │ map:      1.08 kB
out/renderer/assets/git-merge-conflict-B2n75R1s.js                       0.33 kB │ gzip:     0.24 kB │ map:      1.26 kB
out/renderer/assets/map-pin-x-inside-BpyG4h33.js                         0.33 kB │ gzip:     0.25 kB │ map:      1.13 kB
out/renderer/assets/message-circle-plus-eXJt_cRl.js                      0.33 kB │ gzip:     0.25 kB │ map:      1.16 kB
out/renderer/assets/monitor-up-DnF8imIx.js                               0.33 kB │ gzip:     0.25 kB │ map:      1.25 kB
out/renderer/assets/parasol-DAI80dtk.js                                  0.33 kB │ gzip:     0.26 kB │ map:      1.09 kB
out/renderer/assets/coffee-Blr2LUCB.js                                   0.33 kB │ gzip:     0.23 kB │ map:      1.15 kB
out/renderer/assets/lamp-ceiling-g5z8vysi.js                             0.33 kB │ gzip:     0.25 kB │ map:      1.12 kB
out/renderer/assets/laptop-B6LWn-_A.js                                   0.33 kB │ gzip:     0.25 kB │ map:      1.02 kB
out/renderer/assets/mails-CWnTS8oO.js                                    0.33 kB │ gzip:     0.26 kB │ map:      1.11 kB
out/renderer/assets/paint-roller-NXhdfppe.js                             0.33 kB │ gzip:     0.25 kB │ map:      1.19 kB
out/renderer/assets/shrink-DqPVAQ8B.js                                   0.33 kB │ gzip:     0.24 kB │ map:      1.12 kB
out/renderer/assets/zodiac-cancer-sc1fZlfA.js                            0.33 kB │ gzip:     0.24 kB │ map:      1.21 kB
out/renderer/assets/ampersands-0wBi2DZ_.js                               0.33 kB │ gzip:     0.22 kB │ map:      1.08 kB
out/renderer/assets/arrow-up-a-z-Cs4FHsZE.js                             0.33 kB │ gzip:     0.24 kB │ map:      1.21 kB
out/renderer/assets/audio-lines-DSRJafda.js                              0.33 kB │ gzip:     0.22 kB │ map:      1.26 kB
out/renderer/assets/calendar-check-BYUavPFS.js                           0.33 kB │ gzip:     0.24 kB │ map:      1.27 kB
out/renderer/assets/gallery-thumbnails-CrfT2a3Q.js                       0.33 kB │ gzip:     0.24 kB │ map:      1.29 kB
out/renderer/assets/mouse-off-D4TdFN5G.js                                0.33 kB │ gzip:     0.24 kB │ map:      1.13 kB
out/renderer/assets/panel-right-dashed-DDvRDGP0.js                       0.33 kB │ gzip:     0.24 kB │ map:      1.29 kB
out/renderer/assets/shield-check-BI6lQCw8.js                             0.33 kB │ gzip:     0.25 kB │ map:      1.07 kB
out/renderer/assets/table-cells-merge-_nQTuaYf.js                        0.33 kB │ gzip:     0.24 kB │ map:      1.29 kB
out/renderer/assets/arrow-up-z-a-BMKyUkFg.js                             0.33 kB │ gzip:     0.24 kB │ map:      1.21 kB
out/renderer/assets/case-upper-BMF2O9G6.js                               0.33 kB │ gzip:     0.25 kB │ map:      1.11 kB
out/renderer/assets/dice-4-Cez32x9W.js                                   0.33 kB │ gzip:     0.23 kB │ map:      1.24 kB
out/renderer/assets/joystick-Du0Eef7x.js                                 0.33 kB │ gzip:     0.25 kB │ map:      1.19 kB
out/renderer/assets/monitor-down-DSBFUJBT.js                             0.33 kB │ gzip:     0.25 kB │ map:      1.26 kB
out/renderer/assets/mouse-pointer-CXN_b6O1.js                            0.33 kB │ gzip:     0.26 kB │ map:      1.06 kB
out/renderer/assets/panel-bottom-dashed-BJ5ME-Jf.js                      0.33 kB │ gzip:     0.24 kB │ map:      1.30 kB
out/renderer/assets/plane-HbfGzKn-.js                                    0.33 kB │ gzip:     0.27 kB │ map:      0.96 kB
out/renderer/assets/refresh-ccw-38na9yLy.js                              0.33 kB │ gzip:     0.23 kB │ map:      1.16 kB
out/renderer/assets/refresh-cw-u1NskAw3.js                               0.33 kB │ gzip:     0.23 kB │ map:      1.15 kB
out/renderer/assets/user-x-CRxSbjFF.js                                   0.33 kB │ gzip:     0.25 kB │ map:      1.23 kB
out/renderer/assets/align-vertical-space-between-D3whyCgY.js             0.33 kB │ gzip:     0.24 kB │ map:      1.33 kB
out/renderer/assets/arrow-up-0-1-CfSyw0IY.js                             0.33 kB │ gzip:     0.25 kB │ map:      1.26 kB
out/renderer/assets/arrow-up-1-0-C4HGSJYK.js                             0.33 kB │ gzip:     0.25 kB │ map:      1.26 kB
out/renderer/assets/book-audio-X-7GrxHJ.js                               0.33 kB │ gzip:     0.24 kB │ map:      1.17 kB
out/renderer/assets/git-pull-request-create-C5uj0Ylq.js                  0.33 kB │ gzip:     0.25 kB │ map:      1.29 kB
out/renderer/assets/arrow-down-a-z-ir65BX5u.js                           0.33 kB │ gzip:     0.24 kB │ map:      1.22 kB
out/renderer/assets/bookmark-plus-Clzfwqn0.js                            0.33 kB │ gzip:     0.25 kB │ map:      1.12 kB
out/renderer/assets/chef-hat-Qf01zIT_.js                                 0.33 kB │ gzip:     0.26 kB │ map:      1.03 kB
out/renderer/assets/cross-DGTtqW2R.js                                    0.33 kB │ gzip:     0.22 kB │ map:      0.96 kB
out/renderer/assets/laugh-CJP9OIo4.js                                    0.33 kB │ gzip:     0.25 kB │ map:      1.23 kB
out/renderer/assets/monitor-x-DcspKbYh.js                                0.33 kB │ gzip:     0.25 kB │ map:      1.25 kB
out/renderer/assets/user-lock-CAIPRhML.js                                0.33 kB │ gzip:     0.26 kB │ map:      1.22 kB
out/renderer/assets/align-horizontal-space-between-BhgA3ymj.js           0.34 kB │ gzip:     0.24 kB │ map:      1.35 kB
out/renderer/assets/align-vertical-distribute-end-BSVFDUHB.js            0.34 kB │ gzip:     0.24 kB │ map:      1.34 kB
out/renderer/assets/arrow-down-z-a-Dcjrp6SO.js                           0.34 kB │ gzip:     0.24 kB │ map:      1.22 kB
out/renderer/assets/brush-UGC5eFJN.js                                    0.34 kB │ gzip:     0.26 kB │ map:      1.07 kB
out/renderer/assets/folder-clock-hxGqlOq1.js                             0.34 kB │ gzip:     0.25 kB │ map:      1.15 kB
out/renderer/assets/inspection-panel-BH1pK2Br.js                         0.34 kB │ gzip:     0.23 kB │ map:      1.29 kB
out/renderer/assets/sprout-Bz6nW42V.js                                   0.34 kB │ gzip:     0.24 kB │ map:      1.09 kB
out/renderer/assets/text-initial-ltKh31sa.js                             0.34 kB │ gzip:     0.24 kB │ map:      1.21 kB
out/renderer/assets/tree-pine-B9xjlyMX.js                                0.34 kB │ gzip:     0.24 kB │ map:      1.04 kB
out/renderer/assets/align-vertical-distribute-start-WzaEPJWh.js          0.34 kB │ gzip:     0.24 kB │ map:      1.36 kB
out/renderer/assets/arrow-down-0-1-7yEXpTLi.js                           0.34 kB │ gzip:     0.25 kB │ map:      1.28 kB
out/renderer/assets/arrow-down-1-0-IiVrOmgc.js                           0.34 kB │ gzip:     0.25 kB │ map:      1.27 kB
out/renderer/assets/box-CtHpLP3y.js                                      0.34 kB │ gzip:     0.24 kB │ map:      1.08 kB
out/renderer/assets/briefcase-business-P3Tnce1L.js                       0.34 kB │ gzip:     0.25 kB │ map:      1.25 kB
out/renderer/assets/concierge-bell-C3I4NoWl.js                           0.34 kB │ gzip:     0.24 kB │ map:      1.18 kB
out/renderer/assets/folder-up-DFbp7xcP.js                                0.34 kB │ gzip:     0.25 kB │ map:      1.11 kB
out/renderer/assets/message-square-plus-CKAmhYjH.js                      0.34 kB │ gzip:     0.25 kB │ map:      1.15 kB
out/renderer/assets/regex-BA6K7z4k.js                                    0.34 kB │ gzip:     0.23 kB │ map:      1.13 kB
out/renderer/assets/user-plus-C8toLSeH.js                                0.34 kB │ gzip:     0.25 kB │ map:      1.25 kB
out/renderer/assets/align-horizontal-distribute-end-CxGkrJTz.js          0.34 kB │ gzip:     0.24 kB │ map:      1.36 kB
out/renderer/assets/cloud-backup-R-6YzE5G.js                             0.34 kB │ gzip:     0.26 kB │ map:      1.12 kB
out/renderer/assets/file-exclamation-point-B_5Cor3E.js                   0.34 kB │ gzip:     0.25 kB │ map:      1.17 kB
out/renderer/assets/file-minus-corner-B8eIVqOJ.js                        0.34 kB │ gzip:     0.25 kB │ map:      1.15 kB
out/renderer/assets/message-square-off-BEX03yFr.js                       0.34 kB │ gzip:     0.26 kB │ map:      1.15 kB
out/renderer/assets/monitor-smartphone-BJ_QOzhX.js                       0.34 kB │ gzip:     0.25 kB │ map:      1.26 kB
out/renderer/assets/scissors-MbVyvs43.js                                 0.34 kB │ gzip:     0.24 kB │ map:      1.25 kB
out/renderer/assets/tag-B6_aMcgQ.js                                      0.34 kB │ gzip:     0.25 kB │ map:      1.07 kB
out/renderer/assets/align-horizontal-distribute-start-DbmI8snI.js        0.34 kB │ gzip:     0.24 kB │ map:      1.37 kB
out/renderer/assets/book-type-CxOTXCAt.js                                0.34 kB │ gzip:     0.25 kB │ map:      1.17 kB
out/renderer/assets/file-minus-D0L3KkHX.js                               0.34 kB │ gzip:     0.25 kB │ map:      1.11 kB
out/renderer/assets/hard-drive-upload-CSxJkEtx.js                        0.34 kB │ gzip:     0.25 kB │ map:      1.29 kB
out/renderer/assets/save-DFC-RHiz.js                                     0.34 kB │ gzip:     0.23 kB │ map:      1.10 kB
out/renderer/assets/zodiac-scorpio-BjRoKO6c.js                           0.34 kB │ gzip:     0.25 kB │ map:      1.17 kB
out/renderer/assets/bot-BKzXh51S.js                                      0.34 kB │ gzip:     0.24 kB │ map:      1.30 kB
out/renderer/assets/folder-down-D0U9GLoW.js                              0.34 kB │ gzip:     0.25 kB │ map:      1.12 kB
out/renderer/assets/hard-drive-download-Donol_1D.js                      0.34 kB │ gzip:     0.25 kB │ map:      1.31 kB
out/renderer/assets/heart-minus-ChkV2das.js                              0.34 kB │ gzip:     0.27 kB │ map:      1.05 kB
out/renderer/assets/repeat-1-ZA99f9pO.js                                 0.34 kB │ gzip:     0.24 kB │ map:      1.20 kB
out/renderer/assets/road-_FB8jt1r.js                                     0.34 kB │ gzip:     0.24 kB │ map:      1.15 kB
out/renderer/assets/trash-2-D3ZLQI9p.js                                  0.34 kB │ gzip:     0.22 kB │ map:      1.21 kB
out/renderer/assets/antenna-mq7sy-G_.js                                  0.34 kB │ gzip:     0.22 kB │ map:      1.25 kB
out/renderer/assets/apple-BwFOoCA9.js                                    0.34 kB │ gzip:     0.25 kB │ map:      1.03 kB
out/renderer/assets/flag-off-BOUQhtFw.js                                 0.34 kB │ gzip:     0.26 kB │ map:      1.13 kB
out/renderer/assets/folder-input-C4COisne.js                             0.34 kB │ gzip:     0.25 kB │ map:      1.13 kB
out/renderer/assets/ice-cream-bowl-jvQji000.js                           0.34 kB │ gzip:     0.25 kB │ map:      1.14 kB
out/renderer/assets/mail-plus-B_Dle-ka.js                                0.34 kB │ gzip:     0.25 kB │ map:      1.14 kB
out/renderer/assets/saudi-riyal-CSCar9hL.js                              0.34 kB │ gzip:     0.25 kB │ map:      1.15 kB
out/renderer/assets/shield-half-Cl1eGDb8.js                              0.34 kB │ gzip:     0.27 kB │ map:      1.06 kB
out/renderer/assets/shield-minus-CTCMZqNQ.js                             0.34 kB │ gzip:     0.27 kB │ map:      1.06 kB
out/renderer/assets/sticky-note-minus-DKPn6SOP.js                        0.34 kB │ gzip:     0.25 kB │ map:      1.15 kB
out/renderer/assets/book-image-BwheCZGk.js                               0.34 kB │ gzip:     0.26 kB │ map:      1.14 kB
out/renderer/assets/bookmark-x-DAXL_yPi.js                               0.34 kB │ gzip:     0.25 kB │ map:      1.12 kB
out/renderer/assets/bring-to-front-CUQMM7Wn.js                           0.34 kB │ gzip:     0.24 kB │ map:      1.16 kB
out/renderer/assets/chart-area-BJ3Z4avS.js                               0.34 kB │ gzip:     0.25 kB │ map:      1.05 kB
out/renderer/assets/file-check-corner-BEc5u8HI.js                        0.34 kB │ gzip:     0.26 kB │ map:      1.15 kB
out/renderer/assets/folder-search-CXJksRcr.js                            0.34 kB │ gzip:     0.26 kB │ map:      1.16 kB
out/renderer/assets/folder-x-BDapNRGB.js                                 0.34 kB │ gzip:     0.25 kB │ map:      1.11 kB
out/renderer/assets/mail-x-Zt9UcOKp.js                                   0.34 kB │ gzip:     0.25 kB │ map:      1.13 kB
out/renderer/assets/milestone-3PmMy2O8.js                                0.34 kB │ gzip:     0.25 kB │ map:      1.11 kB
out/renderer/assets/user-round-key-Cwsx6FjV.js                           0.34 kB │ gzip:     0.25 kB │ map:      1.28 kB
out/renderer/assets/badge-check-BZvizI5Z.js                              0.34 kB │ gzip:     0.24 kB │ map:      1.06 kB
out/renderer/assets/folder-output-BLHjATQb.js                            0.34 kB │ gzip:     0.24 kB │ map:      1.13 kB
out/renderer/assets/gavel-CBXEvVNY.js                                    0.34 kB │ gzip:     0.24 kB │ map:      1.19 kB
out/renderer/assets/languages-DMTzAtRb.js                                0.34 kB │ gzip:     0.24 kB │ map:      1.27 kB
out/renderer/assets/message-square-warning-CW0bI351.js                   0.34 kB │ gzip:     0.26 kB │ map:      1.18 kB
out/renderer/assets/banana-BSwrWpee.js                                   0.34 kB │ gzip:     0.27 kB │ map:      1.04 kB
out/renderer/assets/file-diff-2tn92Cqs.js                                0.34 kB │ gzip:     0.24 kB │ map:      1.19 kB
out/renderer/assets/git-pull-request-draft-DKdh_oQW.js                   0.34 kB │ gzip:     0.25 kB │ map:      1.36 kB
out/renderer/assets/graduation-cap-BgSIGo4x.js                           0.34 kB │ gzip:     0.25 kB │ map:      1.16 kB
out/renderer/assets/scale-apVVNIQi.js                                    0.34 kB │ gzip:     0.23 kB │ map:      1.20 kB
out/renderer/assets/shapes-CvjbLMvM.js                                   0.34 kB │ gzip:     0.27 kB │ map:      1.18 kB
out/renderer/assets/signature-BTiLc5Bf.js                                0.34 kB │ gzip:     0.27 kB │ map:      1.05 kB
out/renderer/assets/toilet-Ri8za7lw.js                                   0.34 kB │ gzip:     0.25 kB │ map:      1.04 kB
out/renderer/assets/videotape-Dd-hwpi1.js                                0.34 kB │ gzip:     0.24 kB │ map:      1.31 kB
out/renderer/assets/cast-D5tkESit.js                                     0.34 kB │ gzip:     0.25 kB │ map:      1.16 kB
out/renderer/assets/file-check-D1gZvaqf.js                               0.34 kB │ gzip:     0.25 kB │ map:      1.12 kB
out/renderer/assets/message-circle-x-OGlOOKqQ.js                         0.34 kB │ gzip:     0.26 kB │ map:      1.15 kB
out/renderer/assets/message-square-x-M8Ot2ydq.js                         0.34 kB │ gzip:     0.25 kB │ map:      1.15 kB
out/renderer/assets/pencil-line-aisC4Ntb.js                              0.34 kB │ gzip:     0.26 kB │ map:      1.12 kB
out/renderer/assets/sticky-note-check-u03-c7Yc.js                        0.34 kB │ gzip:     0.26 kB │ map:      1.16 kB
out/renderer/assets/table-of-contents-BeGIEO5P.js                        0.34 kB │ gzip:     0.22 kB │ map:      1.30 kB
out/renderer/assets/book-search-B53V0rC7.js                              0.35 kB │ gzip:     0.26 kB │ map:      1.18 kB
out/renderer/assets/hard-hat-DKPxHcME.js                                 0.35 kB │ gzip:     0.25 kB │ map:      1.20 kB
out/renderer/assets/list-video-CeA67Ws_.js                               0.35 kB │ gzip:     0.24 kB │ map:      1.18 kB
out/renderer/assets/printer-DxyGEuEf.js                                  0.35 kB │ gzip:     0.25 kB │ map:      1.16 kB
out/renderer/assets/star-half-BRbq6eD4.js                                0.35 kB │ gzip:     0.26 kB │ map:      0.99 kB
out/renderer/assets/chunk-FMBD7UC4-CUzpMbhh.js                           0.35 kB │ gzip:     0.26 kB │ map:      0.74 kB
out/renderer/assets/diamond-plus-DVeHFee1.js                             0.35 kB │ gzip:     0.24 kB │ map:      1.13 kB
out/renderer/assets/fuel-DXuuQuzt.js                                     0.35 kB │ gzip:     0.24 kB │ map:      1.14 kB
out/renderer/assets/move-DlQSL05E.js                                     0.35 kB │ gzip:     0.23 kB │ map:      1.25 kB
out/renderer/assets/square-pen-DoNBwVFs.js                               0.35 kB │ gzip:     0.26 kB │ map:      1.06 kB
out/renderer/assets/book-copy-g6dNew4_.js                                0.35 kB │ gzip:     0.25 kB │ map:      1.12 kB
out/renderer/assets/cloud-moon-DZXzxPFH.js                               0.35 kB │ gzip:     0.27 kB │ map:      1.06 kB
out/renderer/assets/cup-soda-SqXludCj.js                                 0.35 kB │ gzip:     0.25 kB │ map:      1.14 kB
out/renderer/assets/folders-seAHc6bj.js                                  0.35 kB │ gzip:     0.25 kB │ map:      1.06 kB
out/renderer/assets/git-pull-request-arrow-CpkE_Bto.js                   0.35 kB │ gzip:     0.25 kB │ map:      1.33 kB
out/renderer/assets/heart-x-D50O8ko6.js                                  0.35 kB │ gzip:     0.26 kB │ map:      1.11 kB
out/renderer/assets/send-to-back-BJSSW-bN.js                             0.35 kB │ gzip:     0.24 kB │ map:      1.27 kB
out/renderer/assets/square-stack-9s6MCffP.js                             0.35 kB │ gzip:     0.25 kB │ map:      1.16 kB
out/renderer/assets/stamp-tAuKYB6s.js                                    0.35 kB │ gzip:     0.25 kB │ map:      1.10 kB
out/renderer/assets/superscript-yIBVOh2C.js                              0.35 kB │ gzip:     0.27 kB │ map:      1.13 kB
out/renderer/assets/ticket-B5sSO6V-.js                                   0.35 kB │ gzip:     0.23 kB │ map:      1.16 kB
out/renderer/assets/calendar-minus-DWMRVu1c.js                           0.35 kB │ gzip:     0.24 kB │ map:      1.24 kB
out/renderer/assets/folder-root-BW5vN-Fb.js                              0.35 kB │ gzip:     0.26 kB │ map:      1.15 kB
out/renderer/assets/hand-helping-CtPMKnkG.js                             0.35 kB │ gzip:     0.27 kB │ map:      1.13 kB
out/renderer/assets/microwave-BCS1jfKY.js                                0.35 kB │ gzip:     0.24 kB │ map:      1.32 kB
out/renderer/assets/phone-D8Dj6f2H.js                                    0.35 kB │ gzip:     0.25 kB │ map:      0.97 kB
out/renderer/assets/spell-check-2-_uOyW2jb.js                            0.35 kB │ gzip:     0.23 kB │ map:      1.14 kB
out/renderer/assets/a-large-small-DZEGZnYy.js                            0.35 kB │ gzip:     0.26 kB │ map:      1.17 kB
out/renderer/assets/eye-closed-DUUzrxND.js                               0.35 kB │ gzip:     0.24 kB │ map:      1.22 kB
out/renderer/assets/funnel-plus-DsZbXbrs.js                              0.35 kB │ gzip:     0.26 kB │ map:      1.13 kB
out/renderer/assets/id-card-Bxxu-m_F.js                                  0.35 kB │ gzip:     0.26 kB │ map:      1.28 kB
out/renderer/assets/message-square-code-DFoGHJrc.js                      0.35 kB │ gzip:     0.26 kB │ map:      1.17 kB
out/renderer/assets/rotate-ccw-key-D59apfg2.js                           0.35 kB │ gzip:     0.26 kB │ map:      1.26 kB
out/renderer/assets/screen-share-D0njz3p0.js                             0.35 kB │ gzip:     0.24 kB │ map:      1.22 kB
out/renderer/assets/server-4ioHb0SR.js                                   0.35 kB │ gzip:     0.22 kB │ map:      1.37 kB
out/renderer/assets/whole-word-CJxwXXKp.js                               0.35 kB │ gzip:     0.25 kB │ map:      1.27 kB
out/renderer/assets/mail-warning-DVZdeBd3.js                             0.35 kB │ gzip:     0.26 kB │ map:      1.17 kB
out/renderer/assets/message-circle-warning-D7FfQmHM.js                   0.35 kB │ gzip:     0.27 kB │ map:      1.18 kB
out/renderer/assets/square-mouse-pointer-xJpgCS6z.js                     0.35 kB │ gzip:     0.26 kB │ map:      1.13 kB
out/renderer/assets/tv-minimal-play-CRhk9kkA.js                          0.35 kB │ gzip:     0.27 kB │ map:      1.20 kB
out/renderer/assets/alarm-clock-D5-fz4Yj.js                              0.35 kB │ gzip:     0.24 kB │ map:      1.33 kB
out/renderer/assets/flip-horizontal-2-DDDCi8UP.js                        0.35 kB │ gzip:     0.23 kB │ map:      1.32 kB
out/renderer/assets/squares-exclude-B2yJY7-7.js                          0.35 kB │ gzip:     0.24 kB │ map:      1.12 kB
out/renderer/assets/user-key-C6QznS05.js                                 0.35 kB │ gzip:     0.25 kB │ map:      1.26 kB
out/renderer/assets/contact-round-lowhAXSG.js                            0.35 kB │ gzip:     0.26 kB │ map:      1.32 kB
out/renderer/assets/heading-5-CXxgVWBe.js                                0.35 kB │ gzip:     0.25 kB │ map:      1.23 kB
out/renderer/assets/library-big-BGS7bI9s.js                              0.35 kB │ gzip:     0.28 kB │ map:      1.19 kB
out/renderer/assets/sailboat-QH-L6PSA.js                                 0.35 kB │ gzip:     0.25 kB │ map:      1.13 kB
out/renderer/assets/square-divide-DY5HfznN.js                            0.35 kB │ gzip:     0.24 kB │ map:      1.37 kB
out/renderer/assets/zodiac-virgo-CW-FfdPf.js                             0.35 kB │ gzip:     0.24 kB │ map:      1.17 kB
out/renderer/assets/battery-charging-rAXgCH0U.js                         0.35 kB │ gzip:     0.25 kB │ map:      1.19 kB
out/renderer/assets/book-heart-CyknSHWB.js                               0.35 kB │ gzip:     0.27 kB │ map:      1.10 kB
out/renderer/assets/fan-DOOaGFjO.js                                      0.35 kB │ gzip:     0.24 kB │ map:      1.03 kB
out/renderer/assets/message-circle-reply-BrnOKSOS.js                     0.35 kB │ gzip:     0.26 kB │ map:      1.20 kB
out/renderer/assets/screen-share-off-BmX6abo3.js                         0.35 kB │ gzip:     0.24 kB │ map:      1.25 kB
out/renderer/assets/bell-minus-D9e2aJfs.js                               0.35 kB │ gzip:     0.27 kB │ map:      1.13 kB
out/renderer/assets/calendar-check-2-DgP1bn2M.js                         0.35 kB │ gzip:     0.24 kB │ map:      1.25 kB
out/renderer/assets/nfc-DqF-k9Os.js                                      0.35 kB │ gzip:     0.25 kB │ map:      1.13 kB
out/renderer/assets/volume-1-UevVWem5.js                                 0.35 kB │ gzip:     0.26 kB │ map:      1.06 kB
out/renderer/assets/wallet-cards-R9gBPsRL.js                             0.35 kB │ gzip:     0.27 kB │ map:      1.20 kB
out/renderer/assets/badge-minus-BmLy3d6Q.js                              0.36 kB │ gzip:     0.25 kB │ map:      1.11 kB
out/renderer/assets/map-pin-minus-CoIvvQg3.js                            0.36 kB │ gzip:     0.28 kB │ map:      1.17 kB
out/renderer/assets/notebook-C4nN7Fpd.js                                 0.36 kB │ gzip:     0.24 kB │ map:      1.33 kB
out/renderer/assets/shield-ban-KZ70pnYs.js                               0.36 kB │ gzip:     0.27 kB │ map:      1.07 kB
out/renderer/assets/tickets-DoQ-vpJY.js                                  0.36 kB │ gzip:     0.26 kB │ map:      1.26 kB
out/renderer/assets/arrow-big-down-dash-BGIPRPcU.js                      0.36 kB │ gzip:     0.26 kB │ map:      1.11 kB
out/renderer/assets/arrow-big-left-dash-BpW5zsKm.js                      0.36 kB │ gzip:     0.26 kB │ map:      1.11 kB
out/renderer/assets/arrow-big-right-dash-BRhm2B15.js                     0.36 kB │ gzip:     0.25 kB │ map:      1.12 kB
out/renderer/assets/flip-vertical-2-BhbF4ql_.js                          0.36 kB │ gzip:     0.23 kB │ map:      1.31 kB
out/renderer/assets/folder-code-BKFXLmZf.js                              0.36 kB │ gzip:     0.25 kB │ map:      1.14 kB
out/renderer/assets/funnel-x-B2Vl1VxE.js                                 0.36 kB │ gzip:     0.26 kB │ map:      1.12 kB
out/renderer/assets/git-fork-3qerH3HF.js                                 0.36 kB │ gzip:     0.25 kB │ map:      1.29 kB
out/renderer/assets/arrow-big-up-dash-X8MLp2g3.js                        0.36 kB │ gzip:     0.26 kB │ map:      1.10 kB
out/renderer/assets/bath-DISlBosu.js                                     0.36 kB │ gzip:     0.24 kB │ map:      1.23 kB
out/renderer/assets/megaphone-DOm_en3J.js                                0.36 kB │ gzip:     0.25 kB │ map:      1.14 kB
out/renderer/assets/message-circle-code-DLkPBpJn.js                      0.36 kB │ gzip:     0.27 kB │ map:      1.18 kB
out/renderer/assets/message-square-text-DNK4vdit.js                      0.36 kB │ gzip:     0.25 kB │ map:      1.25 kB
out/renderer/assets/pin-B9VkA0nF.js                                      0.36 kB │ gzip:     0.24 kB │ map:      1.05 kB
out/renderer/assets/scan-line-CP5Of6zO.js                                0.36 kB │ gzip:     0.24 kB │ map:      1.22 kB
out/renderer/assets/creative-commons-CJOGy9XV.js                         0.36 kB │ gzip:     0.23 kB │ map:      1.19 kB
out/renderer/assets/scooter-C_FBkhab.js                                  0.36 kB │ gzip:     0.27 kB │ map:      1.22 kB
out/renderer/assets/file-chart-line-qz_b1EqL.js                          0.36 kB │ gzip:     0.26 kB │ map:      1.16 kB
out/renderer/assets/git-graph-D9ZS8v72.js                                0.36 kB │ gzip:     0.24 kB │ map:      1.38 kB
out/renderer/assets/heart-pulse-BMo7lafm.js                              0.36 kB │ gzip:     0.28 kB │ map:      1.08 kB
out/renderer/assets/layers-2-CPNka8Sr.js                                 0.36 kB │ gzip:     0.25 kB │ map:      1.09 kB
out/renderer/assets/ticket-percent-DARsN82t.js                           0.36 kB │ gzip:     0.25 kB │ map:      1.22 kB
out/renderer/assets/gem-DDCafpBM.js                                      0.36 kB │ gzip:     0.26 kB │ map:      1.10 kB
out/renderer/assets/gift-DOmNxjpA.js                                     0.36 kB │ gzip:     0.26 kB │ map:      1.22 kB
out/renderer/assets/heading-3-Ddr-S2MU.js                                0.36 kB │ gzip:     0.25 kB │ map:      1.22 kB
out/renderer/assets/pin-off-CW7kl8Ci.js                                  0.36 kB │ gzip:     0.26 kB │ map:      1.18 kB
out/renderer/assets/scroll-text-CB_9HJLe.js                              0.36 kB │ gzip:     0.24 kB │ map:      1.22 kB
out/renderer/assets/user-round-pen-CNxbkKCq.js                           0.36 kB │ gzip:     0.27 kB │ map:      1.20 kB
out/renderer/assets/book-open-check-C1ygGvUh.js                          0.36 kB │ gzip:     0.25 kB │ map:      1.16 kB
out/renderer/assets/clipboard-plus-CnP5Q4la.js                           0.36 kB │ gzip:     0.26 kB │ map:      1.29 kB
out/renderer/assets/clipboard-x-wOUpouTJ.js                              0.36 kB │ gzip:     0.26 kB │ map:      1.27 kB
out/renderer/assets/contact-Cl3aFxkG.js                                  0.36 kB │ gzip:     0.26 kB │ map:      1.30 kB
out/renderer/assets/file-question-mark-CbhJELM-.js                       0.36 kB │ gzip:     0.26 kB │ map:      1.18 kB
out/renderer/assets/message-square-reply-D5qvxyP0.js                     0.36 kB │ gzip:     0.26 kB │ map:      1.19 kB
out/renderer/assets/spool-DDq2Gfql.js                                    0.36 kB │ gzip:     0.26 kB │ map:      1.08 kB
out/renderer/assets/wallpaper-Cic38jDd.js                                0.36 kB │ gzip:     0.27 kB │ map:      1.31 kB
out/renderer/assets/book-lock-DjjHXp5q.js                                0.36 kB │ gzip:     0.28 kB │ map:      1.22 kB
out/renderer/assets/bottle-wine-eH1Iccf0.js                              0.36 kB │ gzip:     0.25 kB │ map:      1.08 kB
out/renderer/assets/camera-BIQ9mken.js                                   0.36 kB │ gzip:     0.27 kB │ map:      1.08 kB
out/renderer/assets/cooking-pot-D-RRI3AA.js                              0.36 kB │ gzip:     0.26 kB │ map:      1.20 kB
out/renderer/assets/folder-search-2-BIE657VB.js                          0.36 kB │ gzip:     0.27 kB │ map:      1.19 kB
out/renderer/assets/calendar-x-ClYuryfW.js                               0.36 kB │ gzip:     0.25 kB │ map:      1.34 kB
out/renderer/assets/image-down-BlZXKm6e.js                               0.36 kB │ gzip:     0.27 kB │ map:      1.23 kB
out/renderer/assets/image-up-CU6gj9T8.js                                 0.36 kB │ gzip:     0.27 kB │ map:      1.22 kB
out/renderer/assets/init-TXTBNkmK.js                                     0.36 kB │ gzip:     0.17 kB │ map:      1.23 kB
out/renderer/assets/list-restart-DOlYN6wf.js                             0.36 kB │ gzip:     0.25 kB │ map:      1.27 kB
out/renderer/assets/calendar-plus-2-Co05_Tj_.js                          0.36 kB │ gzip:     0.25 kB │ map:      1.37 kB
out/renderer/assets/drafting-compass-x6xX7HpM.js                         0.36 kB │ gzip:     0.27 kB │ map:      1.30 kB
out/renderer/assets/flashlight-DYdg5UND.js                               0.36 kB │ gzip:     0.26 kB │ map:      1.14 kB
out/renderer/assets/focus-CT27ZPO5.js                                    0.36 kB │ gzip:     0.25 kB │ map:      1.24 kB
out/renderer/assets/lectern-Cqw8wDEJ.js                                  0.36 kB │ gzip:     0.27 kB │ map:      1.18 kB
out/renderer/assets/package-2-407ej8v8.js                                0.36 kB │ gzip:     0.26 kB │ map:      1.13 kB
out/renderer/assets/shield-alert-JUNhzVPY.js                             0.36 kB │ gzip:     0.27 kB │ map:      1.16 kB
out/renderer/assets/type-outline-CaF_Yi-F.js                             0.36 kB │ gzip:     0.23 kB │ map:      1.02 kB
out/renderer/assets/bitcoin-BYYFv_w8.js                                  0.37 kB │ gzip:     0.28 kB │ map:      1.00 kB
out/renderer/assets/book-key-Bu7-A4qF.js                                 0.37 kB │ gzip:     0.27 kB │ map:      1.25 kB
out/renderer/assets/database-zap-DzncpkKH.js                             0.37 kB │ gzip:     0.27 kB │ map:      1.29 kB
out/renderer/assets/loader-pinwheel-Cgr7Gdch.js                          0.37 kB │ gzip:     0.25 kB │ map:      1.23 kB
out/renderer/assets/angry--MdhbV4s.js                                    0.37 kB │ gzip:     0.25 kB │ map:      1.30 kB
out/renderer/assets/archive-restore-CZXc1i3P.js                          0.37 kB │ gzip:     0.26 kB │ map:      1.32 kB
out/renderer/assets/battery-warning-Ce-zib3C.js                          0.37 kB │ gzip:     0.25 kB │ map:      1.26 kB
out/renderer/assets/file-down-D2uzcHti.js                                0.37 kB │ gzip:     0.25 kB │ map:      1.21 kB
out/renderer/assets/files-BU6XJP9R.js                                    0.37 kB │ gzip:     0.24 kB │ map:      1.13 kB
out/renderer/assets/folder-lock-DDNJ5-YU.js                              0.37 kB │ gzip:     0.27 kB │ map:      1.20 kB
out/renderer/assets/key-round-BJCtZIuu.js                                0.37 kB │ gzip:     0.26 kB │ map:      1.13 kB
out/renderer/assets/picture-in-picture-BCC8LrAx.js                       0.37 kB │ gzip:     0.26 kB │ map:      1.33 kB
out/renderer/assets/shopping-bag-OgiTuPY-.js                             0.37 kB │ gzip:     0.26 kB │ map:      1.15 kB
out/renderer/assets/weight-tilde-BrVfMPrI.js                             0.37 kB │ gzip:     0.28 kB │ map:      1.18 kB
out/renderer/assets/air-vent-CsUyIH3m.js                                 0.37 kB │ gzip:     0.26 kB │ map:      1.20 kB
out/renderer/assets/ethernet-port-BzFFMuAe.js                            0.37 kB │ gzip:     0.24 kB │ map:      1.28 kB
out/renderer/assets/file-symlink-BdH0MCUK.js                             0.37 kB │ gzip:     0.26 kB │ map:      1.15 kB
out/renderer/assets/image-minus-BL1JzUUY.js                              0.37 kB │ gzip:     0.28 kB │ map:      1.25 kB
out/renderer/assets/timer-off-nRPBQV-d.js                                0.37 kB │ gzip:     0.25 kB │ map:      1.23 kB
out/renderer/assets/user-pen-XknbJt3s.js                                 0.37 kB │ gzip:     0.28 kB │ map:      1.16 kB
out/renderer/assets/alarm-clock-minus-DGFIvm3J.js                        0.37 kB │ gzip:     0.26 kB │ map:      1.36 kB
out/renderer/assets/citrus-DQx7Wej7.js                                   0.37 kB │ gzip:     0.27 kB │ map:      1.19 kB
out/renderer/assets/folder-key-DWCo6-yX.js                               0.37 kB │ gzip:     0.27 kB │ map:      1.23 kB
out/renderer/assets/mouse-pointer-ban-3j8PDUCZ.js                        0.37 kB │ gzip:     0.28 kB │ map:      1.21 kB
out/renderer/assets/stethoscope-CXZabpkc.js                              0.37 kB │ gzip:     0.25 kB │ map:      1.27 kB
out/renderer/assets/accessibility-MHACE0E2.js                            0.37 kB │ gzip:     0.27 kB │ map:      1.29 kB
out/renderer/assets/globe-lock-DK61BHR4.js                               0.37 kB │ gzip:     0.27 kB │ map:      1.26 kB
out/renderer/assets/utility-pole-D_oU1rII.js                             0.37 kB │ gzip:     0.23 kB │ map:      1.37 kB
out/renderer/assets/venetian-mask-DqQ-FDmp.js                            0.37 kB │ gzip:     0.25 kB │ map:      1.16 kB
out/renderer/assets/file-clock-ihqlQGl2.js                               0.37 kB │ gzip:     0.27 kB │ map:      1.25 kB
out/renderer/assets/file-x-corner-BRQA6DkE.js                            0.37 kB │ gzip:     0.26 kB │ map:      1.22 kB
out/renderer/assets/git-pull-request-closed-DYcxt_cd.js                  0.37 kB │ gzip:     0.26 kB │ map:      1.41 kB
out/renderer/assets/message-circle-question-mark-B5ARg5Q4.js             0.37 kB │ gzip:     0.27 kB │ map:      1.25 kB
out/renderer/assets/newspaper-Dc6nxdNq.js                                0.37 kB │ gzip:     0.26 kB │ map:      1.26 kB
out/renderer/assets/bell-dot-DGMYeovH.js                                 0.37 kB │ gzip:     0.29 kB │ map:      1.16 kB
out/renderer/assets/dice-5-BP3S4MHE.js                                   0.37 kB │ gzip:     0.24 kB │ map:      1.35 kB
out/renderer/assets/file-code-corner-BV9wk64W.js                         0.37 kB │ gzip:     0.26 kB │ map:      1.26 kB
out/renderer/assets/heart-plus-BDeF2G17.js                               0.37 kB │ gzip:     0.28 kB │ map:      1.14 kB
out/renderer/assets/hourglass-BtbDPHtJ.js                                0.37 kB │ gzip:     0.24 kB │ map:      1.23 kB
out/renderer/assets/house-heart-DeKZVLT0.js                              0.37 kB │ gzip:     0.27 kB │ map:      1.12 kB
out/renderer/assets/message-square-quote-DkNQetmw.js                     0.37 kB │ gzip:     0.26 kB │ map:      1.20 kB
out/renderer/assets/octagon-Cq69MLSn.js                                  0.37 kB │ gzip:     0.24 kB │ map:      1.01 kB
out/renderer/assets/pen-off-wQtKStyL.js                                  0.37 kB │ gzip:     0.27 kB │ map:      1.13 kB
out/renderer/assets/folder-open-dot-DI3YoIjk.js                          0.37 kB │ gzip:     0.28 kB │ map:      1.14 kB
out/renderer/assets/lamp-CG3naPNs.js                                     0.37 kB │ gzip:     0.26 kB │ map:      1.13 kB
out/renderer/assets/layout-grid-C4uYfxOe.js                              0.37 kB │ gzip:     0.21 kB │ map:      1.40 kB
out/renderer/assets/map-pin-check-BkLjtyp_.js                            0.37 kB │ gzip:     0.29 kB │ map:      1.19 kB
out/renderer/assets/message-square-lock-CpbnRc5V.js                      0.37 kB │ gzip:     0.29 kB │ map:      1.25 kB
out/renderer/assets/smartphone-nfc-Cm62vDFH.js                           0.37 kB │ gzip:     0.27 kB │ map:      1.26 kB
out/renderer/assets/stone-COeqYW4R.js                                    0.37 kB │ gzip:     0.27 kB │ map:      1.13 kB
out/renderer/assets/crown-CQJOenJc.js                                    0.37 kB │ gzip:     0.26 kB │ map:      1.08 kB
out/renderer/assets/currency-BVcvOcB2.js                                 0.37 kB │ gzip:     0.23 kB │ map:      1.42 kB
out/renderer/assets/decimals-arrow-right-ByvxQuul.js                     0.37 kB │ gzip:     0.25 kB │ map:      1.40 kB
out/renderer/assets/droplet-off-Bn9b84_P.js                              0.37 kB │ gzip:     0.28 kB │ map:      1.17 kB
out/renderer/assets/gpu-CZvnQ7mT.js                                      0.37 kB │ gzip:     0.25 kB │ map:      1.26 kB
out/renderer/assets/message-square-diff-C4LZ8TjY.js                      0.37 kB │ gzip:     0.26 kB │ map:      1.25 kB
out/renderer/assets/paw-print-BwLAzptD.js                                0.37 kB │ gzip:     0.27 kB │ map:      1.29 kB
out/renderer/assets/skull--9tweA_3.js                                    0.37 kB │ gzip:     0.26 kB │ map:      1.24 kB
out/renderer/assets/sticky-note-x-CJgnVHiF.js                            0.37 kB │ gzip:     0.26 kB │ map:      1.22 kB
out/renderer/assets/alarm-clock-check-CNFxKuVN.js                        0.37 kB │ gzip:     0.26 kB │ map:      1.37 kB
out/renderer/assets/blinds-DbUOZ-vo.js                                   0.37 kB │ gzip:     0.25 kB │ map:      1.37 kB
out/renderer/assets/chart-bar-stacked-COErELid.js                        0.37 kB │ gzip:     0.26 kB │ map:      1.39 kB
out/renderer/assets/cuboid-DRV96HXJ.js                                   0.37 kB │ gzip:     0.26 kB │ map:      1.13 kB
out/renderer/assets/image-plus-B5hnuUYF.js                               0.37 kB │ gzip:     0.26 kB │ map:      1.28 kB
out/renderer/assets/land-plot-CUeeLoiw.js                                0.37 kB │ gzip:     0.26 kB │ map:      1.21 kB
out/renderer/assets/monitor-speaker-B5-alcHs.js                          0.37 kB │ gzip:     0.28 kB │ map:      1.35 kB
out/renderer/assets/washing-machine-CTG69UZ9.js                          0.37 kB │ gzip:     0.28 kB │ map:      1.35 kB
out/renderer/assets/file-plus-DLGoCXmt.js                                0.38 kB │ gzip:     0.26 kB │ map:      1.21 kB
out/renderer/assets/file-plus-corner-8QxQo9b0.js                         0.38 kB │ gzip:     0.27 kB │ map:      1.24 kB
out/renderer/assets/folder-kanban-DOCslzUS.js                            0.38 kB │ gzip:     0.26 kB │ map:      1.23 kB
out/renderer/assets/locate-5jMbXeA5.js                                   0.38 kB │ gzip:     0.24 kB │ map:      1.42 kB
out/renderer/assets/podcast-B6NtFj9N.js                                  0.38 kB │ gzip:     0.27 kB │ map:      1.24 kB
out/renderer/assets/shield-plus-DhQvxUMk.js                              0.38 kB │ gzip:     0.28 kB │ map:      1.15 kB
out/renderer/assets/chess-pawn-BvjsACA5.js                               0.38 kB │ gzip:     0.26 kB │ map:      1.29 kB
out/renderer/assets/copy-x-D7_XjI3Y.js                                   0.38 kB │ gzip:     0.27 kB │ map:      1.31 kB
out/renderer/assets/messages-square-CjWzBmJY.js                          0.38 kB │ gzip:     0.26 kB │ map:      1.16 kB
out/renderer/assets/battery-plus-BPDp2KC2.js                             0.38 kB │ gzip:     0.26 kB │ map:      1.25 kB
out/renderer/assets/chart-column-stacked-Dtfpj0mo.js                     0.38 kB │ gzip:     0.26 kB │ map:      1.40 kB
out/renderer/assets/layout-dashboard-BEafVoIu.js                         0.38 kB │ gzip:     0.23 kB │ map:      1.43 kB
out/renderer/assets/monitor-off-CvUcGzoK.js                              0.38 kB │ gzip:     0.26 kB │ map:      1.25 kB
out/renderer/assets/book-up-2-D3iCXl8b.js                                0.38 kB │ gzip:     0.26 kB │ map:      1.24 kB
out/renderer/assets/webhook-DQ3qROmM.js                                  0.38 kB │ gzip:     0.29 kB │ map:      1.14 kB
out/renderer/assets/book-headphones-BXOw9MwW.js                          0.38 kB │ gzip:     0.27 kB │ map:      1.30 kB
out/renderer/assets/circuit-board-DLid_yWZ.js                            0.38 kB │ gzip:     0.26 kB │ map:      1.37 kB
out/renderer/assets/copy-plus-Cyw2PDUL.js                                0.38 kB │ gzip:     0.28 kB │ map:      1.33 kB
out/renderer/assets/crosshair-CoLx3agc.js                                0.38 kB │ gzip:     0.24 kB │ map:      1.43 kB
out/renderer/assets/file-up-BMnLKZBV.js                                  0.38 kB │ gzip:     0.26 kB │ map:      1.20 kB
out/renderer/assets/folder-git-fcRujseZ.js                               0.38 kB │ gzip:     0.27 kB │ map:      1.24 kB
out/renderer/assets/metronome-CVziU5L8.js                                0.38 kB │ gzip:     0.29 kB │ map:      1.24 kB
out/renderer/assets/notepad-text-C-ehOXRV.js                             0.38 kB │ gzip:     0.24 kB │ map:      1.45 kB
out/renderer/assets/plug-zap-C97wWT5H.js                                 0.38 kB │ gzip:     0.26 kB │ map:      1.25 kB
out/renderer/assets/train-track-CYGwJ2Tz.js                              0.38 kB │ gzip:     0.23 kB │ map:      1.37 kB
out/renderer/assets/diameter-jar4G8HX.js                                 0.38 kB │ gzip:     0.25 kB │ map:      1.30 kB
out/renderer/assets/file-axis-3d-Dtm9mvx9.js                             0.38 kB │ gzip:     0.27 kB │ map:      1.23 kB
out/renderer/assets/message-square-more-CplDdMZB.js                      0.38 kB │ gzip:     0.26 kB │ map:      1.26 kB
out/renderer/assets/git-pull-request-create-arrow-CKMZatai.js            0.38 kB │ gzip:     0.27 kB │ map:      1.43 kB
out/renderer/assets/house-plus-D0uoopJY.js                               0.38 kB │ gzip:     0.27 kB │ map:      1.22 kB
out/renderer/assets/orbit-CrEeVlF0.js                                    0.38 kB │ gzip:     0.26 kB │ map:      1.31 kB
out/renderer/assets/sport-shoe-sdYI58fJ.js                               0.38 kB │ gzip:     0.28 kB │ map:      1.16 kB
out/renderer/assets/sticky-note-plus-KN4mwi9m.js                         0.38 kB │ gzip:     0.27 kB │ map:      1.25 kB
out/renderer/assets/LineChart-B5s_9sqc.js                                0.38 kB │ gzip:     0.27 kB │ map:      1.05 kB
out/renderer/assets/cigarette-D_jGaq9r.js                                0.38 kB │ gzip:     0.24 kB │ map:      1.25 kB
out/renderer/assets/grip-vertical-kh39AklQ.js                            0.38 kB │ gzip:     0.20 kB │ map:      1.51 kB
out/renderer/assets/dessert-CqJPFHX3.js                                  0.38 kB │ gzip:     0.27 kB │ map:      1.17 kB
out/renderer/assets/door-closed-locked-DzT4JUxX.js                       0.38 kB │ gzip:     0.27 kB │ map:      1.35 kB
out/renderer/assets/file-output-Dj6hI8GS.js                              0.38 kB │ gzip:     0.26 kB │ map:      1.24 kB
out/renderer/assets/file-x-RxuwWmah.js                                   0.38 kB │ gzip:     0.26 kB │ map:      1.20 kB
out/renderer/assets/folder-heart-B2ohXhtN.js                             0.38 kB │ gzip:     0.28 kB │ map:      1.14 kB
out/renderer/assets/glasses-BxDIyyMM.js                                  0.38 kB │ gzip:     0.26 kB │ map:      1.29 kB
out/renderer/assets/lightbulb-off-Dh_xKTjm.js                            0.38 kB │ gzip:     0.27 kB │ map:      1.27 kB
out/renderer/assets/list-ordered-geqaxM4h.js                             0.38 kB │ gzip:     0.25 kB │ map:      1.32 kB
out/renderer/assets/monitor-play-uSIEnHwc.js                             0.38 kB │ gzip:     0.28 kB │ map:      1.28 kB
out/renderer/assets/package-CfVkFYId.js                                  0.38 kB │ gzip:     0.26 kB │ map:      1.22 kB
out/renderer/assets/share-2-CTUHzdFY.js                                  0.38 kB │ gzip:     0.25 kB │ map:      1.40 kB
out/renderer/assets/shield-x-zc9KxCWx.js                                 0.38 kB │ gzip:     0.28 kB │ map:      1.15 kB
out/renderer/assets/turtle-xrGGELMV.js                                   0.38 kB │ gzip:     0.26 kB │ map:      1.21 kB
out/renderer/assets/file-terminal-B6lfi7CP.js                            0.38 kB │ gzip:     0.26 kB │ map:      1.24 kB
out/renderer/assets/grip-horizontal-G59qfh6p.js                          0.38 kB │ gzip:     0.20 kB │ map:      1.52 kB
out/renderer/assets/bell-plus-DV-KRuMm.js                                0.39 kB │ gzip:     0.28 kB │ map:      1.22 kB
out/renderer/assets/calendar-x-2-NC_B5cuo.js                             0.39 kB │ gzip:     0.25 kB │ map:      1.32 kB
out/renderer/assets/cookie-PrPbIPDc.js                                   0.39 kB │ gzip:     0.24 kB │ map:      1.30 kB
out/renderer/assets/file-input-CgB9hwTR.js                               0.39 kB │ gzip:     0.27 kB │ map:      1.22 kB
out/renderer/assets/speech-C477a14t.js                                   0.39 kB │ gzip:     0.28 kB │ map:      1.14 kB
out/renderer/assets/switch-camera-VIBiRu3k.js                            0.39 kB │ gzip:     0.26 kB │ map:      1.30 kB
out/renderer/assets/binary-C30xd0C9.js                                   0.39 kB │ gzip:     0.25 kB │ map:      1.40 kB
out/renderer/assets/card-sim-BZLPyAJw.js                                 0.39 kB │ gzip:     0.27 kB │ map:      1.27 kB
out/renderer/assets/clapperboard-BI9heYlR.js                             0.39 kB │ gzip:     0.28 kB │ map:      1.22 kB
out/renderer/assets/fullscreen-BN4yfJUq.js                               0.39 kB │ gzip:     0.27 kB │ map:      1.31 kB
out/renderer/assets/lamp-wall-down-CDo38Z0S.js                           0.39 kB │ gzip:     0.26 kB │ map:      1.20 kB
out/renderer/assets/lamp-wall-up-CDSkhGLb.js                             0.39 kB │ gzip:     0.26 kB │ map:      1.19 kB
out/renderer/assets/mic-vocal-D3-bQclD.js                                0.39 kB │ gzip:     0.30 kB │ map:      1.22 kB
out/renderer/assets/badge-cent-Bdf45Os_.js                               0.39 kB │ gzip:     0.25 kB │ map:      1.16 kB
out/renderer/assets/badge-euro-B_pCwZeJ.js                               0.39 kB │ gzip:     0.25 kB │ map:      1.16 kB
out/renderer/assets/file-search-DwTXxiRc.js                              0.39 kB │ gzip:     0.27 kB │ map:      1.27 kB
out/renderer/assets/layout-list-B_YNRuWX.js                              0.39 kB │ gzip:     0.24 kB │ map:      1.43 kB
out/renderer/assets/syringe-C72paWOd.js                                  0.39 kB │ gzip:     0.26 kB │ map:      1.30 kB
out/renderer/assets/calendar-plus-CSNUCAeJ.js                            0.39 kB │ gzip:     0.25 kB │ map:      1.33 kB
out/renderer/assets/mailbox-C5hkStLI.js                                  0.39 kB │ gzip:     0.28 kB │ map:      1.26 kB
out/renderer/assets/message-circle-more-BpBrwvkn.js                      0.39 kB │ gzip:     0.27 kB │ map:      1.27 kB
out/renderer/assets/parking-meter-CmHRgVtI.js                            0.39 kB │ gzip:     0.26 kB │ map:      1.30 kB
out/renderer/assets/snail-DYYImhId.js                                    0.39 kB │ gzip:     0.28 kB │ map:      1.26 kB
out/renderer/assets/utensils-crossed-ZQj0xJ50.js                         0.39 kB │ gzip:     0.27 kB │ map:      1.24 kB
out/renderer/assets/calendar-clock-J7jgjTRm.js                           0.39 kB │ gzip:     0.26 kB │ map:      1.38 kB
out/renderer/assets/captions-off-C1MFTSUN.js                             0.39 kB │ gzip:     0.25 kB │ map:      1.33 kB
out/renderer/assets/house-wifi-CIeoUMTf.js                               0.39 kB │ gzip:     0.27 kB │ map:      1.23 kB
out/renderer/assets/armchair-BnOAD8oX.js                                 0.39 kB │ gzip:     0.25 kB │ map:      1.22 kB
out/renderer/assets/watch-Cq6g3Z8k.js                                    0.39 kB │ gzip:     0.27 kB │ map:      1.22 kB
out/renderer/assets/bell-off-tpsCtb-v.js                                 0.39 kB │ gzip:     0.29 kB │ map:      1.22 kB
out/renderer/assets/file-music-CXDOAcsy.js                               0.39 kB │ gzip:     0.29 kB │ map:      1.26 kB
out/renderer/assets/folder-git-2-BrCgt3_K.js                             0.39 kB │ gzip:     0.27 kB │ map:      1.29 kB
out/renderer/assets/map-pin-plus-39yAWbGO.js                             0.39 kB │ gzip:     0.29 kB │ map:      1.26 kB
out/renderer/assets/src-AEHDFCS5-CQMEMB_q.js                             0.39 kB │ gzip:     0.24 kB
out/renderer/assets/trees-CpYNasQe.js                                    0.39 kB │ gzip:     0.26 kB │ map:      1.20 kB
out/renderer/assets/birdhouse-CvWArXJ6.js                                0.39 kB │ gzip:     0.28 kB │ map:      1.35 kB
out/renderer/assets/cake-slice-CI0fgCAr.js                               0.39 kB │ gzip:     0.29 kB │ map:      1.25 kB
out/renderer/assets/clipboard-paste-Clyx7w5K.js                          0.39 kB │ gzip:     0.27 kB │ map:      1.36 kB
out/renderer/assets/square-dashed-bottom-code-Bk-xch6a.js                0.39 kB │ gzip:     0.26 kB │ map:      1.35 kB
out/renderer/assets/folder-archive-i8ALP0AC.js                           0.39 kB │ gzip:     0.28 kB │ map:      1.28 kB
out/renderer/assets/badge-turkish-lira-Cw-WObUR.js                       0.40 kB │ gzip:     0.26 kB │ map:      1.21 kB
out/renderer/assets/clipboard-clock-T2_WS166.js                          0.40 kB │ gzip:     0.28 kB │ map:      1.38 kB
out/renderer/assets/file-search-corner-D-2FycOJ.js                       0.40 kB │ gzip:     0.29 kB │ map:      1.30 kB
out/renderer/assets/network-BQTX9z7b.js                                  0.40 kB │ gzip:     0.24 kB │ map:      1.43 kB
out/renderer/assets/sheet-BUskDn6I.js                                    0.40 kB │ gzip:     0.25 kB │ map:      1.47 kB
out/renderer/assets/alarm-clock-off-Cy5eIhmS.js                          0.40 kB │ gzip:     0.26 kB │ map:      1.35 kB
out/renderer/assets/caravan-3k1qpxHN.js                                  0.40 kB │ gzip:     0.27 kB │ map:      1.22 kB
out/renderer/assets/file-text-CXNhKV8a.js                                0.40 kB │ gzip:     0.26 kB │ map:      1.30 kB
out/renderer/assets/images-BvHEmIFV.js                                   0.40 kB │ gzip:     0.29 kB │ map:      1.28 kB
out/renderer/assets/message-circle-off-MQNta3Oe.js                       0.40 kB │ gzip:     0.29 kB │ map:      1.21 kB
out/renderer/assets/calendar-arrow-up-Cq1U5Pg1.js                        0.40 kB │ gzip:     0.26 kB │ map:      1.36 kB
out/renderer/assets/circle-pile-DeeHidbu.js                              0.40 kB │ gzip:     0.21 kB │ map:      1.49 kB
out/renderer/assets/ev-charger-Dy3YCH0D.js                               0.40 kB │ gzip:     0.26 kB │ map:      1.28 kB
out/renderer/assets/map-pin-x-cOfr3F_8.js                                0.40 kB │ gzip:     0.29 kB │ map:      1.26 kB
out/renderer/assets/square-parking-off-jVkeuZra.js                       0.40 kB │ gzip:     0.27 kB │ map:      1.31 kB
out/renderer/assets/touchpad-off--_DlRzeM.js                             0.40 kB │ gzip:     0.26 kB │ map:      1.34 kB
out/renderer/assets/door-open-BQmBrchv.js                                0.40 kB │ gzip:     0.27 kB │ map:      1.29 kB
out/renderer/assets/file-code-D-nGyjQL.js                                0.40 kB │ gzip:     0.27 kB │ map:      1.23 kB
out/renderer/assets/file-user-DjR5McPO.js                                0.40 kB │ gzip:     0.28 kB │ map:      1.26 kB
out/renderer/assets/milk-B1aKYeKL.js                                     0.40 kB │ gzip:     0.27 kB │ map:      1.14 kB
out/renderer/assets/tent-tree-CnnpSNRK.js                                0.40 kB │ gzip:     0.26 kB │ map:      1.41 kB
out/renderer/assets/vibrate-off-CHvLhwE1.js                              0.40 kB │ gzip:     0.27 kB │ map:      1.32 kB
out/renderer/assets/badge-russian-ruble-2yhLw_7j.js                      0.40 kB │ gzip:     0.26 kB │ map:      1.22 kB
out/renderer/assets/bird-BGjTN81L.js                                     0.40 kB │ gzip:     0.27 kB │ map:      1.30 kB
out/renderer/assets/droplets-DsnTs_r8.js                                 0.40 kB │ gzip:     0.30 kB │ map:      1.14 kB
out/renderer/assets/file-stack-yky1BrBk.js                               0.40 kB │ gzip:     0.25 kB │ map:      1.18 kB
out/renderer/assets/flask-conical-off-CN0YTYZX.js                        0.40 kB │ gzip:     0.27 kB │ map:      1.36 kB
out/renderer/assets/hard-drive-Ytzlj7dC.js                               0.40 kB │ gzip:     0.26 kB │ map:      1.25 kB
out/renderer/assets/mouse-pointer-2-off-BCur1ixh.js                      0.40 kB │ gzip:     0.29 kB │ map:      1.22 kB
out/renderer/assets/refresh-ccw-dot-QYqouj9j.js                          0.40 kB │ gzip:     0.27 kB │ map:      1.32 kB
out/renderer/assets/sparkle-CHnPA61-.js                                  0.40 kB │ gzip:     0.25 kB │ map:      1.03 kB
out/renderer/assets/banknote-x-B5UEc8TK.js                               0.40 kB │ gzip:     0.27 kB │ map:      1.35 kB
out/renderer/assets/gamepad-a5HAu97d.js                                  0.40 kB │ gzip:     0.26 kB │ map:      1.47 kB
out/renderer/assets/hd-CToJHXDH.js                                       0.40 kB │ gzip:     0.27 kB │ map:      1.31 kB
out/renderer/assets/pipette-WS6H5CSr.js                                  0.40 kB │ gzip:     0.27 kB │ map:      1.20 kB
out/renderer/assets/quote-DPr-iCF7.js                                    0.40 kB │ gzip:     0.20 kB │ map:      1.14 kB
out/renderer/assets/radio-Cb0fExu9.js                                    0.40 kB │ gzip:     0.27 kB │ map:      1.28 kB
out/renderer/assets/signpost-BkTDl5XM.js                                 0.40 kB │ gzip:     0.26 kB │ map:      1.16 kB
out/renderer/assets/briefcase-medical-DsljERSq.js                        0.40 kB │ gzip:     0.27 kB │ map:      1.42 kB
out/renderer/assets/git-branch-plus-C2bx2DVq.js                          0.40 kB │ gzip:     0.25 kB │ map:      1.36 kB
out/renderer/assets/id-card-lanyard-QLwPOe6-.js                          0.40 kB │ gzip:     0.28 kB │ map:      1.35 kB
out/renderer/assets/printer-check-NEip3vG-.js                            0.40 kB │ gzip:     0.26 kB │ map:      1.23 kB
out/renderer/assets/smile-plus-B2HEQh_q.js                               0.40 kB │ gzip:     0.26 kB │ map:      1.41 kB
out/renderer/assets/warehouse-BOSoQCTo.js                                0.40 kB │ gzip:     0.27 kB │ map:      1.23 kB
out/renderer/assets/axe-2cA59SPQ.js                                      0.40 kB │ gzip:     0.28 kB │ map:      1.08 kB
out/renderer/assets/calendar-arrow-down-m1l5COGh.js                      0.40 kB │ gzip:     0.26 kB │ map:      1.39 kB
out/renderer/assets/cassette-tape-DoR3A325.js                            0.40 kB │ gzip:     0.28 kB │ map:      1.40 kB
out/renderer/assets/clipboard-type-DqOHMRvy.js                           0.40 kB │ gzip:     0.27 kB │ map:      1.39 kB
out/renderer/assets/folder-pen-dSdyNIQ9.js                               0.40 kB │ gzip:     0.29 kB │ map:      1.15 kB
out/renderer/assets/git-compare-arrows-harfgHR-.js                       0.40 kB │ gzip:     0.27 kB │ map:      1.43 kB
out/renderer/assets/diamond-percent-DnzrEMQx.js                          0.40 kB │ gzip:     0.26 kB │ map:      1.27 kB
out/renderer/assets/alarm-clock-plus-BS4n7zC5.js                         0.40 kB │ gzip:     0.27 kB │ map:      1.45 kB
out/renderer/assets/badge-x-tctlFSdy.js                                  0.40 kB │ gzip:     0.26 kB │ map:      1.25 kB
out/renderer/assets/beef-DhJo5q05.js                                     0.40 kB │ gzip:     0.31 kB │ map:      1.21 kB
out/renderer/assets/earth-Csy7gYHv.js                                    0.40 kB │ gzip:     0.27 kB │ map:      1.26 kB
out/renderer/assets/map-pin-pen-BUSq_Ftw.js                              0.40 kB │ gzip:     0.30 kB │ map:      1.21 kB
out/renderer/assets/sticky-note-off-CZqQ2aQE.js                          0.40 kB │ gzip:     0.27 kB │ map:      1.28 kB
out/renderer/assets/tram-front-DUN-43sN.js                               0.40 kB │ gzip:     0.27 kB │ map:      1.45 kB
out/renderer/assets/waves-ladder-CHWl9eUD.js                             0.40 kB │ gzip:     0.26 kB │ map:      1.32 kB
out/renderer/assets/clipboard-copy-hHlyjk88.js                           0.41 kB │ gzip:     0.28 kB │ map:      1.37 kB
out/renderer/assets/router-DHm4AqMb.js                                   0.41 kB │ gzip:     0.27 kB │ map:      1.37 kB
out/renderer/assets/life-buoy-Dr0J3GVE.js                                0.41 kB │ gzip:     0.25 kB │ map:      1.39 kB
out/renderer/assets/luggage-CbntidUH.js                                  0.41 kB │ gzip:     0.26 kB │ map:      1.33 kB
out/renderer/assets/drum-BiGdHHyO.js                                     0.41 kB │ gzip:     0.27 kB │ map:      1.41 kB
out/renderer/assets/file-lock-DL9B7Ygi.js                                0.41 kB │ gzip:     0.29 kB │ map:      1.30 kB
out/renderer/assets/hospital-Cd_AwucJ.js                                 0.41 kB │ gzip:     0.25 kB │ map:      1.30 kB
out/renderer/assets/image-play-CtW0c8UX.js                               0.41 kB │ gzip:     0.28 kB │ map:      1.27 kB
out/renderer/assets/popcorn-DAtI9r7l.js                                  0.41 kB │ gzip:     0.27 kB │ map:      1.26 kB
out/renderer/assets/badge-plus-BJPHDJxn.js                               0.41 kB │ gzip:     0.26 kB │ map:      1.27 kB
out/renderer/assets/building-2-Cd9gaBkC.js                               0.41 kB │ gzip:     0.26 kB │ map:      1.31 kB
out/renderer/assets/dice-6-DEiaE06T.js                                   0.41 kB │ gzip:     0.25 kB │ map:      1.45 kB
out/renderer/assets/message-circle-heart-BBb8sHdk.js                     0.41 kB │ gzip:     0.30 kB │ map:      1.20 kB
out/renderer/assets/paintbrush-vertical-DwZd9WrY.js                      0.41 kB │ gzip:     0.26 kB │ map:      1.29 kB
out/renderer/assets/shuffle-1TDEeeF-.js                                  0.41 kB │ gzip:     0.26 kB │ map:      1.27 kB
out/renderer/assets/train-front-sBa7pFaC.js                              0.41 kB │ gzip:     0.27 kB │ map:      1.34 kB
out/renderer/assets/align-vertical-distribute-center-W9GbQBDX.js         0.41 kB │ gzip:     0.27 kB │ map:      1.56 kB
out/renderer/assets/banknote-arrow-up-DOnmz0u0.js                        0.41 kB │ gzip:     0.27 kB │ map:      1.40 kB
out/renderer/assets/cloud-sync-DhUd714M.js                               0.41 kB │ gzip:     0.28 kB │ map:      1.29 kB
out/renderer/assets/map-pin-search-DvtF2eDZ.js                           0.41 kB │ gzip:     0.29 kB │ map:      1.32 kB
out/renderer/assets/microscope-BBttQgX8.js                               0.41 kB │ gzip:     0.27 kB │ map:      1.34 kB
out/renderer/assets/banknote-arrow-down-BKFbyDPH.js                      0.41 kB │ gzip:     0.28 kB │ map:      1.41 kB
out/renderer/assets/calendar-search-BjuVgSse.js                          0.41 kB │ gzip:     0.28 kB │ map:      1.40 kB
out/renderer/assets/calendars-Bl0ajKdX.js                                0.41 kB │ gzip:     0.28 kB │ map:      1.39 kB
out/renderer/assets/file-key-lSZGW_u6.js                                 0.41 kB │ gzip:     0.29 kB │ map:      1.33 kB
out/renderer/assets/heart-off-mxVPuZRM.js                                0.41 kB │ gzip:     0.30 kB │ map:      1.21 kB
out/renderer/assets/landmark-YMfKw_WJ.js                                 0.41 kB │ gzip:     0.27 kB │ map:      1.36 kB
out/renderer/assets/view-CVsxEYyi.js                                     0.41 kB │ gzip:     0.27 kB │ map:      1.25 kB
out/renderer/assets/align-horizontal-distribute-center-CkZUQOAi.js       0.41 kB │ gzip:     0.27 kB │ map:      1.58 kB
out/renderer/assets/badge-dollar-sign-3QeDaR8Z.js                        0.41 kB │ gzip:     0.26 kB │ map:      1.22 kB
out/renderer/assets/badge-info-Xea2lCPQ.js                               0.41 kB │ gzip:     0.26 kB │ map:      1.27 kB
out/renderer/assets/baggage-claim-BeGreg6c.js                            0.41 kB │ gzip:     0.28 kB │ map:      1.41 kB
out/renderer/assets/calendar-off-D0lEQqUB.js                             0.41 kB │ gzip:     0.27 kB │ map:      1.35 kB
out/renderer/assets/pencil-off-BJROOvUs.js                               0.41 kB │ gzip:     0.29 kB │ map:      1.25 kB
out/renderer/assets/thermometer-sun-ChgZRiVz.js                          0.41 kB │ gzip:     0.27 kB │ map:      1.37 kB
out/renderer/assets/cannabis-0E240AmA.js                                 0.41 kB │ gzip:     0.28 kB │ map:      1.12 kB
out/renderer/assets/expand-DL3hqXRK.js                                   0.41 kB │ gzip:     0.25 kB │ map:      1.44 kB
out/renderer/assets/octagon-minus-CiSMfu-7.js                            0.41 kB │ gzip:     0.26 kB │ map:      1.14 kB
out/renderer/assets/pocket-knife-D0LiWe_6.js                             0.41 kB │ gzip:     0.28 kB │ map:      1.29 kB
out/renderer/assets/projector-YnJK0r8O.js                                0.41 kB │ gzip:     0.27 kB │ map:      1.40 kB
out/renderer/assets/scan-search-_c3U254V.js                              0.41 kB │ gzip:     0.27 kB │ map:      1.38 kB
out/renderer/assets/shield-user-Di75sSKM.js                              0.41 kB │ gzip:     0.31 kB │ map:      1.22 kB
out/renderer/assets/badge-alert-BEDDEYS-.js                              0.41 kB │ gzip:     0.27 kB │ map:      1.28 kB
out/renderer/assets/file-heart-CXqeeMlG.js                               0.41 kB │ gzip:     0.29 kB │ map:      1.22 kB
out/renderer/assets/locate-off-BrhEVnug.js                               0.41 kB │ gzip:     0.26 kB │ map:      1.40 kB
out/renderer/assets/swatch-book-BhS-Epaj.js                              0.41 kB │ gzip:     0.28 kB │ map:      1.26 kB
out/renderer/assets/backpack-AeC8nEc2.js                                 0.42 kB │ gzip:     0.25 kB │ map:      1.29 kB
out/renderer/assets/bandage-DiVNDIF1.js                                  0.42 kB │ gzip:     0.25 kB │ map:      1.45 kB
out/renderer/assets/file-headphone-D0p3HVKl.js                           0.42 kB │ gzip:     0.28 kB │ map:      1.25 kB
out/renderer/assets/motorbike-V2q_mb7c.js                                0.42 kB │ gzip:     0.28 kB │ map:      1.35 kB
out/renderer/assets/shield-question-mark-NOxG6vZ7.js                     0.42 kB │ gzip:     0.30 kB │ map:      1.24 kB
out/renderer/assets/badge-percent-sVw8QJ-l.js                            0.42 kB │ gzip:     0.26 kB │ map:      1.27 kB
out/renderer/assets/volume-2-6xMzFDz8.js                                 0.42 kB │ gzip:     0.29 kB │ map:      1.18 kB
out/renderer/assets/volume-x-CsqyVgTv.js                                 0.42 kB │ gzip:     0.29 kB │ map:      1.26 kB
out/renderer/assets/calendar-fold-18ijnZoY.js                            0.42 kB │ gzip:     0.27 kB │ map:      1.33 kB
out/renderer/assets/cloud-sun-BuCbIyIh.js                                0.42 kB │ gzip:     0.28 kB │ map:      1.34 kB
out/renderer/assets/hand-DaCERsGj.js                                     0.42 kB │ gzip:     0.26 kB │ map:      1.24 kB
out/renderer/assets/hat-glasses-DEwoWWjv.js                              0.42 kB │ gzip:     0.28 kB │ map:      1.38 kB
out/renderer/assets/mic-off-Dyfhj1vq.js                                  0.42 kB │ gzip:     0.27 kB │ map:      1.33 kB
out/renderer/assets/sun-moon-BEaZKkIq.js                                 0.42 kB │ gzip:     0.29 kB │ map:      1.31 kB
out/renderer/assets/badge-swiss-franc-BEEyzCXf.js                        0.42 kB │ gzip:     0.26 kB │ map:      1.29 kB
out/renderer/assets/spline-pointer-9KUFsav1.js                           0.42 kB │ gzip:     0.30 kB │ map:      1.33 kB
out/renderer/assets/worm-asjhh6wq.js                                     0.42 kB │ gzip:     0.30 kB │ map:      1.17 kB
out/renderer/assets/cloud-drizzle-CWw9qgPT.js                            0.42 kB │ gzip:     0.26 kB │ map:      1.42 kB
out/renderer/assets/jsx-runtime-Sl-DjM20.js                              0.42 kB │ gzip:     0.29 kB │ map:      1.93 kB
out/renderer/assets/fold-horizontal-B0AAbw9b.js                          0.42 kB │ gzip:     0.25 kB │ map:      1.50 kB
out/renderer/assets/hand-metal-BCPNAZN_.js                               0.42 kB │ gzip:     0.28 kB │ map:      1.26 kB
out/renderer/assets/square-centerline-dashed-horizontal-BIqM0PcU.js      0.42 kB │ gzip:     0.27 kB │ map:      1.48 kB
out/renderer/assets/candy-cane-q6iab1Ar.js                               0.42 kB │ gzip:     0.29 kB │ map:      1.33 kB
out/renderer/assets/database-search-C89UECIm.js                          0.42 kB │ gzip:     0.29 kB │ map:      1.45 kB
out/renderer/assets/hammer-DO-9gU1J.js                                   0.42 kB │ gzip:     0.30 kB │ map:      1.18 kB
out/renderer/assets/mail-question-mark-OeYFL7PM.js                       0.42 kB │ gzip:     0.30 kB │ map:      1.30 kB
out/renderer/assets/square-centerline-dashed-vertical-C5zkfARJ.js        0.42 kB │ gzip:     0.26 kB │ map:      1.47 kB
out/renderer/assets/unfold-horizontal-CV8Yn-s5.js                        0.42 kB │ gzip:     0.26 kB │ map:      1.51 kB
out/renderer/assets/cloud-hail-COYSJgGl.js                               0.42 kB │ gzip:     0.26 kB │ map:      1.41 kB
out/renderer/assets/file-chart-column-_Fq62YmL.js                        0.42 kB │ gzip:     0.28 kB │ map:      1.36 kB
out/renderer/assets/fold-vertical-DJ8okz-F.js                            0.42 kB │ gzip:     0.25 kB │ map:      1.49 kB
out/renderer/assets/loader-C0KBjxl_.js                                   0.42 kB │ gzip:     0.25 kB │ map:      1.48 kB
out/renderer/assets/baby-Chft2lD_.js                                     0.42 kB │ gzip:     0.28 kB │ map:      1.23 kB
out/renderer/assets/bell-electric-DQlySw_T.js                            0.42 kB │ gzip:     0.29 kB │ map:      1.48 kB
out/renderer/assets/bell-ring-ZYYi5APj.js                                0.42 kB │ gzip:     0.30 kB │ map:      1.26 kB
out/renderer/assets/scissors-line-dashed-DfoDwLCh.js                     0.42 kB │ gzip:     0.27 kB │ map:      1.52 kB
out/renderer/assets/shield-ellipsis-BqnQ8Pbo.js                          0.42 kB │ gzip:     0.29 kB │ map:      1.29 kB
out/renderer/assets/sofa-NCozYNAW.js                                     0.42 kB │ gzip:     0.26 kB │ map:      1.29 kB
out/renderer/assets/test-tubes-DAR7N7kE.js                               0.42 kB │ gzip:     0.25 kB │ map:      1.35 kB
out/renderer/assets/chess-bishop-DpaN2srS.js                             0.42 kB │ gzip:     0.29 kB │ map:      1.29 kB
out/renderer/assets/circle-parking-off-BXxyBjUJ.js                       0.42 kB │ gzip:     0.29 kB │ map:      1.40 kB
out/renderer/assets/ruler-QwuWUzHp.js                                    0.42 kB │ gzip:     0.26 kB │ map:      1.30 kB
out/renderer/assets/umbrella-off-DvOLaWqg.js                             0.42 kB │ gzip:     0.29 kB │ map:      1.32 kB
out/renderer/assets/unfold-vertical-BhQvGDO7.js                          0.42 kB │ gzip:     0.25 kB │ map:      1.50 kB
out/renderer/assets/chart-no-axes-combined-BeUAS7_p.js                   0.43 kB │ gzip:     0.28 kB │ map:      1.43 kB
out/renderer/assets/map-pinned-C-0JC400.js                               0.43 kB │ gzip:     0.31 kB │ map:      1.26 kB
out/renderer/assets/mouse-pointer-click-DWsPvj90.js                      0.43 kB │ gzip:     0.29 kB │ map:      1.39 kB
out/renderer/assets/text-cursor-input-BDcuUJuC.js                        0.43 kB │ gzip:     0.26 kB │ map:      1.33 kB
out/renderer/assets/car-front-DWYAyRAq.js                                0.43 kB │ gzip:     0.29 kB │ map:      1.42 kB
out/renderer/assets/file-image-DQAmlLMo.js                               0.43 kB │ gzip:     0.29 kB │ map:      1.29 kB
out/renderer/assets/heart-crack-BY8Excfb.js                              0.43 kB │ gzip:     0.31 kB │ map:      1.18 kB
out/renderer/assets/piano-ml3LYnJg.js                                    0.43 kB │ gzip:     0.27 kB │ map:      1.36 kB
out/renderer/assets/plane-takeoff-Bn1fEvzZ.js                            0.43 kB │ gzip:     0.30 kB │ map:      1.15 kB
out/renderer/assets/shield-off-Cwx06f58.js                               0.43 kB │ gzip:     0.30 kB │ map:      1.23 kB
out/renderer/assets/waves-arrow-up-BI_RWo2w.js                           0.43 kB │ gzip:     0.25 kB │ map:      1.32 kB
out/renderer/assets/cigarette-off-DaUpsfoN.js                            0.43 kB │ gzip:     0.26 kB │ map:      1.38 kB
out/renderer/assets/cloud-moon-rain-Dcm-SVLr.js                          0.43 kB │ gzip:     0.30 kB │ map:      1.29 kB
out/renderer/assets/magnet-DvwoMj3l.js                                   0.43 kB │ gzip:     0.26 kB │ map:      1.18 kB
out/renderer/assets/mail-search-D2Z26n69.js                              0.43 kB │ gzip:     0.30 kB │ map:      1.33 kB
out/renderer/assets/save-all-fuxM_cnW.js                                 0.43 kB │ gzip:     0.27 kB │ map:      1.26 kB
out/renderer/assets/usb-1eNWw1lz.js                                      0.43 kB │ gzip:     0.28 kB │ map:      1.45 kB
out/renderer/assets/bell-check-yFGysgz8.js                               0.43 kB │ gzip:     0.30 kB │ map:      1.28 kB
out/renderer/assets/brush-cleaning-Bf47RqCl.js                           0.43 kB │ gzip:     0.28 kB │ map:      1.29 kB
out/renderer/assets/cloud-snow-c_Nhvbuy.js                               0.43 kB │ gzip:     0.26 kB │ map:      1.42 kB
out/renderer/assets/file-digit-CfP_Qokp.js                               0.43 kB │ gzip:     0.29 kB │ map:      1.38 kB
out/renderer/assets/scan-text-DNX4swo_.js                                0.43 kB │ gzip:     0.26 kB │ map:      1.42 kB
out/renderer/assets/locate-fixed-XH96GQWa.js                             0.43 kB │ gzip:     0.25 kB │ map:      1.59 kB
out/renderer/assets/logs-CZPp_DPn.js                                     0.43 kB │ gzip:     0.23 kB │ map:      1.51 kB
out/renderer/assets/brick-wall-6MBfktHP.js                               0.43 kB │ gzip:     0.26 kB │ map:      1.53 kB
out/renderer/assets/haze-BW1151FA.js                                     0.43 kB │ gzip:     0.26 kB │ map:      1.46 kB
out/renderer/assets/printer-x-BDLMslvh.js                                0.43 kB │ gzip:     0.27 kB │ map:      1.30 kB
out/renderer/assets/map-pin-house-CFH7xzGd.js                            0.43 kB │ gzip:     0.30 kB │ map:      1.34 kB
out/renderer/assets/phone-missed-DN7-yGqD.js                             0.43 kB │ gzip:     0.28 kB │ map:      1.21 kB
out/renderer/assets/roller-coaster-DpvU-Hb7.js                           0.43 kB │ gzip:     0.27 kB │ map:      1.44 kB
out/renderer/assets/waypoints-BkCXcL5G.js                                0.43 kB │ gzip:     0.25 kB │ map:      1.55 kB
out/renderer/assets/aperture-CwCJxWgT.js                                 0.43 kB │ gzip:     0.28 kB │ map:      1.45 kB
out/renderer/assets/badge-question-mark-r-raZ544.js                      0.43 kB │ gzip:     0.28 kB │ map:      1.29 kB
out/renderer/assets/bot-message-square-pbwBlFq2.js                       0.43 kB │ gzip:     0.27 kB │ map:      1.45 kB
out/renderer/assets/dices-NMuQH4XM.js                                    0.43 kB │ gzip:     0.28 kB │ map:      1.42 kB
out/renderer/assets/kayak-D_lBzTpm.js                                    0.43 kB │ gzip:     0.28 kB │ map:      1.25 kB
out/renderer/assets/package-minus-DJAqR3i5.js                            0.43 kB │ gzip:     0.29 kB │ map:      1.35 kB
out/renderer/assets/truck-kVZBnUOG.js                                    0.43 kB │ gzip:     0.29 kB │ map:      1.36 kB
out/renderer/assets/badge-indian-rupee-D_SR_CtT.js                       0.43 kB │ gzip:     0.27 kB │ map:      1.31 kB
out/renderer/assets/car-8bXgPWaD.js                                      0.43 kB │ gzip:     0.31 kB │ map:      1.29 kB
out/renderer/assets/cherry-AopyHzcg.js                                   0.43 kB │ gzip:     0.28 kB │ map:      1.22 kB
out/renderer/assets/factory-CFVcGSGo.js                                  0.43 kB │ gzip:     0.27 kB │ map:      1.25 kB
out/renderer/assets/file-chart-column-increasing-BqrCtUkI.js             0.43 kB │ gzip:     0.28 kB │ map:      1.42 kB
out/renderer/assets/film-DX5jHsNu.js                                     0.43 kB │ gzip:     0.26 kB │ map:      1.51 kB
out/renderer/assets/fire-extinguisher-BJ77D0_5.js                        0.43 kB │ gzip:     0.28 kB │ map:      1.40 kB
out/renderer/assets/phone-incoming-Bv8WuK1_.js                           0.43 kB │ gzip:     0.29 kB │ map:      1.23 kB
out/renderer/assets/scan-barcode-BaSw9Mgl.js                             0.43 kB │ gzip:     0.26 kB │ map:      1.44 kB
out/renderer/assets/tower-control-BK9wMuno.js                            0.43 kB │ gzip:     0.28 kB │ map:      1.45 kB
out/renderer/assets/anvil-cugiZyfE.js                                    0.43 kB │ gzip:     0.26 kB │ map:      1.31 kB
out/renderer/assets/file-play-DeZcj9QC.js                                0.43 kB │ gzip:     0.29 kB │ map:      1.24 kB
out/renderer/assets/hamburger-DMT0nF_e.js                                0.43 kB │ gzip:     0.28 kB │ map:      1.27 kB
out/renderer/assets/phone-outgoing-CCYp_xY4.js                           0.43 kB │ gzip:     0.29 kB │ map:      1.23 kB
out/renderer/assets/scan-heart-BIpk6IQW.js                               0.43 kB │ gzip:     0.28 kB │ map:      1.34 kB
out/renderer/assets/squirrel-Bnuk6gkJ.js                                 0.43 kB │ gzip:     0.29 kB │ map:      1.26 kB
out/renderer/assets/piggy-bank-BLUAYYsf.js                               0.44 kB │ gzip:     0.28 kB │ map:      1.21 kB
out/renderer/assets/plane-landing-uOVTr0xm.js                            0.44 kB │ gzip:     0.32 kB │ map:      1.16 kB
out/renderer/assets/sliders-horizontal-BV96K3UL.js                       0.44 kB │ gzip:     0.25 kB │ map:      1.60 kB
out/renderer/assets/align-center-vertical-B1-VCj9L.js                    0.44 kB │ gzip:     0.27 kB │ map:      1.36 kB
out/renderer/assets/map-vPex8yEP.js                                      0.44 kB │ gzip:     0.28 kB │ map:      1.19 kB
out/renderer/assets/phone-forwarded-uUiiqJfR.js                          0.44 kB │ gzip:     0.29 kB │ map:      1.24 kB
out/renderer/assets/shopping-basket-DAzkF2i8.js                          0.44 kB │ gzip:     0.28 kB │ map:      1.45 kB
out/renderer/assets/toolbox-Cglqqy15.js                                  0.44 kB │ gzip:     0.27 kB │ map:      1.32 kB
out/renderer/assets/clipboard-list-BXc5tZHV.js                           0.44 kB │ gzip:     0.28 kB │ map:      1.49 kB
out/renderer/assets/shelving-unit-Bq70NGiY.js                            0.44 kB │ gzip:     0.26 kB │ map:      1.44 kB
out/renderer/assets/sticker-D09W_Xa5.js                                  0.44 kB │ gzip:     0.28 kB │ map:      1.32 kB
out/renderer/assets/wifi-pen-D8NOvKm6.js                                 0.44 kB │ gzip:     0.30 kB │ map:      1.27 kB
out/renderer/assets/zap-off-BB991Yv1.js                                  0.44 kB │ gzip:     0.30 kB │ map:      1.26 kB
out/renderer/assets/align-center-horizontal-BnUI1ZVS.js                  0.44 kB │ gzip:     0.27 kB │ map:      1.37 kB
out/renderer/assets/badge-pound-sterling--d67uacl.js                     0.44 kB │ gzip:     0.27 kB │ map:      1.33 kB
out/renderer/assets/notebook-text-BdhjgnWn.js                            0.44 kB │ gzip:     0.27 kB │ map:      1.56 kB
out/renderer/assets/server-crash-CwHqvriG.js                             0.44 kB │ gzip:     0.26 kB │ map:      1.38 kB
out/renderer/assets/book-open-text-Dn17juoH.js                           0.44 kB │ gzip:     0.26 kB │ map:      1.43 kB
out/renderer/assets/cable-car-DQBt1gQC.js                                0.44 kB │ gzip:     0.28 kB │ map:      1.54 kB
out/renderer/assets/calendar-range-DyKVPt7U.js                           0.44 kB │ gzip:     0.28 kB │ map:      1.57 kB
out/renderer/assets/carrot-mYCNQ09D.js                                   0.44 kB │ gzip:     0.30 kB │ map:      1.20 kB
out/renderer/assets/eye-off-D8dr7JVV.js                                  0.44 kB │ gzip:     0.28 kB │ map:      1.31 kB
out/renderer/assets/hand-coins-D0vGakMx.js                               0.44 kB │ gzip:     0.31 kB │ map:      1.40 kB
out/renderer/assets/package-check-COU5zZ1Q.js                            0.44 kB │ gzip:     0.30 kB │ map:      1.36 kB
out/renderer/assets/flashlight-off-C6_1t06F.js                           0.44 kB │ gzip:     0.30 kB │ map:      1.38 kB
out/renderer/assets/spotlight-qMOeKYvQ.js                                0.44 kB │ gzip:     0.30 kB │ map:      1.34 kB
out/renderer/assets/tags-DEJLCY6L.js                                     0.44 kB │ gzip:     0.30 kB │ map:      1.25 kB
out/renderer/assets/transgender-MnqoXpXc.js                              0.44 kB │ gzip:     0.27 kB │ map:      1.53 kB
out/renderer/assets/briefcase-conveyor-belt-CtjqD1rU.js                  0.44 kB │ gzip:     0.28 kB │ map:      1.55 kB
out/renderer/assets/camera-off-2heKYfAw.js                               0.44 kB │ gzip:     0.30 kB │ map:      1.30 kB
out/renderer/assets/headphone-off-BFLG2Z6q.js                            0.44 kB │ gzip:     0.28 kB │ map:      1.36 kB
out/renderer/assets/map-minus-DIAMHnPy.js                                0.44 kB │ gzip:     0.29 kB │ map:      1.27 kB
out/renderer/assets/chart-candlestick-0-XNX8AG.js                        0.44 kB │ gzip:     0.29 kB │ map:      1.58 kB
out/renderer/assets/construction-BVTQXJtO.js                             0.44 kB │ gzip:     0.28 kB │ map:      1.57 kB
out/renderer/assets/biceps-flexed-CkmjcXOQ.js                            0.45 kB │ gzip:     0.32 kB │ map:      1.24 kB
out/renderer/assets/boom-box-bKDOJhB1.js                                 0.45 kB │ gzip:     0.28 kB │ map:      1.54 kB
out/renderer/assets/castle-CXGKc4Gu.js                                   0.45 kB │ gzip:     0.27 kB │ map:      1.48 kB
out/renderer/assets/clover-BW_Uougk.js                                   0.45 kB │ gzip:     0.26 kB │ map:      1.20 kB
out/renderer/assets/file-type-corner-DAnlEO37.js                         0.45 kB │ gzip:     0.29 kB │ map:      1.38 kB
out/renderer/assets/ruler-dimension-line-3857mte1.js                     0.45 kB │ gzip:     0.27 kB │ map:      1.60 kB
out/renderer/assets/sunrise-B4nt72hF.js                                  0.45 kB │ gzip:     0.27 kB │ map:      1.49 kB
out/renderer/assets/sunset-DdDl_axb.js                                   0.45 kB │ gzip:     0.27 kB │ map:      1.48 kB
out/renderer/assets/calendar-heart-UIZwXAvC.js                           0.45 kB │ gzip:     0.29 kB │ map:      1.38 kB
out/renderer/assets/file-signal-B_5Rswvi.js                              0.45 kB │ gzip:     0.29 kB │ map:      1.35 kB
out/renderer/assets/ham-CAhqnM_W.js                                      0.45 kB │ gzip:     0.28 kB │ map:      1.29 kB
out/renderer/assets/house-plug-CgvKKkdl.js                               0.45 kB │ gzip:     0.27 kB │ map:      1.30 kB
out/renderer/assets/layers-BfbcC_-X.js                                   0.45 kB │ gzip:     0.26 kB │ map:      1.27 kB
out/renderer/assets/scan-face-Bp13zwfj.js                                0.45 kB │ gzip:     0.27 kB │ map:      1.44 kB
out/renderer/assets/bot-off-DUYOEuiX.js                                  0.45 kB │ gzip:     0.27 kB │ map:      1.43 kB
out/renderer/assets/chunk-FOC6F5B3-BKYXqvYy.js                           0.45 kB │ gzip:     0.31 kB │ map:      1.94 kB
out/renderer/assets/octagon-x-OjjqXqB-.js                                0.45 kB │ gzip:     0.28 kB │ map:      1.22 kB
out/renderer/assets/sliders-vertical-Db5BZYpk.js                         0.45 kB │ gzip:     0.26 kB │ map:      1.59 kB
out/renderer/assets/phone-call-CUiNBZay.js                               0.45 kB │ gzip:     0.29 kB │ map:      1.23 kB
out/renderer/assets/wine-off-DA1xWsB2.js                                 0.45 kB │ gzip:     0.32 kB │ map:      1.38 kB
out/renderer/assets/alarm-smoke-Cy9xQNg9.js                              0.45 kB │ gzip:     0.27 kB │ map:      1.34 kB
out/renderer/assets/barrel-DWfma75o.js                                   0.45 kB │ gzip:     0.26 kB │ map:      1.34 kB
out/renderer/assets/clock-fading-DQkqZT6d.js                             0.45 kB │ gzip:     0.28 kB │ map:      1.40 kB
out/renderer/assets/file-sliders-DxjaZdLm.js                             0.45 kB │ gzip:     0.28 kB │ map:      1.42 kB
out/renderer/assets/folder-sync-BeapaEgg.js                              0.45 kB │ gzip:     0.29 kB │ map:      1.36 kB
out/renderer/assets/group-BYKU00lI.js                                    0.45 kB │ gzip:     0.29 kB │ map:      1.47 kB
out/renderer/assets/file-pen-D1Ep4kAE.js                                 0.45 kB │ gzip:     0.31 kB │ map:      1.25 kB
out/renderer/assets/file-type-B1kAFmOH.js                                0.45 kB │ gzip:     0.29 kB │ map:      1.35 kB
out/renderer/assets/octagon-pause-Dg-4dvs9.js                            0.45 kB │ gzip:     0.27 kB │ map:      1.24 kB
out/renderer/assets/unplug-CZgqVJQ1.js                                   0.45 kB │ gzip:     0.27 kB │ map:      1.41 kB
out/renderer/assets/clipboard-pen-oeIFEYp5.js                            0.45 kB │ gzip:     0.31 kB │ map:      1.36 kB
out/renderer/assets/megaphone-off-DVTb3NP3.js                            0.45 kB │ gzip:     0.30 kB │ map:      1.35 kB
out/renderer/assets/chunk-2KRD3SAO-DF1TIlo1.js                           0.45 kB │ gzip:     0.31 kB │ map:      1.93 kB
out/renderer/assets/file-spreadsheet-DF-jivSb.js                         0.45 kB │ gzip:     0.28 kB │ map:      1.45 kB
out/renderer/assets/repeat-off-jHF9FuO9.js                               0.45 kB │ gzip:     0.29 kB │ map:      1.45 kB
out/renderer/assets/bean-off-vmcrU3f_.js                                 0.46 kB │ gzip:     0.32 kB │ map:      1.36 kB
out/renderer/assets/octagon-alert-C8Gafo7o.js                            0.46 kB │ gzip:     0.27 kB │ map:      1.24 kB
out/renderer/assets/van-BOxQuQK1.js                                      0.46 kB │ gzip:     0.30 kB │ map:      1.39 kB
out/renderer/assets/chunk-67CJDMHE-CNc6ORzy.js                           0.46 kB │ gzip:     0.31 kB │ map:      1.98 kB
out/renderer/assets/chunk-KGLVRYIC-81YGees3.js                           0.46 kB │ gzip:     0.32 kB │ map:      1.92 kB
out/renderer/assets/badge-japanese-yen-CNF_1FfV.js                       0.46 kB │ gzip:     0.27 kB │ map:      1.39 kB
out/renderer/assets/file-archive-Bm3cuD4c.js                             0.46 kB │ gzip:     0.30 kB │ map:      1.46 kB
out/renderer/assets/wand-Gx5evVIt.js                                     0.46 kB │ gzip:     0.27 kB │ map:      1.55 kB
out/renderer/assets/shredder-CS6lfe8P.js                                 0.46 kB │ gzip:     0.28 kB │ map:      1.47 kB
out/renderer/assets/atom-kRubnAy0.js                                     0.46 kB │ gzip:     0.30 kB │ map:      1.27 kB
out/renderer/assets/database-backup-Cyn8cKMO.js                          0.46 kB │ gzip:     0.31 kB │ map:      1.49 kB
out/renderer/assets/milk-off-CwgvrbOc.js                                 0.46 kB │ gzip:     0.31 kB │ map:      1.33 kB
out/renderer/assets/replace-CSidsrIJ.js                                  0.46 kB │ gzip:     0.29 kB │ map:      1.50 kB
out/renderer/assets/route-off-IQ3CmmsI.js                                0.46 kB │ gzip:     0.30 kB │ map:      1.50 kB
out/renderer/assets/chart-network-B_KNLaK9.js                            0.46 kB │ gzip:     0.29 kB │ map:      1.56 kB
out/renderer/assets/chess-rook-BnJLm2kn.js                               0.46 kB │ gzip:     0.27 kB │ map:      1.47 kB
out/renderer/assets/combine-xyYuhVPs.js                                  0.46 kB │ gzip:     0.27 kB │ map:      1.49 kB
out/renderer/assets/medal-Dl5YuiDo.js                                    0.46 kB │ gzip:     0.30 kB │ map:      1.43 kB
out/renderer/assets/rocket-Dp4ypber.js                                   0.46 kB │ gzip:     0.31 kB │ map:      1.33 kB
out/renderer/assets/church-46XA5BG9.js                                   0.46 kB │ gzip:     0.30 kB │ map:      1.38 kB
out/renderer/assets/keyboard-C1zLwUaU.js                                 0.46 kB │ gzip:     0.26 kB │ map:      1.64 kB
out/renderer/assets/traffic-cone-DpVxyEJ0.js                             0.46 kB │ gzip:     0.31 kB │ map:      1.32 kB
out/renderer/assets/ear-off-Cx7iwP16.js                                  0.47 kB │ gzip:     0.32 kB │ map:      1.36 kB
out/renderer/assets/sandwich-DBMy8CPX.js                                 0.47 kB │ gzip:     0.31 kB │ map:      1.38 kB
out/renderer/assets/car-taxi-front-C4s7-RlF.js                           0.47 kB │ gzip:     0.31 kB │ map:      1.55 kB
out/renderer/assets/leafy-green-kqcEdAqu.js                              0.47 kB │ gzip:     0.32 kB │ map:      1.18 kB
out/renderer/assets/rabbit-n5szTShI.js                                   0.47 kB │ gzip:     0.31 kB │ map:      1.35 kB
out/renderer/assets/radio-off-BV4lzt0Y.js                                0.47 kB │ gzip:     0.30 kB │ map:      1.40 kB
out/renderer/assets/rat-C-4EDl_d.js                                      0.47 kB │ gzip:     0.31 kB │ map:      1.34 kB
out/renderer/assets/fence-CczqfS9f.js                                    0.47 kB │ gzip:     0.25 kB │ map:      1.44 kB
out/renderer/assets/file-video-camera-KSp7Zrg9.js                        0.47 kB │ gzip:     0.33 kB │ map:      1.43 kB
out/renderer/assets/flower-2-_twJVlks.js                                 0.47 kB │ gzip:     0.30 kB │ map:      1.39 kB
out/renderer/assets/pizza-BeJ5x02N.js                                    0.47 kB │ gzip:     0.30 kB │ map:      1.35 kB
out/renderer/assets/squares-subtract-BTfHtSop.js                         0.47 kB │ gzip:     0.27 kB │ map:      1.47 kB
out/renderer/assets/chess-king-S5yYkeb8.js                               0.47 kB │ gzip:     0.32 kB │ map:      1.32 kB
out/renderer/assets/notebook-tabs-swEKqF0O.js                            0.47 kB │ gzip:     0.28 kB │ map:      1.65 kB
out/renderer/assets/rose-cacK_T7M.js                                     0.47 kB │ gzip:     0.33 kB │ map:      1.39 kB
out/renderer/assets/shrimp-BpMuF40P.js                                   0.47 kB │ gzip:     0.31 kB │ map:      1.36 kB
out/renderer/assets/handshake-DnN4jX5L.js                                0.47 kB │ gzip:     0.30 kB │ map:      1.37 kB
out/renderer/assets/package-plus-DvzgBU2X.js                             0.47 kB │ gzip:     0.30 kB │ map:      1.45 kB
out/renderer/assets/container-Cr8-UIvH.js                                0.47 kB │ gzip:     0.31 kB │ map:      1.37 kB
out/renderer/assets/server-off-DQ6A8LSR.js                               0.47 kB │ gzip:     0.29 kB │ map:      1.41 kB
out/renderer/assets/hand-grab-BZFAytd0.js                                0.47 kB │ gzip:     0.26 kB │ map:      1.36 kB
out/renderer/assets/phone-off-D0H47ZTP.js                                0.47 kB │ gzip:     0.30 kB │ map:      1.28 kB
out/renderer/assets/amphora-DYjKseX0.js                                  0.48 kB │ gzip:     0.29 kB │ map:      1.41 kB
out/renderer/assets/bus-front-atHSIPC-.js                                0.48 kB │ gzip:     0.29 kB │ map:      1.64 kB
out/renderer/assets/footprints-iCzxmZJw.js                               0.48 kB │ gzip:     0.32 kB │ map:      1.35 kB
out/renderer/assets/forklift-B7CgZKXg.js                                 0.48 kB │ gzip:     0.30 kB │ map:      1.55 kB
out/renderer/assets/train-front-tunnel-BkDbj-_c.js                       0.48 kB │ gzip:     0.30 kB │ map:      1.51 kB
out/renderer/assets/file-pen-line-Bd9UIlJ_.js                            0.48 kB │ gzip:     0.31 kB │ map:      1.38 kB
out/renderer/assets/keyboard-music-CXe3Olmu.js                           0.48 kB │ gzip:     0.28 kB │ map:      1.67 kB
out/renderer/assets/shovel-DahQvCNj.js                                   0.48 kB │ gzip:     0.31 kB │ map:      1.27 kB
out/renderer/assets/package-x-UmI31Zgg.js                                0.48 kB │ gzip:     0.31 kB │ map:      1.44 kB
out/renderer/assets/panel-top-bottom-dashed-D9y0iFRY.js                  0.48 kB │ gzip:     0.28 kB │ map:      1.71 kB
out/renderer/assets/sticky-notes-kBfizpTw.js                             0.48 kB │ gzip:     0.27 kB │ map:      1.36 kB
out/renderer/assets/tickets-plane-CgOLIxsl.js                            0.48 kB │ gzip:     0.32 kB │ map:      1.54 kB
out/renderer/assets/volleyball-DW2VAqrA.js                               0.48 kB │ gzip:     0.30 kB │ map:      1.44 kB
out/renderer/assets/bus-FIDUNtPP.js                                      0.48 kB │ gzip:     0.31 kB │ map:      1.52 kB
out/renderer/assets/helicopter-BjK5jqdm.js                               0.48 kB │ gzip:     0.28 kB │ map:      1.55 kB
out/renderer/assets/map-plus-C5kTZKQc.js                                 0.48 kB │ gzip:     0.31 kB │ map:      1.37 kB
out/renderer/assets/radio-tower-CYW6TpNP.js                              0.48 kB │ gzip:     0.31 kB │ map:      1.51 kB
out/renderer/assets/key-square-D0yPY_wE.js                               0.48 kB │ gzip:     0.30 kB │ map:      1.29 kB
out/renderer/assets/school-fjb2k7YV.js                                   0.48 kB │ gzip:     0.31 kB │ map:      1.45 kB
out/renderer/assets/square-scissors-D57fQe03.js                          0.48 kB │ gzip:     0.30 kB │ map:      1.67 kB
out/renderer/assets/image-off-C-H6G91M.js                                0.48 kB │ gzip:     0.30 kB │ map:      1.58 kB
out/renderer/assets/pen-tool-DXiO2Jat.js                                 0.48 kB │ gzip:     0.31 kB │ map:      1.39 kB
out/renderer/assets/file-badge-BaPkRKRT.js                               0.48 kB │ gzip:     0.33 kB │ map:      1.38 kB
out/renderer/assets/panel-left-right-dashed-DExMSUo-.js                  0.48 kB │ gzip:     0.28 kB │ map:      1.71 kB
out/renderer/assets/sun-BoxMfotM.js                                      0.48 kB │ gzip:     0.27 kB │ map:      1.61 kB
out/renderer/assets/heart-handshake-B3kFs5b2.js                          0.48 kB │ gzip:     0.32 kB │ map:      1.16 kB
out/renderer/assets/cat-M1iayEFr.js                                      0.49 kB │ gzip:     0.33 kB │ map:      1.29 kB
out/renderer/assets/earth-lock-DEPg78rj.js                               0.49 kB │ gzip:     0.31 kB │ map:      1.48 kB
out/renderer/assets/origami-PrHxgSKt.js                                  0.49 kB │ gzip:     0.32 kB │ map:      1.28 kB
out/renderer/assets/waves-arrow-down-DSMMVpdR.js                         0.49 kB │ gzip:     0.31 kB │ map:      1.39 kB
out/renderer/assets/pointer-mnY8qqNY.js                                  0.49 kB │ gzip:     0.29 kB │ map:      1.38 kB
out/renderer/assets/wifi-off-CUXmOGa9.js                                 0.49 kB │ gzip:     0.29 kB │ map:      1.47 kB
out/renderer/assets/scan-eye-CmP3wX12.js                                 0.49 kB │ gzip:     0.30 kB │ map:      1.47 kB
out/renderer/assets/chess-knight-D-M9iLq5.js                             0.49 kB │ gzip:     0.32 kB │ map:      1.42 kB
out/renderer/assets/circle-fading-plus-BuzlktXV.js                       0.49 kB │ gzip:     0.29 kB │ map:      1.53 kB
out/renderer/assets/file-braces-corner-C7n5YZR7.js                       0.49 kB │ gzip:     0.29 kB │ map:      1.40 kB
out/renderer/assets/message-square-heart-CvKDiCqT.js                     0.49 kB │ gzip:     0.33 kB │ map:      1.28 kB
out/renderer/assets/tree-palm-YHj31PZw.js                                0.49 kB │ gzip:     0.34 kB │ map:      1.34 kB
out/renderer/assets/file-scan-DdwbuGvV.js                                0.49 kB │ gzip:     0.29 kB │ map:      1.45 kB
out/renderer/assets/beer-DLUaLB3T.js                                     0.49 kB │ gzip:     0.31 kB │ map:      1.37 kB
out/renderer/assets/cloud-sun-rain-D6iX2VAY.js                           0.49 kB │ gzip:     0.30 kB │ map:      1.57 kB
out/renderer/assets/file-chart-pie-D8TYQZAD.js                           0.49 kB │ gzip:     0.33 kB │ map:      1.39 kB
out/renderer/assets/sun-dim-BSJA-Yv3.js                                  0.49 kB │ gzip:     0.27 kB │ map:      1.63 kB
out/renderer/assets/tooltipContext-C1m2koDc.js                           0.49 kB │ gzip:     0.27 kB │ map:      2.95 kB
out/renderer/assets/chunk-CIAEETIT-Bbhua_5d.js                           0.50 kB │ gzip:     0.35 kB │ map:      2.06 kB
out/renderer/assets/ferris-wheel-CFJ7xy_a.js                             0.50 kB │ gzip:     0.30 kB │ map:      1.66 kB
out/renderer/assets/file-braces-BZcYrHXA.js                              0.50 kB │ gzip:     0.29 kB │ map:      1.37 kB
out/renderer/assets/hand-platter-S29TN9be.js                             0.50 kB │ gzip:     0.33 kB │ map:      1.47 kB
out/renderer/assets/save-off-B8uNgSuI.js                                 0.50 kB │ gzip:     0.31 kB │ map:      1.50 kB
out/renderer/assets/siren-ip7Fvj7p.js                                    0.50 kB │ gzip:     0.29 kB │ map:      1.55 kB
out/renderer/assets/soap-dispenser-droplet-FSt9hZM9.js                   0.50 kB │ gzip:     0.33 kB │ map:      1.43 kB
out/renderer/assets/package-search-5gUx-fkT.js                           0.50 kB │ gzip:     0.33 kB │ map:      1.51 kB
out/renderer/assets/settings-Pr862CSM.js                                 0.50 kB │ gzip:     0.27 kB │ map:      1.24 kB
out/renderer/assets/star-Bd0F1WW1.js                                     0.50 kB │ gzip:     0.31 kB │ map:      1.12 kB
out/renderer/assets/wifi-sync-ELsofeZ9.js                                0.50 kB │ gzip:     0.30 kB │ map:      1.49 kB
out/renderer/assets/circle-fading-arrow-up-BUGR4mOC.js                   0.50 kB │ gzip:     0.30 kB │ map:      1.56 kB
out/renderer/assets/clipboard-pen-line-BR_f8TXf.js                       0.50 kB │ gzip:     0.32 kB │ map:      1.51 kB
out/renderer/assets/thermometer-snowflake-DTbVEpOe.js                    0.50 kB │ gzip:     0.32 kB │ map:      1.62 kB
out/renderer/assets/map-pin-off-D8YykuzT.js                              0.50 kB │ gzip:     0.33 kB │ map:      1.41 kB
out/renderer/assets/microchip-5Z0Ymopp.js                                0.50 kB │ gzip:     0.28 kB │ map:      1.73 kB
out/renderer/assets/notebook-pen-BybeotzZ.js                             0.50 kB │ gzip:     0.30 kB │ map:      1.47 kB
out/renderer/assets/salad-BCSJpqGY.js                                    0.50 kB │ gzip:     0.30 kB │ map:      1.38 kB
out/renderer/assets/square-dashed-top-solid-DBmM0qdR.js                  0.50 kB │ gzip:     0.27 kB │ map:      1.68 kB
out/renderer/assets/trophy-BBOZkb7N.js                                   0.50 kB │ gzip:     0.29 kB │ map:      1.42 kB
out/renderer/assets/volume-off-CeVtMsFu.js                               0.50 kB │ gzip:     0.33 kB │ map:      1.40 kB
out/renderer/assets/lamp-desk-CFsJispD.js                                0.50 kB │ gzip:     0.32 kB │ map:      1.35 kB
out/renderer/assets/image-upscale-7zr6T-CD.js                            0.50 kB │ gzip:     0.31 kB │ map:      1.63 kB
out/renderer/assets/cable-X_twg0y_.js                                    0.51 kB │ gzip:     0.28 kB │ map:      1.52 kB
out/renderer/assets/calendar-days-DM_SqD2j.js                            0.51 kB │ gzip:     0.27 kB │ map:      1.77 kB
out/renderer/assets/folder-tree-BtUsOb9s.js                              0.51 kB │ gzip:     0.28 kB │ map:      1.38 kB
out/renderer/assets/ship-DZ_-0QRV.js                                     0.51 kB │ gzip:     0.30 kB │ map:      1.41 kB
out/renderer/assets/sparkles-vQ8t7WCW.js                                 0.51 kB │ gzip:     0.29 kB │ map:      1.37 kB
out/renderer/assets/webhook-off-or086KPs.js                              0.51 kB │ gzip:     0.32 kB │ map:      1.51 kB
out/renderer/assets/circle-star-Cot1qYXi.js                              0.51 kB │ gzip:     0.33 kB │ map:      1.25 kB
out/renderer/assets/solar-panel-CzsqI2Ha.js                              0.51 kB │ gzip:     0.32 kB │ map:      1.54 kB
out/renderer/assets/sun-medium-8_isvQ4X.js                               0.51 kB │ gzip:     0.29 kB │ map:      1.65 kB
out/renderer/assets/layers-plus-CzJT7FUK.js                              0.51 kB │ gzip:     0.30 kB │ map:      1.41 kB
out/renderer/assets/store-DhkqoK_T.js                                    0.51 kB │ gzip:     0.29 kB │ map:      1.28 kB
out/renderer/assets/blender-BDKu-0Rt.js                                  0.51 kB │ gzip:     0.32 kB │ map:      1.46 kB
out/renderer/assets/cake-C5x94w1x.js                                     0.51 kB │ gzip:     0.28 kB │ map:      1.60 kB
out/renderer/assets/drill-CQ4RFnMr.js                                    0.51 kB │ gzip:     0.29 kB │ map:      1.47 kB
out/renderer/assets/pointer-off-CMvbWxi2.js                              0.52 kB │ gzip:     0.32 kB │ map:      1.50 kB
out/renderer/assets/scan-qr-code-B1bTgbsB.js                             0.52 kB │ gzip:     0.31 kB │ map:      1.64 kB
out/renderer/assets/calendar-sync-CnK1s359.js                            0.52 kB │ gzip:     0.30 kB │ map:      1.59 kB
out/renderer/assets/cctv-DxmTpHWa.js                                     0.52 kB │ gzip:     0.32 kB │ map:      1.42 kB
out/renderer/assets/palette-CeCIt55T.js                                  0.52 kB │ gzip:     0.28 kB │ map:      1.59 kB
out/renderer/assets/square-star-Sfe5gEId.js                              0.52 kB │ gzip:     0.34 kB │ map:      1.29 kB
out/renderer/assets/hand-heart-CYinUJnS.js                               0.52 kB │ gzip:     0.35 kB │ map:      1.39 kB
out/renderer/assets/shower-head-nQnohw57.js                              0.52 kB │ gzip:     0.28 kB │ map:      1.70 kB
out/renderer/assets/wand-sparkles-DMP_J1kF.js                            0.52 kB │ gzip:     0.30 kB │ map:      1.64 kB
out/renderer/assets/broccoli-Bx_l3gMj.js                                 0.53 kB │ gzip:     0.34 kB │ map:      1.39 kB
out/renderer/assets/zodiac-aquarius-CW8H8F--.js                          0.53 kB │ gzip:     0.26 kB │ map:      1.30 kB
out/renderer/assets/chunk-EDXVE4YY-B6ZsT7TZ.js                           0.53 kB │ gzip:     0.38 kB │ map:      2.00 kB
out/renderer/assets/chart-scatter-BgKgAXUV.js                            0.53 kB │ gzip:     0.27 kB │ map:      1.69 kB
out/renderer/assets/radar-dOHxJ_h5.js                                    0.53 kB │ gzip:     0.32 kB │ map:      1.59 kB
out/renderer/assets/refresh-cw-off-DfVHhrl1.js                           0.53 kB │ gzip:     0.33 kB │ map:      1.54 kB
out/renderer/assets/grip-AaVJkIyV.js                                     0.53 kB │ gzip:     0.24 kB │ map:      1.87 kB
out/renderer/assets/hotel-CVkUd7Pf.js                                    0.53 kB │ gzip:     0.30 kB │ map:      1.74 kB
out/renderer/assets/brick-wall-fire-19FRA7IO.js                          0.53 kB │ gzip:     0.33 kB │ map:      1.60 kB
out/renderer/assets/codeowners-CAOIqMCQ.js                               0.54 kB │ gzip:     0.31 kB │ map:      1.04 kB
out/renderer/assets/codeowners-xGw_sVE3.js                               0.54 kB │ gzip:     0.31 kB │ map:      1.06 kB
out/renderer/assets/dam-CReGjJ0t.js                                      0.54 kB │ gzip:     0.30 kB │ map:      1.53 kB
out/renderer/assets/panda-_hun6dcH.js                                    0.54 kB │ gzip:     0.33 kB │ map:      1.48 kB
out/renderer/assets/file-volume-BVOE_-YA.js                              0.54 kB │ gzip:     0.33 kB │ map:      1.42 kB
out/renderer/assets/ambulance-BElnrZsP.js                                0.54 kB │ gzip:     0.33 kB │ map:      1.62 kB
out/renderer/assets/ship-wheel-CqiWvORq.js                               0.55 kB │ gzip:     0.31 kB │ map:      1.78 kB
out/renderer/assets/star-off-D5zI5xGZ.js                                 0.55 kB │ gzip:     0.35 kB │ map:      1.34 kB
out/renderer/assets/university-4tT5oChm.js                               0.55 kB │ gzip:     0.33 kB │ map:      1.60 kB
out/renderer/assets/tool-case-Bc-2Uffz.js                                0.55 kB │ gzip:     0.36 kB │ map:      1.45 kB
out/renderer/assets/spray-can-C0phLbuc.js                                0.55 kB │ gzip:     0.31 kB │ map:      1.76 kB
out/renderer/assets/hand-fist-Cy6j-1pA.js                                0.55 kB │ gzip:     0.35 kB │ map:      1.39 kB
out/renderer/assets/keyboard-off-BLykVyQ7.js                             0.55 kB │ gzip:     0.31 kB │ map:      1.75 kB
out/renderer/assets/soup-D9UmRLyh.js                                     0.55 kB │ gzip:     0.30 kB │ map:      1.54 kB
out/renderer/assets/theater-BUhWI86U.js                                  0.55 kB │ gzip:     0.29 kB │ map:      1.67 kB
out/renderer/assets/unlink-Dtb61Gow.js                                   0.55 kB │ gzip:     0.32 kB │ map:      1.70 kB
out/renderer/assets/truck-electric-CVRo5EiZ.js                           0.56 kB │ gzip:     0.33 kB │ map:      1.68 kB
out/renderer/assets/user-star-Ozh14F-e.js                                0.56 kB │ gzip:     0.35 kB │ map:      1.35 kB
out/renderer/assets/calculator-BHPQgEwS.js                               0.56 kB │ gzip:     0.30 kB │ map:      1.87 kB
out/renderer/assets/guitar-BOUuZveZ.js                                   0.56 kB │ gzip:     0.34 kB │ map:      1.41 kB
out/renderer/assets/radiation-CIntCz5T.js                                0.56 kB │ gzip:     0.33 kB │ map:      1.46 kB
out/renderer/assets/memory-stick-BysSt8Fm.js                             0.56 kB │ gzip:     0.29 kB │ map:      1.86 kB
out/renderer/assets/bow-arrow-BEyQN5Zt.js                                0.56 kB │ gzip:     0.34 kB │ map:      1.47 kB
out/renderer/assets/heater-DAYW8oIQ.js                                   0.56 kB │ gzip:     0.29 kB │ map:      1.74 kB
out/renderer/assets/file-box-Dnonlh1R.js                                 0.57 kB │ gzip:     0.34 kB │ map:      1.49 kB
out/renderer/assets/paintbrush-ChPqNMyy.js                               0.57 kB │ gzip:     0.35 kB │ map:      1.38 kB
out/renderer/assets/tractor-DqM0N-Oy.js                                  0.57 kB │ gzip:     0.33 kB │ map:      1.72 kB
out/renderer/assets/flatten-CxcH9k3C.js                                  0.57 kB │ gzip:     0.34 kB │ map:      5.97 kB
out/renderer/assets/lasso-select--CRuqlQG.js                             0.57 kB │ gzip:     0.36 kB │ map:      1.51 kB
out/renderer/assets/message-square-dashed-BaRfhiMF.js                    0.57 kB │ gzip:     0.31 kB │ map:      1.80 kB
out/renderer/assets/cctv-off-DHTwSEuY.js                                 0.57 kB │ gzip:     0.35 kB │ map:      1.55 kB
out/renderer/assets/pencil-ruler-DfpEcByw.js                             0.57 kB │ gzip:     0.34 kB │ map:      1.60 kB
out/renderer/assets/grape-Kycy9v1i.js                                    0.57 kB │ gzip:     0.30 kB │ map:      1.88 kB
out/renderer/assets/triangle-dashed-a393fD37.js                          0.57 kB │ gzip:     0.32 kB │ map:      1.73 kB
out/renderer/assets/drone-B2y1PNGB.js                                    0.58 kB │ gzip:     0.33 kB │ map:      1.73 kB
out/renderer/assets/swords-Ct0wT-15.js                                   0.58 kB │ gzip:     0.30 kB │ map:      1.86 kB
out/renderer/assets/globe-off-Bfs3F2Db.js                                0.58 kB │ gzip:     0.32 kB │ map:      1.57 kB
out/renderer/assets/paint-bucket-tseAJKFZ.js                             0.58 kB │ gzip:     0.35 kB │ map:      1.46 kB
out/renderer/assets/layers-minus-x1RAYoE8.js                             0.58 kB │ gzip:     0.32 kB │ map:      1.53 kB
out/renderer/assets/drama-B6F_8vJn.js                                    0.58 kB │ gzip:     0.35 kB │ map:      1.65 kB
out/renderer/assets/vector-square-RgcGf8ds.js                            0.58 kB │ gzip:     0.28 kB │ map:      1.88 kB
out/renderer/assets/binoculars-m6Qf6qiN.js                               0.59 kB │ gzip:     0.31 kB │ map:      1.59 kB
out/renderer/assets/circle-dashed-Btvcqe2q.js                            0.59 kB │ gzip:     0.30 kB │ map:      1.68 kB
out/renderer/assets/dumbbell-B4vvmyBk.js                                 0.59 kB │ gzip:     0.32 kB │ map:      1.51 kB
out/renderer/assets/highlighted-body-OFNGDK62-C6DofCS9.js                0.59 kB │ gzip:     0.38 kB │ map:      1.24 kB
out/renderer/assets/table-columns-split-BerXcWv_.js                      0.59 kB │ gzip:     0.30 kB │ map:      1.87 kB
out/renderer/assets/beef-off-j9Fc6HHf.js                                 0.59 kB │ gzip:     0.37 kB │ map:      1.58 kB
out/renderer/assets/brain-jzuN4qGL.js                                    0.59 kB │ gzip:     0.32 kB │ map:      1.64 kB
out/renderer/assets/building-ExfyWmge.js                                 0.59 kB │ gzip:     0.30 kB │ map:      1.87 kB
out/renderer/assets/table-rows-split-BM3W-NVn.js                         0.59 kB │ gzip:     0.30 kB │ map:      1.86 kB
out/renderer/assets/package-open-BK4CMUua.js                             0.59 kB │ gzip:     0.34 kB │ map:      1.52 kB
out/renderer/assets/replace-all-BBuOmw-V.js                              0.59 kB │ gzip:     0.32 kB │ map:      1.78 kB
out/renderer/assets/chess-queen-B5jAcvEL.js                              0.59 kB │ gzip:     0.35 kB │ map:      1.75 kB
out/renderer/assets/square-dashed-CFMhECYD.js                            0.59 kB │ gzip:     0.29 kB │ map:      1.92 kB
out/renderer/assets/sun-snow-aIZz1eBm.js                                 0.59 kB │ gzip:     0.33 kB │ map:      1.83 kB
out/renderer/assets/candy-CPlKvQde.js                                    0.60 kB │ gzip:     0.32 kB │ map:      1.54 kB
out/renderer/assets/puzzle-9ydRQ09q.js                                   0.60 kB │ gzip:     0.29 kB │ map:      1.23 kB
out/renderer/assets/chunk-AA7GKIK3-lodT-4t6.js                           0.60 kB │ gzip:     0.39 kB │ map:      2.40 kB
out/renderer/assets/book-dashed-D3rHd9w-.js                              0.61 kB │ gzip:     0.31 kB │ map:      1.86 kB
out/renderer/assets/recycle-DbOxsHIw.js                                  0.61 kB │ gzip:     0.36 kB │ map:      1.63 kB
out/renderer/assets/ribbon-DdXg4PRN.js                                   0.61 kB │ gzip:     0.38 kB │ map:      1.51 kB
out/renderer/assets/infoDiagram-42DDH7IO-DGVxRfNx.js                     0.61 kB │ gzip:     0.40 kB │ map:      1.99 kB
out/renderer/assets/flower-Y5joe0M7.js                                   0.61 kB │ gzip:     0.32 kB │ map:      1.84 kB
out/renderer/assets/pickaxe-Bruya-Lv.js                                  0.62 kB │ gzip:     0.36 kB │ map:      1.51 kB
out/renderer/assets/croissant-Cec6JDbG.js                                0.62 kB │ gzip:     0.34 kB │ map:      1.52 kB
out/renderer/assets/nut-DQlCB19j.js                                      0.62 kB │ gzip:     0.41 kB │ map:      1.39 kB
out/renderer/assets/dna-off-BrBtsWbk.js                                  0.62 kB │ gzip:     0.36 kB │ map:      1.80 kB
out/renderer/assets/message-circle-dashed-ymJtz5kB.js                    0.63 kB │ gzip:     0.34 kB │ map:      1.75 kB
out/renderer/assets/satellite-CvEFLLDM.js                                0.63 kB │ gzip:     0.32 kB │ map:      1.60 kB
out/renderer/assets/fingerprint-pattern-6z9petdK.js                      0.64 kB │ gzip:     0.37 kB │ map:      1.81 kB
out/renderer/assets/bug-B2My0xVL.js                                      0.64 kB │ gzip:     0.33 kB │ map:      1.87 kB
out/renderer/assets/fish-NoRO5OXA.js                                     0.64 kB │ gzip:     0.40 kB │ map:      1.64 kB
out/renderer/assets/telescope-CYSvFZbl.js                                0.64 kB │ gzip:     0.39 kB │ map:      1.73 kB
out/renderer/assets/square-dashed-mouse-pointer-DuMTinw5.js              0.64 kB │ gzip:     0.35 kB │ map:      1.94 kB
out/renderer/assets/beer-off-Ui4EDpNU.js                                 0.65 kB │ gzip:     0.39 kB │ map:      1.74 kB
out/renderer/assets/gamepad-2-Cr5bF64K.js                                0.65 kB │ gzip:     0.40 kB │ map:      1.71 kB
out/renderer/assets/squares-intersect-bi8c7zgu.js                        0.65 kB │ gzip:     0.31 kB │ map:      1.95 kB
out/renderer/assets/chunk-ORNJ4GCN-DndKo1h4.js                           0.65 kB │ gzip:     0.41 kB │ map:      2.62 kB
out/renderer/assets/cpu-Ce1OVpsx.js                                      0.65 kB │ gzip:     0.30 kB │ map:      2.17 kB
out/renderer/assets/dna-DiOII7_1.js                                      0.65 kB │ gzip:     0.35 kB │ map:      1.88 kB
out/renderer/assets/snowflake-Bow6cklm.js                                0.65 kB │ gzip:     0.35 kB │ map:      1.97 kB
out/renderer/assets/squircle-dashed-DJQd4dk-.js                          0.66 kB │ gzip:     0.36 kB │ map:      1.75 kB
out/renderer/assets/notepad-text-dashed-BVObbiP3.js                      0.66 kB │ gzip:     0.32 kB │ map:      2.07 kB
out/renderer/assets/bug-play-Cn61jhN_.js                                 0.66 kB │ gzip:     0.36 kB │ map:      1.81 kB
out/renderer/assets/cannabis-off-D8Q4kaMI.js                             0.66 kB │ gzip:     0.42 kB │ map:      1.70 kB
out/renderer/assets/brick-wall-shield-oqiojQlk.js                        0.67 kB │ gzip:     0.39 kB │ map:      1.79 kB
out/renderer/assets/stateDiagram-v2-QKLJ7IA2-DvJShrj0.js                 0.67 kB │ gzip:     0.40 kB │ map:      1.39 kB
out/renderer/assets/circle-dot-dashed-Cg0MEa3O.js                        0.67 kB │ gzip:     0.34 kB │ map:      1.86 kB
out/renderer/assets/user-cog-BHO6HaIY.js                                 0.67 kB │ gzip:     0.35 kB │ map:      1.97 kB
out/renderer/assets/dog-C2x9DN2Z.js                                      0.67 kB │ gzip:     0.43 kB │ map:      1.57 kB
out/renderer/assets/cloud-cog-CCNjE4sN.js                                0.67 kB │ gzip:     0.36 kB │ map:      1.83 kB
out/renderer/assets/qr-code-ChqahPjk.js                                  0.68 kB │ gzip:     0.33 kB │ map:      2.13 kB
out/renderer/assets/receipt-turkish-lira-CGvyRDaI.js                     0.68 kB │ gzip:     0.31 kB │ map:      1.50 kB
out/renderer/assets/columns-3-cog-BAFNAeVk.js                            0.68 kB │ gzip:     0.36 kB │ map:      2.04 kB
out/renderer/assets/candy-off-xjH_bYCT.js                                0.68 kB │ gzip:     0.36 kB │ map:      1.75 kB
out/renderer/assets/receipt-CB6QZpxD.js                                  0.68 kB │ gzip:     0.30 kB │ map:      1.44 kB
out/renderer/assets/receipt-russian-ruble-BJPysg8e.js                    0.68 kB │ gzip:     0.31 kB │ map:      1.51 kB
out/renderer/assets/timeline-BMpAPXO3.js                                 0.68 kB │ gzip:     0.30 kB │ map:      1.82 kB
out/renderer/assets/user-round-cog-n461Tc01.js                           0.68 kB │ gzip:     0.36 kB │ map:      2.01 kB
out/renderer/assets/fish-off-BPGKQCia.js                                 0.69 kB │ gzip:     0.44 kB │ map:      1.52 kB
out/renderer/assets/receipt-text-DVVTup8-.js                             0.69 kB │ gzip:     0.30 kB │ map:      1.53 kB
out/renderer/assets/modulepreload-polyfill-CSRv37U6.js                   0.69 kB │ gzip:     0.39 kB
out/renderer/assets/vault-BzgBV7Vg.js                                    0.69 kB │ gzip:     0.33 kB │ map:      2.11 kB
out/renderer/assets/receipt-swiss-franc-BS_dznUR.js                      0.70 kB │ gzip:     0.31 kB │ map:      1.58 kB
out/renderer/assets/cog-CaAYioxu.js                                      0.70 kB │ gzip:     0.35 kB │ map:      2.16 kB
out/renderer/assets/biohazard-BrHSL-pM.js                                0.71 kB │ gzip:     0.41 kB │ map:      1.92 kB
out/renderer/assets/square-dashed-text-C0szxSMO.js                       0.71 kB │ gzip:     0.32 kB │ map:      2.24 kB
out/renderer/assets/shellsession-6QZIV-_i.js                             0.71 kB │ gzip:     0.43 kB │ map:      1.30 kB
out/renderer/assets/shellsession-Dg44QsHe.js                             0.71 kB │ gzip:     0.43 kB │ map:      1.28 kB
out/renderer/assets/square-dashed-kanban-Bh2rhibH.js                     0.71 kB │ gzip:     0.33 kB │ map:      2.25 kB
out/renderer/assets/folder-cog-Bypvy_jt.js                               0.71 kB │ gzip:     0.38 kB │ map:      1.96 kB
out/renderer/assets/monitor-cog-Biy6Ljc0.js                              0.71 kB │ gzip:     0.36 kB │ map:      2.07 kB
out/renderer/assets/receipt-indian-rupee-DPsbelSb.js                     0.71 kB │ gzip:     0.32 kB │ map:      1.60 kB
out/renderer/assets/bug-off-fLNxVqUc.js                                  0.71 kB │ gzip:     0.37 kB │ map:      2.01 kB
out/renderer/assets/receipt-euro-qfKRw4b3.js                             0.71 kB │ gzip:     0.32 kB │ map:      1.51 kB
out/renderer/assets/receipt-cent-BDDAlR-y.js                             0.71 kB │ gzip:     0.32 kB │ map:      1.51 kB
out/renderer/assets/receipt-pound-sterling-BAkm2vEH.js                   0.71 kB │ gzip:     0.32 kB │ map:      1.61 kB
out/renderer/assets/component-ClNwXewz.js                                0.72 kB │ gzip:     0.28 kB │ map:      1.65 kB
out/renderer/assets/tsv-CRy-pT-K.js                                      0.73 kB │ gzip:     0.33 kB │ map:      1.35 kB
out/renderer/assets/tsv-Cmo_6Khb.js                                      0.73 kB │ gzip:     0.33 kB │ map:      1.33 kB
out/renderer/assets/nut-off-B0a666hl.js                                  0.73 kB │ gzip:     0.46 kB │ map:      1.69 kB
out/renderer/assets/receipt-japanese-yen-4qX6aqnS.js                     0.74 kB │ gzip:     0.32 kB │ map:      1.68 kB
out/renderer/assets/classDiagram-6PBFFD2Q-DfwI_c6Q.js                    0.74 kB │ gzip:     0.43 kB │ map:      1.44 kB
out/renderer/assets/classDiagram-v2-HSJHXN6E-bjbDiS-G.js                 0.74 kB │ gzip:     0.43 kB │ map:      1.45 kB
out/renderer/assets/wifi-cog-Bo__O4-R.js                                 0.75 kB │ gzip:     0.39 kB │ map:      2.08 kB
out/renderer/assets/shield-cog-corner-Ch79MHEC.js                        0.75 kB │ gzip:     0.41 kB │ map:      2.04 kB
out/renderer/assets/gamepad-directional-nc2edeqJ.js                      0.76 kB │ gzip:     0.36 kB │ map:      1.74 kB
out/renderer/assets/party-popper-OiOvglq-.js                             0.76 kB │ gzip:     0.43 kB │ map:      1.97 kB
out/renderer/assets/shield-cog-BjHsXhLr.js                               0.77 kB │ gzip:     0.42 kB │ map:      2.02 kB
out/renderer/assets/calendar-cog-CqFOAXtY.js                             0.77 kB │ gzip:     0.40 kB │ map:      2.19 kB
out/renderer/assets/file-cog-tp2qxpVw.js                                 0.78 kB │ gzip:     0.41 kB │ map:      2.15 kB
out/renderer/assets/brain-circuit-BJrn9qB4.js                            0.83 kB │ gzip:     0.42 kB │ map:      2.36 kB
out/renderer/assets/linearClosed-BCLZhGyx.js                             0.84 kB │ gzip:     0.31 kB │ map:      2.58 kB
out/renderer/assets/html-derivative-CboPMFel.js                          0.84 kB │ gzip:     0.45 kB │ map:      1.40 kB
out/renderer/assets/html-derivative-DT710WjW.js                          0.84 kB │ gzip:     0.46 kB │ map:      1.38 kB
out/renderer/assets/shim-ujsfnFFr.js                                     0.84 kB │ gzip:     0.45 kB │ map:      3.57 kB
out/renderer/assets/server-cog-B4ezj_aj.js                               0.86 kB │ gzip:     0.40 kB │ map:      2.24 kB
out/renderer/assets/boxes-CM3w1Mja.js                                    0.88 kB │ gzip:     0.42 kB │ map:      2.26 kB
out/renderer/assets/chunk-7N4EOEYR-DLu2UgiZ.js                           0.90 kB │ gzip:     0.49 kB │ map:      3.36 kB
out/renderer/assets/square-bottom-dashed-scissors-B_ZEeW-Q.js            0.91 kB │ gzip:     0.43 kB │ map:      2.82 kB
out/renderer/assets/wheat-C6yvY_SP.js                                    0.91 kB │ gzip:     0.36 kB │ map:      2.14 kB
out/renderer/assets/line-C3eMsgkP.js                                     0.94 kB │ gzip:     0.47 kB │ map:      3.39 kB
out/renderer/assets/chunk-ZZ45TVLE-bT-SqI_k.js                           0.95 kB │ gzip:     0.58 kB │ map:      3.25 kB
out/renderer/assets/wheat-off-DLhWEOVB.js                                0.96 kB │ gzip:     0.47 kB │ map:      2.34 kB
out/renderer/assets/git-rebase-CHTotSyU.js                               0.98 kB │ gzip:     0.44 kB │ map:      1.66 kB
out/renderer/assets/git-rebase-DzfQMhMi.js                               0.98 kB │ gzip:     0.44 kB │ map:      1.64 kB
out/renderer/assets/hop-off-COMBr3a7.js                                  0.99 kB │ gzip:     0.54 kB │ map:      2.26 kB
out/renderer/assets/qmldir-Bp-EjmHp.js                                   0.99 kB │ gzip:     0.44 kB │ map:      1.69 kB
out/renderer/assets/qmldir-ByoCr-v0.js                                   0.99 kB │ gzip:     0.44 kB │ map:      1.71 kB
out/renderer/assets/keyboardShortcuts-CCI3svm9.js                        1.04 kB │ gzip:     0.51 kB │ map:      5.39 kB
out/renderer/assets/brain-cog-LdGk_-EU.js                                1.04 kB │ gzip:     0.49 kB │ map:      2.64 kB
out/renderer/assets/hop-CSZqwcdI.js                                      1.05 kB │ gzip:     0.56 kB │ map:      2.30 kB
out/renderer/assets/resource-manager-DWI_7fXV.js                         1.10 kB │ gzip:     0.54 kB │ map:      3.43 kB
out/renderer/assets/previewPanePdfContent-D7BQNasD.js                    1.10 kB │ gzip:     0.63 kB │ map:      1.23 kB
out/renderer/assets/logger-B1GnDPt-.js                                   1.12 kB │ gzip:     0.57 kB │ map:      5.71 kB
out/renderer/assets/csv-7Vop7w2j.js                                      1.13 kB │ gzip:     0.36 kB │ map:      1.95 kB
out/renderer/assets/csv-BqBKvy4z.js                                      1.13 kB │ gzip:     0.36 kB │ map:      1.97 kB
out/renderer/assets/isEmpty-dm7dIskN.js                                  1.16 kB │ gzip:     0.63 kB │ map:      7.89 kB
out/renderer/assets/ordinal-BTzSIoD6.js                                  1.18 kB │ gzip:     0.57 kB │ map:      4.66 kB
out/renderer/assets/preload-helper-BHSF1fZ9.js                           1.20 kB │ gzip:     0.68 kB
out/renderer/assets/git-commit-BKq83fYc.js                               1.22 kB │ gzip:     0.52 kB │ map:      2.01 kB
out/renderer/assets/git-commit-o1f0wYb1.js                               1.22 kB │ gzip:     0.52 kB │ map:      1.99 kB
out/renderer/assets/pie-D-wS3rMH.js                                      1.25 kB │ gzip:     0.57 kB │ map:      4.62 kB
out/renderer/assets/chunk-D-fkvfCP.js                                    1.26 kB │ gzip:     0.69 kB
out/renderer/assets/xsl-BWaDrQqO.js                                      1.36 kB │ gzip:     0.49 kB │ map:      2.15 kB
out/renderer/assets/xsl-CrEfegG5.js                                      1.36 kB │ gzip:     0.49 kB │ map:      2.17 kB
out/renderer/assets/dotenv-O_Uz9s1v.js                                   1.41 kB │ gzip:     0.52 kB │ map:      2.29 kB
out/renderer/assets/dotenv-pvzZESKD.js                                   1.41 kB │ gzip:     0.52 kB │ map:      2.31 kB
out/renderer/assets/chunk-LIHQZDEY-BcZ0HT8_.js                           1.46 kB │ gzip:     0.78 kB │ map:      5.64 kB
out/renderer/assets/sparql-Beez9tVH.js                                   1.47 kB │ gzip:     0.81 kB │ map:      2.08 kB
out/renderer/assets/sparql-Cif2s5Iy.js                                   1.47 kB │ gzip:     0.81 kB │ map:      2.07 kB
out/renderer/assets/ini-BgqNIWRm.js                                      1.51 kB │ gzip:     0.49 kB │ map:      2.43 kB
out/renderer/assets/ini-ByvRUAUW.js                                      1.51 kB │ gzip:     0.49 kB │ map:      2.45 kB
out/renderer/assets/band-ZlUw5SPF.js                                     1.53 kB │ gzip:     0.66 kB │ map:      5.43 kB
out/renderer/assets/previewPanePptxContent-DvCrzM-d.js                   1.63 kB │ gzip:     0.89 kB │ map:      1.94 kB
out/renderer/assets/createLucideIcon-DCyUO5SG.js                         1.66 kB │ gzip:     0.86 kB │ map:      8.91 kB
out/renderer/assets/fortran-fixed-form-D72bqFaW.js                       1.66 kB │ gzip:     0.68 kB │ map:      2.67 kB
out/renderer/assets/fortran-fixed-form-DlFoLtM7.js                       1.66 kB │ gzip:     0.68 kB │ map:      2.69 kB
out/renderer/assets/docker-B4LDlvcy.js                                   1.73 kB │ gzip:     0.59 kB │ map:      2.62 kB
out/renderer/assets/docker-BGmtS-Si.js                                   1.73 kB │ gzip:     0.59 kB │ map:      2.60 kB
out/renderer/assets/hxml-BrhJ1O4J.js                                     1.74 kB │ gzip:     0.87 kB │ map:      2.45 kB
out/renderer/assets/hxml-wBUD493q.js                                     1.74 kB │ gzip:     0.87 kB │ map:      2.43 kB
out/renderer/assets/cua-permission-panel-DBHWnmeh.js                     1.79 kB │ gzip:     0.92 kB │ map:      6.66 kB
out/renderer/assets/desktop-ClxT5LiV.js                                  1.82 kB │ gzip:     0.75 kB │ map:      2.74 kB
out/renderer/assets/desktop-Dy82U3Zi.js                                  1.82 kB │ gzip:     0.75 kB │ map:      2.72 kB
out/renderer/assets/chunk-X2U36JSP-CbnFtukK.js                           1.83 kB │ gzip:     0.89 kB │ map:      6.04 kB
out/renderer/assets/dist-kALwvjbh.js                                     1.86 kB │ gzip:     0.82 kB │ map:      5.74 kB
out/renderer/assets/chunk-YZCP3GAM-HsSe8vES.js                           1.92 kB │ gzip:     0.86 kB │ map:      6.41 kB
out/renderer/assets/presentationElementModel-CVSaYwJx.js                 1.96 kB │ gzip:     0.85 kB │ map:      9.36 kB
out/renderer/assets/chunk-XBI2PYTU-BckksytV.js                           2.00 kB │ gzip:     0.76 kB │ map:      3.94 kB
out/renderer/assets/path-D_7u9avo.js                                     2.07 kB │ gzip:     0.91 kB │ map:      8.00 kB
out/renderer/assets/chunk-BSJP7CBP-BJhPRSP-.js                           2.09 kB │ gzip:     0.81 kB │ map:     10.29 kB
out/renderer/assets/officeFilePreview-DsmAgUmA.js                        2.12 kB │ gzip:     1.02 kB │ map:      8.89 kB
out/renderer/assets/erb-BQBgIKEV.js                                      2.13 kB │ gzip:     0.62 kB │ map:      3.26 kB
out/renderer/assets/erb-CV4v9hNI.js                                      2.13 kB │ gzip:     0.62 kB │ map:      3.27 kB
out/renderer/assets/wenyan-BuLwNrjV.js                                   2.15 kB │ gzip:     1.08 kB │ map:      3.14 kB
out/renderer/assets/wenyan-N9mgPYnc.js                                   2.15 kB │ gzip:     1.08 kB │ map:      3.16 kB
out/renderer/assets/usageStatsUiParts-D5od_8Fx.js                        2.20 kB │ gzip:     0.91 kB │ map:      6.62 kB
out/renderer/assets/jssm-Bdn1_N_y.js                                     2.23 kB │ gzip:     0.61 kB │ map:      3.37 kB
out/renderer/assets/jssm-C_mqfD6a.js                                     2.23 kB │ gzip:     0.61 kB │ map:      3.35 kB
out/renderer/assets/edge-BR9-tOAv.js                                     2.30 kB │ gzip:     0.67 kB │ map:      3.53 kB
out/renderer/assets/edge-CK8i46A_.js                                     2.30 kB │ gzip:     0.67 kB │ map:      3.51 kB
out/renderer/assets/reg-C7L3tEqF.js                                      2.33 kB │ gzip:     0.69 kB │ map:      3.47 kB
out/renderer/assets/reg-D2UU_Of8.js                                      2.33 kB │ gzip:     0.69 kB │ map:      3.49 kB
out/renderer/assets/diff-BmhoxNIw.js                                     2.56 kB │ gzip:     0.68 kB │ map:      3.82 kB
out/renderer/assets/diff-dd4gHAQR.js                                     2.56 kB │ gzip:     0.68 kB │ map:      3.84 kB
out/renderer/assets/gleam-BJWJGn9i.js                                    2.57 kB │ gzip:     0.81 kB │ map:      3.97 kB
out/renderer/assets/gleam-KQBXVyd0.js                                    2.57 kB │ gzip:     0.81 kB │ map:      3.95 kB
out/renderer/assets/hy-DS8ond4h.js                                       2.64 kB │ gzip:     1.17 kB │ map:      3.65 kB
out/renderer/assets/hy-YygcyAhr.js                                       2.64 kB │ gzip:     1.17 kB │ map:      3.67 kB
out/renderer/assets/catmullRom-C5KxRJvL.js                               2.72 kB │ gzip:     0.79 kB │ map:      7.95 kB
out/renderer/assets/diagram-5BDNPKRD-fcq79GN6.js                         2.78 kB │ gzip:     1.35 kB │ map:      8.98 kB
out/renderer/assets/openscad-D6e3tRxt.js                                 2.81 kB │ gzip:     1.00 kB │ map:      4.20 kB
out/renderer/assets/openscad-tq88PbUa.js                                 2.81 kB │ gzip:     1.00 kB │ map:      4.18 kB
out/renderer/assets/log-Bq-KvF1e.js                                      2.84 kB │ gzip:     0.89 kB │ map:      4.33 kB
out/renderer/assets/log-ClRZv8HS.js                                      2.84 kB │ gzip:     0.89 kB │ map:      4.31 kB
out/renderer/assets/json-BHud70oX.js                                     2.87 kB │ gzip:     0.81 kB │ map:      4.27 kB
out/renderer/assets/json-BZEbIIu1.js                                     2.87 kB │ gzip:     0.81 kB │ map:      4.29 kB
out/renderer/assets/cairo-DWygHiYP.js                                    2.93 kB │ gzip:     0.80 kB │ map:      4.51 kB
out/renderer/assets/cairo-YK08gn8B.js                                    2.93 kB │ gzip:     0.80 kB │ map:      4.49 kB
out/renderer/assets/berry-CSKSvf5A.js                                    2.99 kB │ gzip:     0.80 kB │ map:      4.80 kB
out/renderer/assets/berry-pxSUG9w7.js                                    2.99 kB │ gzip:     0.80 kB │ map:      4.82 kB
out/renderer/assets/jsonl-BwQnGBcJ.js                                    3.00 kB │ gzip:     0.78 kB │ map:      4.47 kB
out/renderer/assets/jsonl-oHVGnhJ2.js                                    3.00 kB │ gzip:     0.78 kB │ map:      4.49 kB
out/renderer/assets/jsonc-78qG3EWK.js                                    3.10 kB │ gzip:     0.78 kB │ map:      4.57 kB
out/renderer/assets/jsonc-DB0Kg2MF.js                                    3.10 kB │ gzip:     0.78 kB │ map:      4.58 kB
out/renderer/assets/logo-BhKb-lCO.js                                     3.12 kB │ gzip:     1.46 kB │ map:      3.77 kB
out/renderer/assets/logo-D7pzB3Ga.js                                     3.12 kB │ gzip:     1.46 kB │ map:      3.79 kB
out/renderer/assets/po-BIfMp-6n.js                                       3.23 kB │ gzip:     0.90 kB │ map:      5.06 kB
out/renderer/assets/po-n4Lu4oot.js                                       3.23 kB │ gzip:     0.90 kB │ map:      5.04 kB
out/renderer/assets/json5-CcDRnUkx.js                                    3.24 kB │ gzip:     0.82 kB │ map:      4.93 kB
out/renderer/assets/json5-N2_lS0hO.js                                    3.24 kB │ gzip:     0.82 kB │ map:      4.91 kB
out/renderer/assets/mipsasm-C51uoD2u.js                                  3.25 kB │ gzip:     1.17 kB │ map:      4.64 kB
out/renderer/assets/mipsasm-CpAa-yqi.js                                  3.25 kB │ gzip:     1.17 kB │ map:      4.65 kB
out/renderer/assets/tasl-Be5JY35v.js                                     3.28 kB │ gzip:     0.84 kB │ map:      5.11 kB
out/renderer/assets/tasl-uGc4ih_E.js                                     3.28 kB │ gzip:     0.84 kB │ map:      5.09 kB
out/renderer/assets/genie-D8CWHQGF.js                                    3.34 kB │ gzip:     1.20 kB │ map:      4.85 kB
out/renderer/assets/genie-aLa06zV7.js                                    3.34 kB │ gzip:     1.20 kB │ map:      4.83 kB
out/renderer/assets/rel-B8mOu-r3.js                                      3.36 kB │ gzip:     1.10 kB │ map:      4.83 kB
out/renderer/assets/rel-DVJtpfU8.js                                      3.36 kB │ gzip:     1.10 kB │ map:      4.85 kB
out/renderer/assets/vala-CQDtFh0_.js                                     3.36 kB │ gzip:     1.18 kB │ map:      4.87 kB
out/renderer/assets/vala-DLWcTaO2.js                                     3.36 kB │ gzip:     1.18 kB │ map:      4.85 kB
out/renderer/assets/previewPaneOfficeContent-DubMTwCL.js                 3.39 kB │ gzip:     1.57 kB │ map:      5.50 kB
out/renderer/assets/symbol-B9Hi-byu.js                                   3.42 kB │ gzip:     1.29 kB │ map:     14.26 kB
out/renderer/assets/splunk-B2TwT-ri.js                                   3.42 kB │ gzip:     1.51 kB │ map:      4.40 kB
out/renderer/assets/splunk-BIsdloyn.js                                   3.42 kB │ gzip:     1.51 kB │ map:      4.42 kB
out/renderer/assets/CodingPlanUsageLineChart-Bo8H9ebd.js                 3.44 kB │ gzip:     1.56 kB │ map:     10.76 kB
out/renderer/assets/arc-D-haCj6T.js                                      3.47 kB │ gzip:     1.46 kB │ map:     15.14 kB
out/renderer/assets/chunk-336JU56O-CLPlDmqW.js                           3.50 kB │ gzip:     1.59 kB │ map:      6.11 kB
out/renderer/assets/hurl-RtufN9sV.js                                     3.51 kB │ gzip:     1.10 kB │ map:      5.38 kB
out/renderer/assets/hurl-sCDPIdCl.js                                     3.51 kB │ gzip:     1.09 kB │ map:      5.40 kB
out/renderer/assets/react-dom-DpmwQOdd.js                                3.56 kB │ gzip:     1.35 kB │ map:     12.08 kB
out/renderer/assets/fluent-CUU2zcUA.js                                   3.60 kB │ gzip:     0.89 kB │ map:      5.18 kB
out/renderer/assets/fluent-DUKHgDbz.js                                   3.60 kB │ gzip:     0.89 kB │ map:      5.16 kB
out/renderer/assets/ssh-config-Bo6B69p6.js                               3.61 kB │ gzip:     1.59 kB │ map:      4.47 kB
out/renderer/assets/ssh-config-DIrFDZLO.js                               3.61 kB │ gzip:     1.59 kB │ map:      4.45 kB
out/renderer/assets/jsonnet-CRp92X3F.js                                  3.61 kB │ gzip:     1.03 kB │ map:      5.38 kB
out/renderer/assets/jsonnet-Dc4C1hEW.js                                  3.61 kB │ gzip:     1.03 kB │ map:      5.40 kB
out/renderer/assets/kdl-C8Rve3-T.js                                      3.62 kB │ gzip:     1.03 kB │ map:      5.47 kB
out/renderer/assets/kdl-DyLHXxHN.js                                      3.62 kB │ gzip:     1.03 kB │ map:      5.49 kB
out/renderer/assets/narrat-D0_K5jKy.js                                   3.66 kB │ gzip:     1.09 kB │ map:      5.38 kB
out/renderer/assets/narrat-D44PrvJw.js                                   3.66 kB │ gzip:     1.09 kB │ map:      5.40 kB
out/renderer/assets/glsl-Bws4sH52.js                                     3.68 kB │ gzip:     1.45 kB │ map:      4.36 kB
out/renderer/assets/glsl-CFOyowba.js                                     3.68 kB │ gzip:     1.45 kB │ map:      4.34 kB
out/renderer/assets/turtle-Bz6WJYyi.js                                   3.69 kB │ gzip:     0.96 kB │ map:      5.47 kB
out/renderer/assets/turtle-sYK8ImSg.js                                   3.69 kB │ gzip:     0.96 kB │ map:      5.45 kB
out/renderer/assets/zenscript-B9aZNFU1.js                                3.90 kB │ gzip:     1.28 kB │ map:      5.71 kB
out/renderer/assets/zenscript-Ckv9SLK6.js                                3.90 kB │ gzip:     1.28 kB │ map:      5.73 kB
out/renderer/assets/ron-PQ07H-Ns.js                                      3.90 kB │ gzip:     0.97 kB │ map:      6.00 kB
out/renderer/assets/ron-qA6QViF0.js                                      3.90 kB │ gzip:     0.97 kB │ map:      5.98 kB
out/renderer/assets/gn-BX8KCdAY.js                                       3.99 kB │ gzip:     1.47 kB │ map:      5.26 kB
out/renderer/assets/gn-DyKTOZho.js                                       3.99 kB │ gzip:     1.47 kB │ map:      5.24 kB
out/renderer/assets/pieDiagram-DEJITSTG-DkE2baNN.js                      4.03 kB │ gzip:     1.81 kB │ map:     12.29 kB
out/renderer/assets/pascal-B8JpFLxt.js                                   4.14 kB │ gzip:     1.67 kB │ map:      5.51 kB
out/renderer/assets/pascal-DYsVlVY2.js                                   4.14 kB │ gzip:     1.67 kB │ map:      5.49 kB
out/renderer/assets/diagram-TYMM5635-66FKLKSu.js                         4.24 kB │ gzip:     1.83 kB │ map:     12.07 kB
out/renderer/assets/http-BlT5S7RY.js                                     4.41 kB │ gzip:     1.06 kB │ map:      6.67 kB
out/renderer/assets/http-L5NFNjwN.js                                     4.41 kB │ gzip:     1.06 kB │ map:      6.65 kB
out/renderer/assets/tcl-B_obsBbP.js                                      4.42 kB │ gzip:     1.50 kB │ map:      6.44 kB
out/renderer/assets/tcl-C7Yap-Uj.js                                      4.42 kB │ gzip:     1.50 kB │ map:      6.46 kB
out/renderer/assets/nextflow-IgVdrA6z.js                                 4.50 kB │ gzip:     1.16 kB │ map:      6.80 kB
out/renderer/assets/nextflow-_O7_73nP.js                                 4.50 kB │ gzip:     1.16 kB │ map:      6.78 kB
out/renderer/assets/AppUsageDailyModelTrendChart-D6WSKVF8.js             4.50 kB │ gzip:     1.92 kB │ map:     15.34 kB
out/renderer/assets/rosmsg-DPrN5IHC.js                                   4.51 kB │ gzip:     1.05 kB │ map:      6.71 kB
out/renderer/assets/rosmsg-ZqfVuyuZ.js                                   4.51 kB │ gzip:     1.05 kB │ map:      6.73 kB
out/renderer/assets/mermaid-parser.core-5ru-OZgu.js                      4.55 kB │ gzip:     1.44 kB │ map:      9.89 kB
out/renderer/assets/defaultLocale-COdk_GZR.js                            4.64 kB │ gzip:     2.12 kB │ map:     20.68 kB
out/renderer/assets/polar-CCBAenug.js                                    4.66 kB │ gzip:     1.12 kB │ map:      7.23 kB
out/renderer/assets/polar-CNc7Skqp.js                                    4.66 kB │ gzip:     1.12 kB │ map:      7.21 kB
out/renderer/assets/sdbl-DOgIiS61.js                                     4.69 kB │ gzip:     2.00 kB │ map:      5.85 kB
out/renderer/assets/sdbl-DYu3by82.js                                     4.69 kB │ gzip:     2.00 kB │ map:      5.87 kB
out/renderer/assets/treemap-B0uvY_jg.js                                  4.74 kB │ gzip:     1.84 kB │ map:     20.83 kB
out/renderer/assets/fennel-CSMcdvuJ.js                                   4.76 kB │ gzip:     1.53 kB │ map:      6.38 kB
out/renderer/assets/fennel-CYGXghDw.js                                   4.76 kB │ gzip:     1.53 kB │ map:      6.40 kB
out/renderer/assets/bibtex-C7IfXGOv.js                                   4.78 kB │ gzip:     0.83 kB │ map:      6.98 kB
out/renderer/assets/bibtex-aLvHhdZN.js                                   4.78 kB │ gzip:     0.83 kB │ map:      7.00 kB
out/renderer/assets/llvm-B_4N-nTz.js                                     5.04 kB │ gzip:     2.01 kB │ map:      6.63 kB
out/renderer/assets/llvm-CYJxbVUj.js                                     5.04 kB │ gzip:     2.01 kB │ map:      6.65 kB
out/renderer/assets/wgsl-BrjpqTW1.js                                     5.13 kB │ gzip:     1.38 kB │ map:      7.46 kB
out/renderer/assets/wgsl-Rmts3M71.js                                     5.13 kB │ gzip:     1.38 kB │ map:      7.48 kB
out/renderer/assets/gdresource-DD-oCwy3.js                               5.28 kB │ gzip:     1.33 kB │ map:      7.73 kB
out/renderer/assets/gdresource-W3W7_KcL.js                               5.28 kB │ gzip:     1.33 kB │ map:      7.71 kB
out/renderer/assets/button-CytnfX_e.js                                   5.30 kB │ gzip:     1.94 kB │ map:     16.29 kB
out/renderer/assets/presentationPdfPrintExport-lEPqI4QQ.js               5.32 kB │ gzip:     2.54 kB │ map:     20.14 kB
out/renderer/assets/zig-DwqMhvaV.js                                      5.33 kB │ gzip:     1.55 kB │ map:      7.85 kB
out/renderer/assets/zig-dKaY5EuY.js                                      5.33 kB │ gzip:     1.55 kB │ map:      7.83 kB
out/renderer/assets/qml-DFSxML3R.js                                      5.33 kB │ gzip:     1.38 kB │ map:      8.09 kB
out/renderer/assets/qml-P5pIz44W.js                                      5.33 kB │ gzip:     1.38 kB │ map:      8.11 kB
out/renderer/assets/dax-CFVg7nw1.js                                      5.35 kB │ gzip:     2.21 kB │ map:      6.73 kB
out/renderer/assets/dax-DNpVVRz_.js                                      5.35 kB │ gzip:     2.21 kB │ map:      6.75 kB
out/renderer/assets/bicep-BAphxpEO.js                                    5.37 kB │ gzip:     1.14 kB │ map:      7.87 kB
out/renderer/assets/bicep-C76ZekU1.js                                    5.37 kB │ gzip:     1.14 kB │ map:      7.89 kB
out/renderer/assets/xml-BXMhtvgx.js                                      5.43 kB │ gzip:     1.24 kB │ map:      7.80 kB
out/renderer/assets/xml-Rj0p0y22.js                                      5.43 kB │ gzip:     1.24 kB │ map:      7.82 kB
out/renderer/assets/awk-D2TGinwu.js                                      5.45 kB │ gzip:     1.37 kB │ map:      7.96 kB
out/renderer/assets/awk-YyPohKWY.js                                      5.45 kB │ gzip:     1.37 kB │ map:      7.97 kB
out/renderer/assets/coq-CqqczNWd.js                                      5.54 kB │ gzip:     1.91 kB │ map:      7.49 kB
out/renderer/assets/coq-DiVTc571.js                                      5.54 kB │ gzip:     1.91 kB │ map:      7.47 kB
out/renderer/assets/parts-BvA3oLwQ.js                                    5.56 kB │ gzip:     2.14 kB │ map:     34.02 kB
out/renderer/assets/jinja-D-JsDG4G.js                                    5.62 kB │ gzip:     1.36 kB │ map:      8.43 kB
out/renderer/assets/jinja-w0YW_fV6.js                                    5.62 kB │ gzip:     1.36 kB │ map:      8.47 kB
out/renderer/assets/linear-BbLv30za.js                                   5.75 kB │ gzip:     2.37 kB │ map:     25.07 kB
out/renderer/assets/diagram-MMDJMWI5-3dpRDk7-.js                         5.77 kB │ gzip:     2.39 kB │ map:     18.16 kB
out/renderer/assets/lean-DEeEBA8q.js                                     5.77 kB │ gzip:     1.91 kB │ map:      7.83 kB
out/renderer/assets/lean-DKMS0jXw.js                                     5.77 kB │ gzip:     1.91 kB │ map:      7.85 kB
out/renderer/assets/moonbit-B4PJPNPk.js                                  5.89 kB │ gzip:     1.67 kB │ map:      8.65 kB
out/renderer/assets/moonbit-BdmU5Quj.js                                  5.89 kB │ gzip:     1.67 kB │ map:      8.63 kB
out/renderer/assets/powerquery-B8wLdX0r.js                               5.89 kB │ gzip:     1.51 kB │ map:      8.49 kB
out/renderer/assets/powerquery-BmlN3Bsz.js                               5.89 kB │ gzip:     1.51 kB │ map:      8.47 kB
out/renderer/assets/shaderlab-CUEenUn7.js                                5.91 kB │ gzip:     2.08 kB │ map:      7.68 kB
out/renderer/assets/shaderlab-DZj8bjr_.js                                5.91 kB │ gzip:     2.08 kB │ map:      7.66 kB
out/renderer/assets/verilog-BB5UIw11.js                                  5.92 kB │ gzip:     1.89 kB │ map:      8.00 kB
out/renderer/assets/verilog-BdFemig1.js                                  5.92 kB │ gzip:     1.89 kB │ map:      7.98 kB
out/renderer/assets/CodingPlanUsageBarChart-m-AymPl_.js                  5.93 kB │ gzip:     2.27 kB │ map:     20.08 kB
out/renderer/assets/cypher-pzF7ARdP.js                                   5.94 kB │ gzip:     1.71 kB │ map:      8.42 kB
out/renderer/assets/cypher-q13BgoHe.js                                   5.94 kB │ gzip:     1.71 kB │ map:      8.40 kB
out/renderer/assets/vb-ChcbXFeU.js                                       6.08 kB │ gzip:     2.33 kB │ map:      8.00 kB
out/renderer/assets/vb-vKu0xgdY.js                                       6.08 kB │ gzip:     2.33 kB │ map:      8.02 kB
out/renderer/assets/red-DfFXhJQ8.js                                      6.25 kB │ gzip:     1.59 kB │ map:      8.85 kB
out/renderer/assets/red-Dzg9_9Dh.js                                      6.25 kB │ gzip:     1.59 kB │ map:      8.86 kB
out/renderer/assets/min-dark-BZi4fp7E.js                                 6.28 kB │ gzip:     1.70 kB │ map:      8.60 kB
out/renderer/assets/min-dark-xB3BZv1h.js                                 6.28 kB │ gzip:     1.70 kB │ map:      8.58 kB
out/renderer/assets/gdshader-CPuPusqr.js                                 6.31 kB │ gzip:     1.72 kB │ map:      9.17 kB
out/renderer/assets/gdshader-DX5YDT0I.js                                 6.31 kB │ gzip:     1.72 kB │ map:      9.15 kB
out/renderer/assets/prisma-CALqq1cp.js                                   6.32 kB │ gzip:     1.38 kB │ map:      9.25 kB
out/renderer/assets/prisma-DiPy2kKg.js                                   6.32 kB │ gzip:     1.38 kB │ map:      9.23 kB
out/renderer/assets/ara-Cc7Vv9pQ.js                                      6.35 kB │ gzip:     1.80 kB │ map:      9.23 kB
out/renderer/assets/ara-DJUb54KN.js                                      6.35 kB │ gzip:     1.80 kB │ map:      9.21 kB
out/renderer/assets/clojure-B4mdjwoq.js                                  6.40 kB │ gzip:     1.41 kB │ map:      9.25 kB
out/renderer/assets/clojure-DJ6S_2Ec.js                                  6.40 kB │ gzip:     1.41 kB │ map:      9.26 kB
out/renderer/assets/postcss-4TlTV1B4.js                                  6.41 kB │ gzip:     1.90 kB │ map:      9.07 kB
out/renderer/assets/postcss-Dyvt__Pu.js                                  6.41 kB │ gzip:     1.90 kB │ map:      9.09 kB
out/renderer/assets/toml-A3OCQ33m.js                                     6.41 kB │ gzip:     1.28 kB │ map:      9.43 kB
out/renderer/assets/toml-CJgp-3ki.js                                     6.41 kB │ gzip:     1.28 kB │ map:      9.45 kB
out/renderer/assets/solarized-light-BibAdBKV.js                          6.47 kB │ gzip:     1.71 kB │ map:      9.21 kB
out/renderer/assets/solarized-light-DvzVDhMF.js                          6.47 kB │ gzip:     1.71 kB │ map:      9.20 kB
out/renderer/assets/proto-CGlMn_IC.js                                    6.54 kB │ gzip:     1.41 kB │ map:      9.88 kB
out/renderer/assets/proto-R4_P6Sxn.js                                    6.54 kB │ gzip:     1.41 kB │ map:      9.86 kB
out/renderer/assets/smalltalk-BHfRY1GQ.js                                6.58 kB │ gzip:     1.61 kB │ map:      9.21 kB
out/renderer/assets/smalltalk-C0nG2ms2.js                                6.58 kB │ gzip:     1.61 kB │ map:      9.23 kB
out/renderer/assets/r-BiLZLuJu.js                                        6.59 kB │ gzip:     1.82 kB │ map:     10.09 kB
out/renderer/assets/r-Dn_Gyw4p.js                                        6.59 kB │ gzip:     1.82 kB │ map:     10.11 kB
out/renderer/assets/talonscript-Cc_G24e6.js                              6.75 kB │ gzip:     1.48 kB │ map:     10.05 kB
out/renderer/assets/talonscript-DuJrK-SQ.js                              6.75 kB │ gzip:     1.48 kB │ map:     10.03 kB
out/renderer/assets/solarized-dark-DdB9yqDd.js                           6.84 kB │ gzip:     1.78 kB │ map:      9.67 kB
out/renderer/assets/solarized-dark-ibpNERSt.js                           6.84 kB │ gzip:     1.78 kB │ map:      9.65 kB
out/renderer/assets/riscv-BhPj4zsp.js                                    6.90 kB │ gzip:     1.97 kB │ map:      9.56 kB
out/renderer/assets/riscv-Dmnxa2G1.js                                    6.90 kB │ gzip:     1.97 kB │ map:      9.58 kB
out/renderer/assets/soy-CA5GeKo5.js                                      6.92 kB │ gzip:     1.62 kB │ map:     10.67 kB
out/renderer/assets/soy-D1zfhlGK.js                                      6.92 kB │ gzip:     1.62 kB │ map:     10.69 kB
out/renderer/assets/min-light-D2yiLKx8.js                                6.96 kB │ gzip:     1.88 kB │ map:      9.52 kB
out/renderer/assets/min-light-dMYe-w-M.js                                6.96 kB │ gzip:     1.88 kB │ map:      9.50 kB
out/renderer/assets/step-BWAT-bp3.js                                     6.99 kB │ gzip:     1.63 kB │ map:     21.94 kB
out/renderer/assets/scheme-2knXe21C.js                                   7.16 kB │ gzip:     2.04 kB │ map:      9.75 kB
out/renderer/assets/scheme-BhgK42Ai.js                                   7.16 kB │ gzip:     2.04 kB │ map:      9.77 kB
out/renderer/assets/hlsl-BzWR3KyR.js                                     7.25 kB │ gzip:     2.18 kB │ map:      9.20 kB
out/renderer/assets/hlsl-CiYvEeKj.js                                     7.25 kB │ gzip:     2.18 kB │ map:      9.22 kB
out/renderer/assets/qss-B9TqRAz_.js                                      7.46 kB │ gzip:     2.57 kB │ map:      9.36 kB
out/renderer/assets/qss-Czob4q2I.js                                      7.46 kB │ gzip:     2.57 kB │ map:      9.38 kB
out/renderer/assets/identity-BJs241LU.js                                 7.51 kB │ gzip:     2.82 kB │ map:     55.72 kB
out/renderer/assets/react-DgwTd-Uv.js                                    7.52 kB │ gzip:     2.87 kB │ map:     26.77 kB
out/renderer/assets/dart-D8TUEvmh.js                                     7.80 kB │ gzip:     1.91 kB │ map:     11.50 kB
out/renderer/assets/systemd-CeXt9xg2.js                                  7.86 kB │ gzip:     2.54 kB │ map:     10.60 kB
out/renderer/assets/systemd-DfpWMwhL.js                                  7.86 kB │ gzip:     2.54 kB │ map:     10.62 kB
out/renderer/assets/monokai-CpNB8EbB.js                                  7.88 kB │ gzip:     1.90 kB │ map:     11.07 kB
out/renderer/assets/monokai-Rfc3J-Aq.js                                  7.88 kB │ gzip:     1.90 kB │ map:     11.09 kB
out/renderer/assets/regexp-CoLK2p9Q.js                                   8.04 kB │ gzip:     1.46 kB │ map:     11.15 kB
out/renderer/assets/regexp-Dmgt5jVP.js                                   8.04 kB │ gzip:     1.46 kB │ map:     11.16 kB
out/renderer/assets/haml-DjUfklBt.js                                     8.32 kB │ gzip:     1.85 kB │ map:     12.33 kB
out/renderer/assets/haml-TiSy1QaR.js                                     8.32 kB │ gzip:     1.84 kB │ map:     12.35 kB
out/renderer/assets/typst-BUpDoDq8.js                                    8.38 kB │ gzip:     1.66 kB │ map:     12.28 kB
out/renderer/assets/typst-CLUiP2F0.js                                    8.38 kB │ gzip:     1.66 kB │ map:     12.26 kB
out/renderer/assets/string-CzpAhq5Q.js                                   8.40 kB │ gzip:     3.60 kB │ map:     27.76 kB
out/renderer/assets/vue-html-NRU5nc4N.js                                 8.47 kB │ gzip:     1.68 kB │ map:     11.96 kB
out/renderer/assets/vue-html-jlaO8ZG6.js                                 8.47 kB │ gzip:     1.68 kB │ map:     11.94 kB
out/renderer/assets/plsql-BIezCASZ.js                                    8.50 kB │ gzip:     2.99 kB │ map:     10.85 kB
out/renderer/assets/plsql-BbonGNA9.js                                    8.50 kB │ gzip:     2.99 kB │ map:     10.87 kB
out/renderer/assets/reduce-T-viphBH.js                                   8.59 kB │ gzip:     3.57 kB │ map:     75.41 kB
out/renderer/assets/dart-Dr593u2q.js                                     8.61 kB │ gzip:     1.99 kB │ map:     12.61 kB
out/renderer/assets/horizon-BAdlkDCk.js                                  8.77 kB │ gzip:     1.94 kB │ map:     12.04 kB
out/renderer/assets/horizon-D99iRHWm.js                                  8.77 kB │ gzip:     1.94 kB │ map:     12.06 kB
out/renderer/assets/kotlin-BRlZctTh.js                                   8.77 kB │ gzip:     2.12 kB │ map:     12.76 kB
out/renderer/assets/kotlin-C3yrbmcb.js                                   8.77 kB │ gzip:     2.12 kB │ map:     12.74 kB
out/renderer/assets/horizon-bright-BmmSzHyR.js                           8.78 kB │ gzip:     1.96 kB │ map:     12.11 kB
out/renderer/assets/horizon-bright-C_zi0xat.js                           8.78 kB │ gzip:     1.96 kB │ map:     12.09 kB
out/renderer/assets/ts-tags-YbGa1isf.js                                  8.92 kB │ gzip:     1.20 kB │ map:     14.47 kB
out/renderer/assets/make-CA7Os4Jv.js                                     8.95 kB │ gzip:     1.76 kB │ map:     12.82 kB
out/renderer/assets/make-DLaK8_bX.js                                     8.95 kB │ gzip:     1.76 kB │ map:     12.84 kB
out/renderer/assets/andromeeda-B7nn2Hmh.js                               9.01 kB │ gzip:     2.35 kB │ map:     11.92 kB
out/renderer/assets/andromeeda-Dc4hgTSm.js                               9.01 kB │ gzip:     2.35 kB │ map:     11.94 kB
out/renderer/assets/sas-BU5Wy8zi.js                                      9.06 kB │ gzip:     3.82 kB │ map:     11.09 kB
out/renderer/assets/sas-D5W8cwc5.js                                      9.06 kB │ gzip:     3.82 kB │ map:     11.07 kB
out/renderer/assets/dark-plus-DfHiaTHw.js                                9.09 kB │ gzip:     2.10 kB │ map:     12.41 kB
out/renderer/assets/dark-plus-jbdFISsm.js                                9.09 kB │ gzip:     2.10 kB │ map:     12.39 kB
out/renderer/assets/slack-dark-CVIg4rr0.js                               9.11 kB │ gzip:     1.96 kB │ map:     12.50 kB
out/renderer/assets/slack-dark-uQCTOxaJ.js                               9.11 kB │ gzip:     1.96 kB │ map:     12.48 kB
out/renderer/assets/chunk-YE7GQOST-BTljESqi.js                           9.27 kB │ gzip:     2.58 kB │ map:     28.56 kB
out/renderer/assets/sass-BjCgMVTd.js                                     9.28 kB │ gzip:     2.48 kB │ map:     13.40 kB
out/renderer/assets/sass-DdYSBcsE.js                                     9.28 kB │ gzip:     2.48 kB │ map:     13.38 kB
out/renderer/assets/plastic-BvHWl3ec.js                                  9.29 kB │ gzip:     1.96 kB │ map:     12.47 kB
out/renderer/assets/plastic-D_cmE6Db.js                                  9.29 kB │ gzip:     1.96 kB │ map:     12.45 kB
out/renderer/assets/chunk-WKBPLHUA-UcCbboQ1.js                           9.36 kB │ gzip:     3.55 kB │ map:     31.21 kB
out/renderer/assets/graphlib-BIlcLt98.js                                 9.36 kB │ gzip:     3.18 kB │ map:     66.84 kB
out/renderer/assets/slack-ochin-D-zyDTwW.js                              9.42 kB │ gzip:     2.08 kB │ map:     13.10 kB
out/renderer/assets/slack-ochin-nix2BO4l.js                              9.42 kB │ gzip:     2.08 kB │ map:     13.08 kB
out/renderer/assets/tex-CUw62PmE.js                                      9.67 kB │ gzip:     3.06 kB │ map:     12.38 kB
out/renderer/assets/tex-CYiDV-8D.js                                      9.67 kB │ gzip:     3.06 kB │ map:     12.40 kB
out/renderer/assets/jison-D2fFi2vu.js                                    9.69 kB │ gzip:     1.86 kB │ map:     14.08 kB
out/renderer/assets/jison-GevbL7Bl.js                                    9.69 kB │ gzip:     1.86 kB │ map:     14.06 kB
out/renderer/assets/cmake-BVPYOA-u.js                                    9.84 kB │ gzip:     3.37 kB │ map:     11.25 kB
out/renderer/assets/cmake-Tgm8M-K_.js                                    9.84 kB │ gzip:     3.37 kB │ map:     11.23 kB
out/renderer/assets/light-plus-B4BB4RO2.js                               9.93 kB │ gzip:     2.27 kB │ map:     13.40 kB
out/renderer/assets/light-plus-DTX4P9Ll.js                               9.93 kB │ gzip:     2.27 kB │ map:     13.39 kB
out/renderer/assets/hcl-BND5M6iC.js                                     10.04 kB │ gzip:     1.93 kB │ map:     14.77 kB
out/renderer/assets/hcl-Y_XdXswa.js                                     10.04 kB │ gzip:     1.93 kB │ map:     14.75 kB
out/renderer/assets/rst-B_iczLwa.js                                     10.31 kB │ gzip:     2.25 kB │ map:     15.53 kB
out/renderer/assets/rst-BjzOAOVh.js                                     10.31 kB │ gzip:     2.24 kB │ map:     15.55 kB
out/renderer/assets/pkl-DSD6beun.js                                     10.36 kB │ gzip:     1.37 kB │ map:     15.44 kB
out/renderer/assets/pkl-RwuiIbqV.js                                     10.36 kB │ gzip:     1.37 kB │ map:     15.46 kB
out/renderer/assets/beancount-DpmC2jSr.js                               10.36 kB │ gzip:     1.43 kB │ map:     15.00 kB
out/renderer/assets/beancount-Dw9C3WIc.js                               10.36 kB │ gzip:     1.43 kB │ map:     15.02 kB
out/renderer/assets/nextflow-groovy-DajvQgHY.js                         10.39 kB │ gzip:     2.12 kB │ map:     15.18 kB
out/renderer/assets/nextflow-groovy-DhYZxvuo.js                         10.43 kB │ gzip:     2.13 kB │ map:     15.21 kB
out/renderer/assets/dream-maker-BMlWQvHX.js                             10.46 kB │ gzip:     2.25 kB │ map:     15.09 kB
out/renderer/assets/dream-maker-CKjZTCCK.js                             10.46 kB │ gzip:     2.25 kB │ map:     15.07 kB
out/renderer/assets/raku-CDHiuI_8.js                                    10.46 kB │ gzip:     2.94 kB │ map:     12.89 kB
out/renderer/assets/raku-Cv1G9u2-.js                                    10.46 kB │ gzip:     2.94 kB │ map:     12.87 kB
out/renderer/assets/stateDiagram-FHFEXIEX-CgaWF3w3.js                   10.55 kB │ gzip:     3.70 kB │ map:     33.16 kB
out/renderer/assets/yaml-FXEcfLz-.js                                    10.56 kB │ gzip:     2.31 kB │ map:     14.87 kB
out/renderer/assets/yaml-gr2aHfFf.js                                    10.56 kB │ gzip:     2.31 kB │ map:     14.85 kB
out/renderer/assets/just-BcDf0Q_7.js                                    10.76 kB │ gzip:     2.60 kB │ map:     15.23 kB
out/renderer/assets/just-ZaX15Dk1.js                                    10.76 kB │ gzip:     2.60 kB │ map:     15.21 kB
out/renderer/assets/diagram-G4DWMVQ6-Bi_36gFj.js                        10.83 kB │ gzip:     3.73 kB │ map:     34.70 kB
out/renderer/assets/elm-BDfUzyLZ.js                                     10.94 kB │ gzip:     2.09 kB │ map:     16.00 kB
out/renderer/assets/elm-DS9Ycqr9.js                                     10.94 kB │ gzip:     2.09 kB │ map:     16.02 kB
out/renderer/assets/dagre-KV5264BT-DjC7cLtg.js                          11.07 kB │ gzip:     4.14 kB │ map:     41.90 kB
out/renderer/assets/github-light-CoZYNFzV.js                            11.18 kB │ gzip:     2.49 kB │ map:     15.40 kB
out/renderer/assets/github-light-Djc0N1iq.js                            11.18 kB │ gzip:     2.49 kB │ map:     15.38 kB
out/renderer/assets/prolog-B9IrQfMx.js                                  11.34 kB │ gzip:     3.84 kB │ map:     13.28 kB
out/renderer/assets/prolog-wqHx3nw9.js                                  11.34 kB │ gzip:     3.84 kB │ map:     13.26 kB
out/renderer/assets/terraform-BZxY8yTL.js                               11.38 kB │ gzip:     2.51 kB │ map:     16.18 kB
out/renderer/assets/terraform-Dktb12jG.js                               11.38 kB │ gzip:     2.51 kB │ map:     16.20 kB
out/renderer/assets/github-dark-B4fFP8U7.js                             11.40 kB │ gzip:     2.53 kB │ map:     15.67 kB
out/renderer/assets/github-dark-DADzT-FN.js                             11.40 kB │ gzip:     2.53 kB │ map:     15.65 kB
out/renderer/assets/puppet-BGw8YiYn.js                                  11.43 kB │ gzip:     2.10 kB │ map:     16.28 kB
out/renderer/assets/puppet-D9tU4lOx.js                                  11.43 kB │ gzip:     2.10 kB │ map:     16.30 kB
out/renderer/assets/laserwave-ChnjA9AC.js                               11.49 kB │ gzip:     2.57 kB │ map:     14.67 kB
out/renderer/assets/laserwave-DeBkkiZR.js                               11.49 kB │ gzip:     2.57 kB │ map:     14.69 kB
out/renderer/assets/gherkin-BLQ3Acli.js                                 11.93 kB │ gzip:     5.04 kB │ map:     13.08 kB
out/renderer/assets/gherkin-DLUe1cdu.js                                 11.93 kB │ gzip:     5.04 kB │ map:     13.10 kB
out/renderer/assets/wasm-Cq57py8U.js                                    12.00 kB │ gzip:     2.17 kB │ map:     16.82 kB
out/renderer/assets/wasm-LOz0XN2K.js                                    12.00 kB │ gzip:     2.17 kB │ map:     16.80 kB
out/renderer/assets/hjson-CPDek32S.js                                   12.04 kB │ gzip:     1.64 kB │ map:     17.27 kB
out/renderer/assets/hjson-DICP6rMi.js                                   12.04 kB │ gzip:     1.64 kB │ map:     17.25 kB
out/renderer/assets/handlebars-BzVLbqll.js                              12.16 kB │ gzip:     2.38 kB │ map:     17.34 kB
out/renderer/assets/handlebars-D7G16f0O.js                              12.16 kB │ gzip:     2.38 kB │ map:     17.36 kB
out/renderer/assets/apache-BzQJAzMm.js                                  12.44 kB │ gzip:     3.71 kB │ map:     15.91 kB
out/renderer/assets/apache-DA5mBIpn.js                                  12.44 kB │ gzip:     3.71 kB │ map:     15.93 kB
out/renderer/assets/vesper-BKLlHS9y.js                                  12.68 kB │ gzip:     1.98 kB │ map:     16.16 kB
out/renderer/assets/vesper-CIv-KJo5.js                                  12.68 kB │ gzip:     1.98 kB │ map:     16.14 kB
out/renderer/assets/bat-CeQbQcid.js                                     12.88 kB │ gzip:     3.22 kB │ map:     17.38 kB
out/renderer/assets/bat-DCe0DI52.js                                     12.88 kB │ gzip:     3.22 kB │ map:     17.36 kB
out/renderer/assets/browser-D4sRuNbE.js                                 12.96 kB │ gzip:     6.36 kB │ map:    117.13 kB
out/renderer/assets/fish-DflPZwoo.js                                    13.03 kB │ gzip:     1.73 kB │ map:     16.82 kB
out/renderer/assets/fish-Y16oGjZ-.js                                    13.03 kB │ gzip:     1.73 kB │ map:     16.84 kB
out/renderer/assets/v-BwUZFxb8.js                                       13.20 kB │ gzip:     2.73 kB │ map:     19.25 kB
out/renderer/assets/v-rEeRRClZ.js                                       13.20 kB │ gzip:     2.73 kB │ map:     19.23 kB
out/renderer/assets/vitesse-light-Nz8EtJqC.js                           13.61 kB │ gzip:     3.03 kB │ map:     18.52 kB
out/renderer/assets/vitesse-light-QCZyorW-.js                           13.61 kB │ gzip:     3.03 kB │ map:     18.53 kB
out/renderer/assets/aurora-x-DIojDgc4.js                                13.65 kB │ gzip:     2.28 kB │ map:     17.54 kB
out/renderer/assets/aurora-x-eOzKe80e.js                                13.65 kB │ gzip:     2.28 kB │ map:     17.56 kB
out/renderer/assets/vitesse-black-Di3trp9q.js                           13.67 kB │ gzip:     3.05 kB │ map:     18.62 kB
out/renderer/assets/vitesse-black-_dbVGwb3.js                           13.67 kB │ gzip:     3.05 kB │ map:     18.60 kB
out/renderer/assets/vitesse-dark-9XfJl0cM.js                            13.75 kB │ gzip:     3.06 kB │ map:     18.70 kB
out/renderer/assets/vitesse-dark-C9f3rYaH.js                            13.75 kB │ gzip:     3.06 kB │ map:     18.68 kB
out/renderer/assets/pug-BCQcgL-X.js                                     13.84 kB │ gzip:     2.58 kB │ map:     20.49 kB
out/renderer/assets/pug-C9zuRI2O.js                                     13.84 kB │ gzip:     2.58 kB │ map:     20.47 kB
out/renderer/assets/luau-CDo3PgH1.js                                    13.95 kB │ gzip:     3.16 kB │ map:     19.61 kB
out/renderer/assets/luau-CKEryL9c.js                                    13.95 kB │ gzip:     3.16 kB │ map:     19.59 kB
out/renderer/assets/synthwave-84-3oJVZ9Ld.js                            14.03 kB │ gzip:     2.85 kB │ map:     19.08 kB
out/renderer/assets/synthwave-84-_GXZUkW6.js                            14.03 kB │ gzip:     2.85 kB │ map:     19.06 kB
out/renderer/assets/github-light-default-CBKIuB-k.js                    14.15 kB │ gzip:     3.02 kB │ map:     19.26 kB
out/renderer/assets/github-light-default-IKb0AMeL.js                    14.15 kB │ gzip:     3.02 kB │ map:     19.24 kB
out/renderer/assets/clarity-Be7iYFZz.js                                 14.26 kB │ gzip:     2.46 kB │ map:     19.92 kB
out/renderer/assets/clarity-FGOSTKmr.js                                 14.26 kB │ gzip:     2.46 kB │ map:     19.90 kB
out/renderer/assets/github-light-high-contrast-BZjjupmC.js              14.27 kB │ gzip:     3.00 kB │ map:     19.43 kB
out/renderer/assets/github-light-high-contrast-DZgPqp1Y.js              14.27 kB │ gzip:     3.00 kB │ map:     19.41 kB
out/renderer/assets/github-dark-dimmed-D_NlB4md.js                      14.43 kB │ gzip:     3.11 kB │ map:     19.61 kB
out/renderer/assets/github-dark-dimmed-dQijrUiS.js                      14.43 kB │ gzip:     3.11 kB │ map:     19.63 kB
out/renderer/assets/github-dark-default-CNmvZi45.js                     14.43 kB │ gzip:     3.12 kB │ map:     19.62 kB
out/renderer/assets/github-dark-default-CjZBR9Xt.js                     14.43 kB │ gzip:     3.12 kB │ map:     19.64 kB
out/renderer/assets/Line-CkiEPK5M.js                                    14.46 kB │ gzip:     4.66 kB │ map:     58.97 kB
out/renderer/assets/github-dark-high-contrast-Bplw8El-.js               14.59 kB │ gzip:     3.07 kB │ map:     19.84 kB
out/renderer/assets/github-dark-high-contrast-DU6gPK5j.js               14.59 kB │ gzip:     3.07 kB │ map:     19.86 kB
out/renderer/assets/gnuplot-4uzc0KVk.js                                 14.77 kB │ gzip:     3.27 kB │ map:     20.80 kB
out/renderer/assets/gnuplot-FrTt3_Nz.js                                 14.77 kB │ gzip:     3.27 kB │ map:     20.78 kB
out/renderer/assets/time-BsL_FGLp.js                                    14.92 kB │ gzip:     4.81 kB │ map:     62.47 kB
out/renderer/assets/rust-D1zA8wol.js                                    15.06 kB │ gzip:     2.71 kB │ map:     21.44 kB
out/renderer/assets/rust-iKW7pjES.js                                    15.06 kB │ gzip:     2.71 kB │ map:     21.42 kB
out/renderer/assets/kusto-CpHMTK4e.js                                   15.16 kB │ gzip:     3.93 kB │ map:     19.60 kB
out/renderer/assets/kusto-D3YbgCv6.js                                   15.16 kB │ gzip:     3.92 kB │ map:     19.58 kB
out/renderer/assets/actionscript-3-CjlcnehZ.js                          15.19 kB │ gzip:     2.67 kB │ map:     21.41 kB
out/renderer/assets/actionscript-3-YaZmklrn.js                          15.19 kB │ gzip:     2.67 kB │ map:     21.43 kB
out/renderer/assets/nix-0VbCJq9B.js                                     15.50 kB │ gzip:     2.47 kB │ map:     22.81 kB
out/renderer/assets/nix-5R7M-3-E.js                                     15.50 kB │ gzip:     2.47 kB │ map:     22.85 kB
out/renderer/assets/lua-BTvbVVVp.js                                     15.58 kB │ gzip:     3.18 kB │ map:     22.10 kB
out/renderer/assets/lua-CqtRvpbu.js                                     15.58 kB │ gzip:     3.18 kB │ map:     22.08 kB
out/renderer/assets/abap-C44uTFfQ.js                                    15.84 kB │ gzip:     5.93 kB │ map:     18.82 kB
out/renderer/assets/abap-DauC4wga.js                                    15.84 kB │ gzip:     5.93 kB │ map:     18.80 kB
out/renderer/assets/solidity-BdYLaLFM.js                                16.06 kB │ gzip:     3.09 kB │ map:     23.41 kB
out/renderer/assets/solidity-D1yVjAYr.js                                16.06 kB │ gzip:     3.09 kB │ map:     23.43 kB
out/renderer/assets/matlab-CjQO6Vul.js                                  16.07 kB │ gzip:     3.06 kB │ map:     23.35 kB
out/renderer/assets/matlab-D_pFyF6z.js                                  16.07 kB │ gzip:     3.06 kB │ map:     23.33 kB
out/renderer/assets/cue-D-EToxHh.js                                     16.19 kB │ gzip:     2.04 kB │ map:     23.77 kB
out/renderer/assets/cue-WZEBP_PQ.js                                     16.19 kB │ gzip:     2.04 kB │ map:     23.75 kB
out/renderer/assets/elixir-Ci_zvbMr.js                                  16.26 kB │ gzip:     2.76 kB │ map:     23.12 kB
out/renderer/assets/elixir-YH1j3ODl.js                                  16.26 kB │ gzip:     2.76 kB │ map:     23.10 kB
out/renderer/assets/Bar-CW0L6l4c.js                                     16.39 kB │ gzip:     5.68 kB │ map:     71.33 kB
out/renderer/assets/odin-967_7RTt.js                                    16.50 kB │ gzip:     2.92 kB │ map:     23.78 kB
out/renderer/assets/odin-D2Pak3sF.js                                    16.50 kB │ gzip:     2.92 kB │ map:     23.76 kB
out/renderer/assets/ts-tags-B-EjkV_l.js                                 16.54 kB │ gzip:     2.06 kB │ map:     24.42 kB
out/renderer/assets/pptx-preview-viewer-C1uCFc9R.js                     16.88 kB │ gzip:     6.18 kB │ map:     59.26 kB
out/renderer/assets/esm-BhZeVwyR.js                                     16.95 kB │ gzip:     5.13 kB │ map:     53.29 kB
out/renderer/assets/bird2-BcIp80C1.js                                   16.96 kB │ gzip:     3.84 kB │ map:     23.21 kB
out/renderer/assets/kanagawa-wave-BplrsYtn.js                           17.12 kB │ gzip:     2.90 kB │ map:     22.24 kB
out/renderer/assets/kanagawa-wave-KuHHYWm4.js                           17.12 kB │ gzip:     2.90 kB │ map:     22.26 kB
out/renderer/assets/kanagawa-lotus-BVkJch0-.js                          17.12 kB │ gzip:     2.90 kB │ map:     22.25 kB
out/renderer/assets/kanagawa-lotus-Bd_lZn6F.js                          17.12 kB │ gzip:     2.90 kB │ map:     22.27 kB
out/renderer/assets/kanagawa-dragon-CF24oxYJ.js                         17.12 kB │ gzip:     2.92 kB │ map:     22.27 kB
out/renderer/assets/kanagawa-dragon-Ck-NJkr3.js                         17.12 kB │ gzip:     2.92 kB │ map:     22.25 kB
out/renderer/assets/ishikawaDiagram-UXIWVN3A-C63IjtRd.js                17.30 kB │ gzip:     6.51 kB │ map:     57.98 kB
out/renderer/assets/move-BJ5YdiIk.js                                    17.49 kB │ gzip:     3.06 kB │ map:     26.23 kB
out/renderer/assets/move-Czk8tO00.js                                    17.49 kB │ gzip:     3.06 kB │ map:     26.25 kB
out/renderer/assets/chunk-5PVQY5BW-izNC39to.js                          17.92 kB │ gzip:     6.60 kB │ map:     78.99 kB
out/renderer/assets/graphql-B3Jed0-1.js                                 18.07 kB │ gzip:     2.53 kB │ map:     25.44 kB
out/renderer/assets/graphql-CrfGJi2Y.js                                 18.07 kB │ gzip:     2.53 kB │ map:     25.42 kB
out/renderer/assets/liquid-CGmfg7_J.js                                  18.10 kB │ gzip:     3.15 kB │ map:     25.19 kB
out/renderer/assets/liquid-CvyjMmeX.js                                  18.10 kB │ gzip:     3.14 kB │ map:     25.21 kB
out/renderer/assets/svelte-BNGRdkma.js                                  18.24 kB │ gzip:     3.14 kB │ map:     25.69 kB
out/renderer/assets/svelte-C2qivlfm.js                                  18.24 kB │ gzip:     3.14 kB │ map:     25.71 kB
out/renderer/assets/material-theme-CYD974KR.js                          18.61 kB │ gzip:     3.10 kB │ map:     24.10 kB
out/renderer/assets/material-theme-ClWzlrfa.js                          18.61 kB │ gzip:     3.10 kB │ map:     24.08 kB
out/renderer/assets/material-theme-darker-BcGaojYN.js                   18.62 kB │ gzip:     3.10 kB │ map:     24.12 kB
out/renderer/assets/material-theme-darker-CpU10cjS.js                   18.62 kB │ gzip:     3.10 kB │ map:     24.14 kB
out/renderer/assets/material-theme-ocean-8uq1HtIF.js                    18.62 kB │ gzip:     3.12 kB │ map:     24.12 kB
out/renderer/assets/material-theme-ocean-CSDpm2Bk.js                    18.62 kB │ gzip:     3.12 kB │ map:     24.13 kB
out/renderer/assets/material-theme-lighter-B8oEMryg.js                  18.63 kB │ gzip:     3.10 kB │ map:     24.15 kB
out/renderer/assets/material-theme-lighter-EwB6tJ4C.js                  18.63 kB │ gzip:     3.10 kB │ map:     24.13 kB
out/renderer/assets/material-theme-palenight-CcUel-k_.js                18.63 kB │ gzip:     3.11 kB │ map:     24.13 kB
out/renderer/assets/material-theme-palenight-Cn1A7UdP.js                18.63 kB │ gzip:     3.11 kB │ map:     24.15 kB
out/renderer/assets/gdscript-CXaHvDwu.js                                18.98 kB │ gzip:     3.75 kB │ map:     26.23 kB
out/renderer/assets/gdscript-CqIBL8BN.js                                18.98 kB │ gzip:     3.75 kB │ map:     26.22 kB
out/renderer/assets/groovy-DIkUOYnR.js                                  19.17 kB │ gzip:     3.59 kB │ map:     27.48 kB
out/renderer/assets/groovy-DjzyNp-_.js                                  19.17 kB │ gzip:     3.59 kB │ map:     27.50 kB
out/renderer/assets/mdc-CeyNf_y-.js                                     19.54 kB │ gzip:     6.66 kB │ map:     23.07 kB
out/renderer/assets/mdc-NLWOMDQB.js                                     19.54 kB │ gzip:     6.66 kB │ map:     23.05 kB
out/renderer/assets/sankeyDiagram-XADWPNL6-Dx19vusl.js                  19.89 kB │ gzip:     7.15 kB │ map:     71.15 kB
out/renderer/assets/ArtifactChartView-0QETZ77l.js                       19.99 kB │ gzip:     6.73 kB │ map:     79.65 kB
out/renderer/assets/ayu-dark-BvSthphZ.js                                20.07 kB │ gzip:     3.93 kB │ map:     27.03 kB
out/renderer/assets/ayu-dark-CAs-kCnp.js                                20.07 kB │ gzip:     3.93 kB │ map:     27.01 kB
out/renderer/assets/ayu-mirage-DdByPxmU.js                              20.08 kB │ gzip:     3.91 kB │ map:     27.02 kB
out/renderer/assets/ayu-mirage-fckl-na-.js                              20.08 kB │ gzip:     3.91 kB │ map:     27.04 kB
out/renderer/assets/glimmer-js-ajkfhgmp.js                              20.08 kB │ gzip:     2.94 kB │ map:     28.58 kB
out/renderer/assets/glimmer-js-sGpn-tN6.js                              20.08 kB │ gzip:     2.94 kB │ map:     28.56 kB
out/renderer/assets/glimmer-ts-C9rqfJuY.js                              20.08 kB │ gzip:     2.93 kB │ map:     28.58 kB
out/renderer/assets/glimmer-ts-D6bFCPVk.js                              20.08 kB │ gzip:     2.93 kB │ map:     28.56 kB
out/renderer/assets/powershell-7bD4lrwN.js                              20.14 kB │ gzip:     4.05 kB │ map:     26.55 kB
out/renderer/assets/powershell-BgJbwH74.js                              20.14 kB │ gzip:     4.05 kB │ map:     26.57 kB
out/renderer/assets/ayu-light-BX3BsI35.js                               20.14 kB │ gzip:     3.89 kB │ map:     27.09 kB
out/renderer/assets/ayu-light-DHjNdjhp.js                               20.14 kB │ gzip:     3.89 kB │ map:     27.11 kB
out/renderer/assets/kanban-definition-6JOO6SKY-DCtG2WaX.js              20.22 kB │ gzip:     7.13 kB │ map:     63.72 kB
out/renderer/assets/viml-BHf7Tdd4.js                                    20.35 kB │ gzip:     6.73 kB │ map:     23.46 kB
out/renderer/assets/viml-DqpqwpVx.js                                    20.35 kB │ gzip:     6.73 kB │ map:     23.48 kB
out/renderer/assets/nushell-CapfF69W.js                                 20.40 kB │ gzip:     5.21 kB │ map:     27.64 kB
out/renderer/assets/nushell-CnKe5spu.js                                 20.40 kB │ gzip:     5.21 kB │ map:     27.62 kB
out/renderer/assets/AppUsageModelUsagePieChart-8tA7_i3J.js              20.70 kB │ gzip:     6.62 kB │ map:     75.70 kB
out/renderer/assets/snazzy-light-26tsbnYk.js                            20.77 kB │ gzip:     3.80 kB │ map:     27.99 kB
out/renderer/assets/snazzy-light-CqmF5MUY.js                            20.77 kB │ gzip:     3.80 kB │ map:     27.98 kB
out/renderer/assets/twig-BwOQIzbM.js                                    20.90 kB │ gzip:     3.67 kB │ map:     29.18 kB
out/renderer/assets/twig-D8zFmw3e.js                                    20.90 kB │ gzip:     3.66 kB │ map:     29.20 kB
out/renderer/assets/dracula-FO3atMEy.js                                 21.06 kB │ gzip:     3.99 kB │ map:     27.48 kB
out/renderer/assets/dracula-RwLNU2Tt.js                                 21.06 kB │ gzip:     3.99 kB │ map:     27.46 kB
out/renderer/assets/dracula-soft-BPHdmXJE.js                            21.07 kB │ gzip:     4.02 kB │ map:     27.51 kB
out/renderer/assets/dracula-soft-DElz_um0.js                            21.07 kB │ gzip:     4.02 kB │ map:     27.49 kB
out/renderer/assets/wit-6fuqhDC9.js                                     21.46 kB │ gzip:     2.87 kB │ map:     30.06 kB
out/renderer/assets/wit-ivzFg4fo.js                                     21.46 kB │ gzip:     2.87 kB │ map:     30.08 kB
out/renderer/assets/rose-pine-B0-liNQG.js                               21.74 kB │ gzip:     3.86 kB │ map:     28.75 kB
out/renderer/assets/rose-pine-B1pmRhaW.js                               21.74 kB │ gzip:     3.86 kB │ map:     28.73 kB
out/renderer/assets/rose-pine-moon-DkCxjxWF.js                          21.75 kB │ gzip:     3.87 kB │ map:     28.78 kB
out/renderer/assets/rose-pine-moon-pf8b2kIb.js                          21.75 kB │ gzip:     3.87 kB │ map:     28.76 kB
out/renderer/assets/rose-pine-dawn-CHXpJnKV.js                          21.75 kB │ gzip:     3.88 kB │ map:     28.78 kB
out/renderer/assets/rose-pine-dawn-IhF6S1im.js                          21.75 kB │ gzip:     3.88 kB │ map:     28.76 kB
out/renderer/assets/nim-BMICQvb9.js                                     22.45 kB │ gzip:     3.15 kB │ map:     32.73 kB
out/renderer/assets/nim-Cz4dOhKw.js                                     22.45 kB │ gzip:     3.15 kB │ map:     32.71 kB
out/renderer/assets/common-lisp-3btPMArB.js                             22.57 kB │ gzip:     6.07 kB │ map:     26.64 kB
out/renderer/assets/common-lisp-DuBK5pch.js                             22.57 kB │ gzip:     6.07 kB │ map:     26.66 kB
out/renderer/assets/surrealql-Db-VWKWw.js                               22.58 kB │ gzip:     4.31 kB │ map:     32.44 kB
out/renderer/assets/surrealql-DgOALMtj.js                               22.58 kB │ gzip:     4.31 kB │ map:     32.43 kB
out/renderer/assets/gruvbox-dark-hard-CfcVlUrD.js                       22.63 kB │ gzip:     4.15 kB │ map:     30.55 kB
out/renderer/assets/gruvbox-dark-hard-DuJ6p6TV.js                       22.63 kB │ gzip:     4.15 kB │ map:     30.53 kB
out/renderer/assets/gruvbox-dark-soft-COwNRNRZ.js                       22.63 kB │ gzip:     4.15 kB │ map:     30.55 kB
out/renderer/assets/gruvbox-dark-soft-Cay8Ern2.js                       22.63 kB │ gzip:     4.15 kB │ map:     30.53 kB
out/renderer/assets/gruvbox-light-hard-BapAFt9A.js                      22.63 kB │ gzip:     4.16 kB │ map:     30.55 kB
out/renderer/assets/gruvbox-light-hard-Dt6mN-FU.js                      22.63 kB │ gzip:     4.16 kB │ map:     30.53 kB
out/renderer/assets/gruvbox-light-soft-C7psjQpZ.js                      22.63 kB │ gzip:     4.16 kB │ map:     30.55 kB
out/renderer/assets/gruvbox-light-soft-gHObURNq.js                      22.63 kB │ gzip:     4.16 kB │ map:     30.53 kB
out/renderer/assets/gruvbox-dark-medium-BmoOP6Dn.js                     22.63 kB │ gzip:     4.15 kB │ map:     30.54 kB
out/renderer/assets/gruvbox-dark-medium-CMIacH_2.js                     22.63 kB │ gzip:     4.15 kB │ map:     30.56 kB
out/renderer/assets/gruvbox-light-medium-DMFcUdZ6.js                    22.63 kB │ gzip:     4.16 kB │ map:     30.54 kB
out/renderer/assets/gruvbox-light-medium-VJGvMwbD.js                    22.63 kB │ gzip:     4.16 kB │ map:     30.56 kB
out/renderer/assets/bird2-DbeL9gGq.js                                   22.93 kB │ gzip:     4.65 kB │ map:     31.01 kB
out/renderer/assets/journeyDiagram-VCZTEJTY-B3Az-Pn8.js                 23.16 kB │ gzip:     8.15 kB │ map:     74.00 kB
out/renderer/assets/sql-Bghf9f3s.js                                     23.46 kB │ gzip:     7.48 kB │ map:     27.89 kB
out/renderer/assets/sql-BnjUuPVZ.js                                     23.46 kB │ gzip:     7.48 kB │ map:     27.87 kB
out/renderer/assets/mindmap-definition-QFDTVHPH-Dr1CU-yY.js             23.65 kB │ gzip:     8.06 kB │ map:     72.81 kB
out/renderer/assets/cadence-8ssbFTOq.js                                 23.66 kB │ gzip:     3.65 kB │ map:     33.54 kB
out/renderer/assets/cadence-DD-4JPS0.js                                 23.66 kB │ gzip:     3.65 kB │ map:     33.56 kB
out/renderer/assets/index-Bq8bWrOv.js                                   23.82 kB │ gzip:     6.91 kB │ map:     70.78 kB
out/renderer/assets/wardleyDiagram-NUSXRM2D-DT4lGqAg.js                 23.87 kB │ gzip:     6.29 kB │ map:     72.93 kB
out/renderer/assets/typespec-BuF5Zd1Y.js                                24.01 kB │ gzip:     2.58 kB │ map:     33.42 kB
out/renderer/assets/astro-DzV0NnuG.js                                   24.02 kB │ gzip:     7.59 kB │ map:     29.10 kB
out/renderer/assets/astro-WDCPjhjM.js                                   24.02 kB │ gzip:     7.59 kB │ map:     29.12 kB
out/renderer/assets/apl-BPx9DTNf.js                                     24.02 kB │ gzip:     4.17 kB │ map:     33.29 kB
out/renderer/assets/apl-CbPrq5Uk.js                                     24.02 kB │ gzip:     4.17 kB │ map:     33.31 kB
out/renderer/assets/templ-BDot27O_.js                                   24.06 kB │ gzip:     5.41 kB │ map:     30.85 kB
out/renderer/assets/templ-_tJWvHzm.js                                   24.06 kB │ gzip:     5.40 kB │ map:     30.87 kB
out/renderer/assets/angular-html-DPbfphhB.js                            24.23 kB │ gzip:     3.98 kB │ map:     35.46 kB
out/renderer/assets/angular-html-_jMjtdL0.js                            24.23 kB │ gzip:     3.98 kB │ map:     35.55 kB
out/renderer/assets/vhdl-Dif50rmv.js                                    24.25 kB │ gzip:     3.86 kB │ map:     33.36 kB
out/renderer/assets/vhdl-maxR4fQH.js                                    24.25 kB │ gzip:     3.86 kB │ map:     33.34 kB
out/renderer/assets/vue-BHn07w1y.js                                     24.48 kB │ gzip:     2.96 kB │ map:     36.62 kB
out/renderer/assets/vue-CqhzV0B9.js                                     24.48 kB │ gzip:     2.96 kB │ map:     36.52 kB
out/renderer/assets/purescript-C2UMQIx5.js                              24.67 kB │ gzip:     3.24 kB │ map:     34.85 kB
out/renderer/assets/purescript-DhlGE5MT.js                              24.67 kB │ gzip:     3.24 kB │ map:     34.86 kB
out/renderer/assets/typespec-Veh6Lj9E.js                                25.03 kB │ gzip:     2.62 kB │ map:     34.65 kB
out/renderer/assets/one-light-0iSeXAwz.js                               25.29 kB │ gzip:     3.63 kB │ map:     33.78 kB
out/renderer/assets/one-light-syDmTNZj.js                               25.29 kB │ gzip:     3.63 kB │ map:     33.76 kB
out/renderer/assets/fsharp-CvjqKbEO.js                                  25.30 kB │ gzip:     4.12 kB │ map:     35.84 kB
out/renderer/assets/fsharp-TZ__uYKO.js                                  25.30 kB │ gzip:     4.12 kB │ map:     35.82 kB
out/renderer/assets/marko-Fu0_Scts.js                                   25.48 kB │ gzip:     3.59 kB │ map:     35.81 kB
out/renderer/assets/marko-NVKF2Tjm.js                                   25.48 kB │ gzip:     3.59 kB │ map:     35.79 kB
out/renderer/assets/c3-Dl0_ILH6.js                                      25.62 kB │ gzip:     3.85 kB │ map:     37.14 kB
out/renderer/assets/c3-i1xjlRpJ.js                                      25.62 kB │ gzip:     3.85 kB │ map:     37.16 kB
out/renderer/assets/night-owl-light-CGeCg2MR.js                         25.89 kB │ gzip:     4.23 kB │ map:     35.11 kB
out/renderer/assets/night-owl-light-y474n_xT.js                         25.89 kB │ gzip:     4.23 kB │ map:     35.13 kB
out/renderer/assets/system-verilog-RuSB5k9q.js                          26.19 kB │ gzip:     4.82 kB │ map:     36.22 kB
out/renderer/assets/system-verilog-xB1y5gEB.js                          26.19 kB │ gzip:     4.82 kB │ map:     36.24 kB
out/renderer/assets/nord-BkRTK3CU.js                                    26.72 kB │ gzip:     4.35 kB │ map:     35.31 kB
out/renderer/assets/nord-CdKz8PFn.js                                    26.72 kB │ gzip:     4.35 kB │ map:     35.33 kB
out/renderer/assets/erDiagram-SMLLAGMA-0CrWrxIr.js                      26.81 kB │ gzip:     9.33 kB │ map:     85.01 kB
out/renderer/assets/codeql-CeAc6nM3.js                                  26.87 kB │ gzip:     3.79 kB │ map:     35.97 kB
out/renderer/assets/codeql-Y9yhlNMi.js                                  26.87 kB │ gzip:     3.79 kB │ map:     35.99 kB
out/renderer/assets/rough.esm-B2F9Bk-F.js                               27.10 kB │ gzip:     8.85 kB │ map:     71.32 kB
out/renderer/assets/bundle-mjs-BObFGhWS.js                              27.25 kB │ gzip:     8.67 kB │ map:    139.70 kB
out/renderer/assets/scss-96Km8vN2.js                                    27.25 kB │ gzip:     4.22 kB │ map:     38.29 kB
out/renderer/assets/scss-Df8zTM7i.js                                    27.25 kB │ gzip:     4.22 kB │ map:     38.31 kB
out/renderer/assets/java-DKdSyQnQ.js                                    27.27 kB │ gzip:     4.30 kB │ map:     38.60 kB
out/renderer/assets/java-Wzg7EKT9.js                                    27.27 kB │ gzip:     4.30 kB │ map:     38.59 kB
out/renderer/assets/coffee-BrNmgJze.js                                  27.42 kB │ gzip:     6.35 kB │ map:     36.04 kB
out/renderer/assets/coffee-CUlOmap6.js                                  27.42 kB │ gzip:     6.35 kB │ map:     36.06 kB
out/renderer/assets/razor-C_YPwCG9.js                                   27.45 kB │ gzip:     3.54 kB │ map:     38.28 kB
out/renderer/assets/razor-WJQOnDEH.js                                   27.45 kB │ gzip:     3.54 kB │ map:     38.26 kB
out/renderer/assets/scala-BwY5I9WB.js                                   28.87 kB │ gzip:     3.92 kB │ map:     40.09 kB
out/renderer/assets/scala-DLjuufL8.js                                   28.87 kB │ gzip:     3.92 kB │ map:     40.07 kB
out/renderer/assets/night-owl-BFcmzv-1.js                               28.91 kB │ gzip:     5.14 kB │ map:     39.03 kB
out/renderer/assets/night-owl-CPv8Qidv.js                               28.91 kB │ gzip:     5.14 kB │ map:     39.01 kB
out/renderer/assets/gitGraphDiagram-UUTBAWPF-DE1azC6f.js                28.97 kB │ gzip:     8.55 kB │ map:    109.56 kB
out/renderer/assets/duke_sheets_wasm-Ao-uQZbT.js                        28.98 kB │ gzip:     6.59 kB │ map:    108.85 kB
out/renderer/assets/pierre-dark-B3q-Akzf.js                             29.34 kB │ gzip:     4.51 kB │ map:     32.87 kB
out/renderer/assets/pierre-light-Dubzfar5.js                            29.34 kB │ gzip:     4.48 kB │ map:     32.87 kB
out/renderer/assets/crystal-BRzHwAbI.js                                 29.41 kB │ gzip:     4.44 kB │ map:     41.15 kB
out/renderer/assets/crystal-BlFuUEDr.js                                 29.41 kB │ gzip:     4.44 kB │ map:     41.13 kB
out/renderer/assets/mermaid-BDeOxyUt.js                                 29.50 kB │ gzip:     3.64 kB │ map:     44.07 kB
out/renderer/assets/mermaid-Dz1IOGNv.js                                 29.50 kB │ gzip:     3.64 kB │ map:     44.09 kB
out/renderer/assets/applescript-ClWFP_0t.js                             29.56 kB │ gzip:     5.94 kB │ map:     39.32 kB
out/renderer/assets/applescript-DkkULLrR.js                             29.56 kB │ gzip:     5.94 kB │ map:     39.30 kB
out/renderer/assets/timeline-definition-GMOUNBTQ-B_uuYjOz.js            30.39 kB │ gzip:     9.96 kB │ map:     99.34 kB
out/renderer/assets/dagre-BMihTKOq.js                                   30.42 kB │ gzip:    10.94 kB │ map:    186.34 kB
out/renderer/assets/CartesianChart-rVEHiVZ7.js                          30.43 kB │ gzip:     8.18 kB │ map:    118.91 kB
out/renderer/assets/requirementDiagram-MS252O5E-DXL5WxjT.js             30.96 kB │ gzip:     9.75 kB │ map:     94.18 kB
out/renderer/assets/julia-BIzGYTl8.js                                   30.99 kB │ gzip:     4.30 kB │ map:     40.52 kB
out/renderer/assets/julia-DqlDH22h.js                                   30.99 kB │ gzip:     4.30 kB │ map:     40.50 kB
out/renderer/assets/stylus-C5us-r-I.js                                  31.06 kB │ gzip:     8.01 kB │ map:     38.85 kB
out/renderer/assets/stylus-DRhq5d35.js                                  31.06 kB │ gzip:     8.01 kB │ map:     38.83 kB
out/renderer/assets/quadrantDiagram-34T5L4WZ-DJKJyL8g.js                33.34 kB │ gzip:     9.70 kB │ map:    104.27 kB
out/renderer/assets/poimandres-C7Hmjsxo.js                              33.49 kB │ gzip:     5.49 kB │ map:     43.04 kB
out/renderer/assets/poimandres-Qd4QZ5vO.js                              33.49 kB │ gzip:     5.49 kB │ map:     43.02 kB
out/renderer/assets/chunk-ENJZ2VHE-D_jJB6pN.js                          33.51 kB │ gzip:     7.10 kB │ map:     94.67 kB
out/renderer/assets/one-dark-pro-BS_h5Kqp.js                            33.78 kB │ gzip:     5.50 kB │ map:     44.48 kB
out/renderer/assets/one-dark-pro-DsfXf1aq.js                            33.78 kB │ gzip:     5.50 kB │ map:     44.46 kB
out/renderer/assets/bsl-BZuy4Oam.js                                     33.86 kB │ gzip:     8.34 kB │ map:     37.56 kB
out/renderer/assets/bsl-BvC7FXjb.js                                     33.86 kB │ gzip:     8.34 kB │ map:     37.58 kB
out/renderer/assets/haxe-BAx_JyP-.js                                    35.15 kB │ gzip:     5.90 kB │ map:     49.48 kB
out/renderer/assets/haxe-Ca7blg_e.js                                    35.15 kB │ gzip:     5.90 kB │ map:     49.49 kB
out/renderer/assets/nginx-BciK4os4.js                                   35.35 kB │ gzip:     4.45 kB │ map:     48.43 kB
out/renderer/assets/nginx-Cspsn0-7.js                                   35.35 kB │ gzip:     4.45 kB │ map:     48.45 kB
out/renderer/assets/houston-DpPtB4K-.js                                 35.41 kB │ gzip:     5.76 kB │ map:     46.35 kB
out/renderer/assets/houston-FYTfo8Ns.js                                 35.41 kB │ gzip:     5.76 kB │ map:     46.37 kB
out/renderer/assets/tokyo-night-Bdd6H884.js                             35.66 kB │ gzip:     6.22 kB │ map:     45.32 kB
out/renderer/assets/tokyo-night-DQDw1lD0.js                             35.66 kB │ gzip:     6.22 kB │ map:     45.30 kB
out/renderer/assets/chunk-OYMX7WX6-B9StAc92.js                          36.59 kB │ gzip:    11.80 kB │ map:    115.48 kB
out/renderer/assets/src-DZVl701N.js                                     37.29 kB │ gzip:    12.43 kB │ map:    155.90 kB
out/renderer/assets/erlang-BmOwcXOa.js                                  37.47 kB │ gzip:     4.35 kB │ map:     51.51 kB
out/renderer/assets/erlang-CNG_B1HJ.js                                  37.47 kB │ gzip:     4.36 kB │ map:     51.53 kB
out/renderer/assets/xychartDiagram-5P7HB3ND-BAlBbLF9.js                 38.76 kB │ gzip:    10.72 kB │ map:    121.16 kB
out/renderer/assets/skillStore-CQ8yJXRt.js                              38.88 kB │ gzip:    10.49 kB │ map:    223.23 kB
out/renderer/assets/cobol-BN8eDsiP.js                                   39.07 kB │ gzip:    10.89 kB │ map:     47.30 kB
out/renderer/assets/cobol-C00NAKdw.js                                   39.09 kB │ gzip:    10.89 kB │ map:     47.35 kB
out/renderer/assets/vennDiagram-DHZGUBPP-DvrylBYa.js                    40.62 kB │ gzip:    14.89 kB │ map:    171.05 kB
out/renderer/assets/asm-CpUvxxub.js                                     40.71 kB │ gzip:     8.16 kB │ map:     52.96 kB
out/renderer/assets/asm-WWMLBAzj.js                                     40.71 kB │ gzip:     8.16 kB │ map:     52.97 kB
out/renderer/assets/haskell-BqzTo21P.js                                 41.48 kB │ gzip:     6.41 kB │ map:     57.81 kB
out/renderer/assets/haskell-DJuddx74.js                                 41.48 kB │ gzip:     6.41 kB │ map:     57.82 kB
out/renderer/assets/shellscript-CIG4IuPR.js                             41.53 kB │ gzip:     6.12 kB │ map:     56.48 kB
out/renderer/assets/shellscript-D7iWD-g7.js                             41.53 kB │ gzip:     6.12 kB │ map:     56.49 kB
out/renderer/assets/chunk-XPW4576I-BwGVu-pW.js                          41.85 kB │ gzip:    14.22 kB │ map:    147.73 kB
out/renderer/assets/perl-4sunxrws.js                                    43.14 kB │ gzip:     4.64 kB │ map:     60.70 kB
out/renderer/assets/perl-DMlhqnby.js                                    43.14 kB │ gzip:     4.64 kB │ map:     60.72 kB
out/renderer/assets/d-QPlqkAZ6.js                                       43.78 kB │ gzip:     8.43 kB │ map:     62.67 kB
out/renderer/assets/d-kr557E9Y.js                                       43.78 kB │ gzip:     8.43 kB │ map:     62.65 kB
out/renderer/assets/ruby-CHl8nDIF.js                                    45.83 kB │ gzip:     5.56 kB │ map:     65.27 kB
out/renderer/assets/ruby-Cna2jUZD.js                                    46.60 kB │ gzip:     5.71 kB │ map:     66.14 kB
out/renderer/assets/go-CkdrM2N-.js                                      46.80 kB │ gzip:     5.15 kB │ map:     66.57 kB
out/renderer/assets/go-Cp9kcGEd.js                                      46.81 kB │ gzip:     5.14 kB │ map:     66.56 kB
out/renderer/assets/chunk-4TB4RGXK-C811bGnp.js                          46.88 kB │ gzip:    15.12 kB │ map:    138.06 kB
out/renderer/assets/apex-Cvys2dhH.js                                    46.97 kB │ gzip:     6.72 kB │ map:     65.69 kB
out/renderer/assets/apex-mY8gA5D3.js                                    46.97 kB │ gzip:     6.72 kB │ map:     65.67 kB
out/renderer/assets/catppuccin-mocha-BhPeahU3.js                        47.25 kB │ gzip:     7.98 kB │ map:     61.98 kB
out/renderer/assets/catppuccin-mocha-aYyffNFn.js                        47.25 kB │ gzip:     7.98 kB │ map:     61.99 kB
out/renderer/assets/catppuccin-latte-B5z4mw3s.js                        47.25 kB │ gzip:     7.98 kB │ map:     62.00 kB
out/renderer/assets/catppuccin-latte-BJ_Y6Q7y.js                        47.25 kB │ gzip:     7.98 kB │ map:     61.98 kB
out/renderer/assets/catppuccin-frappe-BF4kCKBC.js                       47.25 kB │ gzip:     7.99 kB │ map:     62.00 kB
out/renderer/assets/catppuccin-frappe-DpnqbqUk.js                       47.25 kB │ gzip:     7.99 kB │ map:     61.98 kB
out/renderer/assets/catppuccin-macchiato-BnEEIzOu.js                    47.26 kB │ gzip:     7.99 kB │ map:     62.01 kB
out/renderer/assets/catppuccin-macchiato-DaHgoC1x.js                    47.26 kB │ gzip:     7.99 kB │ map:     62.00 kB
out/renderer/assets/ada-DRg1GWrG.js                                     48.07 kB │ gzip:     5.96 kB │ map:     70.94 kB
out/renderer/assets/ada-DZP78NT_.js                                     48.07 kB │ gzip:     5.96 kB │ map:     70.92 kB
out/renderer/assets/css-BkmAoy-E.js                                     49.07 kB │ gzip:    11.94 kB │ map:     60.60 kB
out/renderer/assets/css-DVE4OZLw.js                                     49.09 kB │ gzip:    11.95 kB │ map:     60.60 kB
out/renderer/assets/imba-lmYD8e-I.js                                    49.92 kB │ gzip:     9.47 kB │ map:     68.06 kB
out/renderer/assets/imba-ue9_is4n.js                                    49.92 kB │ gzip:     9.47 kB │ map:     68.04 kB
out/renderer/assets/chunk-U2HBQHQK-CYz4R-C-.js                          52.52 kB │ gzip:    17.15 kB │ map:    132.10 kB
out/renderer/assets/everforest-dark-B7PiEit1.js                         53.74 kB │ gzip:     8.37 kB │ map:     68.22 kB
out/renderer/assets/everforest-dark-Dsg9Fryy.js                         53.74 kB │ gzip:     8.37 kB │ map:     68.24 kB
out/renderer/assets/everforest-light-CWUqVCwK.js                        53.74 kB │ gzip:     8.36 kB │ map:     68.25 kB
out/renderer/assets/everforest-light-_IsIEJO8.js                        53.74 kB │ gzip:     8.36 kB │ map:     68.23 kB
out/renderer/assets/ganttDiagram-T4ZO3ILL-Dh_e2QSs.js                   54.44 kB │ gzip:    18.21 kB │ map:    163.46 kB
out/renderer/assets/wikitext-c1Pqx3iQ.js                                55.87 kB │ gzip:     4.81 kB │ map:     77.61 kB
out/renderer/assets/wikitext-yPmG0R8v.js                                55.87 kB │ gzip:     4.81 kB │ map:     77.59 kB
out/renderer/assets/stata-Cipmg9FY.js                                   56.99 kB │ gzip:    12.39 kB │ map:     74.15 kB
out/renderer/assets/stata-Dvx2UrQs.js                                   56.99 kB │ gzip:    12.40 kB │ map:     74.13 kB
out/renderer/assets/html-BiMcZIbK.js                                    57.31 kB │ gzip:    11.77 kB │ map:     72.97 kB
out/renderer/assets/html-DJm8UAQY.js                                    57.31 kB │ gzip:    11.78 kB │ map:     72.95 kB
out/renderer/assets/ballerina-6jW2lDEe.js                               58.68 kB │ gzip:     8.10 kB │ map:     81.51 kB
out/renderer/assets/ballerina-Rapvht_j.js                               58.68 kB │ gzip:     8.10 kB │ map:     81.49 kB
out/renderer/assets/markdown-Bj9ndtEr.js                                59.32 kB │ gzip:     5.66 kB │ map:     82.30 kB
out/renderer/assets/markdown-C7BnhrYq.js                                59.32 kB │ gzip:     5.66 kB │ map:     82.28 kB
out/renderer/assets/flowDiagram-DWJPFMVM-DAXy4-K5.js                    60.22 kB │ gzip:    19.51 kB │ map:    180.37 kB
out/renderer/assets/ocaml-BV7oSyYO.js                                   62.44 kB │ gzip:     5.04 kB │ map:     81.06 kB
out/renderer/assets/ocaml-uH2o84ab.js                                   62.44 kB │ gzip:     5.04 kB │ map:     81.08 kB
out/renderer/assets/c4Diagram-AHTNJAMY-CTAJh1Qn.js                      69.17 kB │ gzip:    19.33 kB │ map:    191.40 kB
out/renderer/assets/mojo-0Cgo-QOk.js                                    69.79 kB │ gzip:     9.21 kB │ map:     94.91 kB
out/renderer/assets/mojo-B6RZbwqK.js                                    69.79 kB │ gzip:     9.21 kB │ map:     94.89 kB
out/renderer/assets/blockDiagram-DXYQGD6D-CyYkx8xX.js                   69.90 kB │ gzip:    19.67 kB │ map:    228.24 kB
out/renderer/assets/python-2EXDB1qL.js                                  69.94 kB │ gzip:     9.09 kB │ map:     95.19 kB
out/renderer/assets/python-BVxAnG71.js                                  69.94 kB │ gzip:     9.09 kB │ map:     95.21 kB
out/renderer/assets/c-BrKY1jeo.js                                       72.16 kB │ gzip:    10.55 kB │ map:     95.36 kB
out/renderer/assets/c-DE993c0y.js                                       72.16 kB │ gzip:    10.55 kB │ map:     95.34 kB
out/renderer/assets/latex-9-PfT73C.js                                   72.61 kB │ gzip:     6.68 kB │ map:    100.55 kB
out/renderer/assets/latex-DrYvd291.js                                   72.61 kB │ gzip:     6.68 kB │ map:    100.53 kB
out/renderer/assets/vyper-CyUn_LR_.js                                   74.64 kB │ gzip:    10.69 kB │ map:    100.68 kB
out/renderer/assets/vyper-Dn8_x_AD.js                                   74.64 kB │ gzip:    10.69 kB │ map:    100.66 kB
out/renderer/assets/hack-N0hX6acg.js                                    80.18 kB │ gzip:    26.27 kB │ map:     97.26 kB
out/renderer/assets/hack-ew4Ult3w.js                                    80.18 kB │ gzip:    26.27 kB │ map:     97.28 kB
out/renderer/assets/cose-bilkent-S5V4N54A-5PjvUXoV.js                   81.39 kB │ gzip:    21.56 kB │ map:    285.22 kB
out/renderer/assets/swift-BB-FxI9B.js                                   86.68 kB │ gzip:    14.69 kB │ map:    114.47 kB
out/renderer/assets/swift-BzonfCd0.js                                   86.68 kB │ gzip:    14.69 kB │ map:    114.49 kB
out/renderer/assets/fortran-free-form--Ds-2XsQ.js                       88.96 kB │ gzip:    11.18 kB │ map:    124.03 kB
out/renderer/assets/fortran-free-form-CLl_0Az_.js                       88.96 kB │ gzip:    11.18 kB │ map:    124.01 kB
out/renderer/assets/csharp-D1TfXclq.js                                  89.68 kB │ gzip:    10.64 kB │ map:    125.65 kB
out/renderer/assets/csharp-DDL7kc1v.js                                  89.68 kB │ gzip:    10.64 kB │ map:    125.63 kB
out/renderer/assets/racket-BdY58Md5.js                                  92.38 kB │ gzip:    15.07 kB │ map:    106.16 kB
out/renderer/assets/racket-C0EAdx8l.js                                  92.38 kB │ gzip:    15.07 kB │ map:    106.14 kB
out/renderer/assets/less-DvzzBMUh.js                                    97.62 kB │ gzip:    14.84 kB │ map:    131.81 kB
out/renderer/assets/less-F15UoubA.js                                    97.62 kB │ gzip:    14.84 kB │ map:    131.83 kB
out/renderer/assets/chunk-5FUZZQ4R-B1g67A0d.js                          97.91 kB │ gzip:    23.96 kB │ map:    356.35 kB
out/renderer/assets/blade-64ZhQEkp.js                                  104.97 kB │ gzip:    28.30 kB │ map:    130.91 kB
out/renderer/assets/blade-fVYWEJCg.js                                  104.97 kB │ gzip:    28.30 kB │ map:    130.93 kB
out/renderer/assets/objective-c-5AdTYvNi.js                            105.40 kB │ gzip:    23.63 kB │ map:    129.60 kB
out/renderer/assets/objective-c-BDESugoM.js                            105.40 kB │ gzip:    23.63 kB │ map:    129.62 kB
out/renderer/assets/php-BWDkyTnE.js                                    111.05 kB │ gzip:    28.65 kB │ map:    139.35 kB
out/renderer/assets/php-CpWZa6FS.js                                    111.31 kB │ gzip:    28.65 kB │ map:    139.69 kB
out/renderer/assets/sequenceDiagram-FGHM5R23-ClOg2y_f.js               115.51 kB │ gzip:    30.45 kB │ map:    328.59 kB
out/renderer/assets/asciidoc-DBBL347V.js                               131.52 kB │ gzip:     9.31 kB │ map:    189.08 kB
out/renderer/assets/asciidoc-DdMqPjf2.js                               131.52 kB │ gzip:     9.31 kB │ map:    189.06 kB
out/renderer/assets/mdx-D6YFfgPD.js                                    136.10 kB │ gzip:    23.54 kB │ map:    176.70 kB
out/renderer/assets/mdx-DuHM9bcH.js                                    136.10 kB │ gzip:    23.54 kB │ map:    176.68 kB
out/renderer/assets/architectureDiagram-Q4EWVU46-ljHavK0J.js           146.77 kB │ gzip:    40.23 kB │ map:    547.73 kB
out/renderer/assets/objective-cpp-BJ4eL4Ce.js                          171.96 kB │ gzip:    30.98 kB │ map:    218.51 kB
out/renderer/assets/objective-cpp-D6qDA03c.js                          171.96 kB │ gzip:    30.98 kB │ map:    218.49 kB
out/renderer/assets/previewPaneOfficeDocxContent-BMDerp6q.js           174.66 kB │ gzip:    50.22 kB │ map:    421.49 kB
out/renderer/assets/javascript-BYihXHHJ.js                             174.88 kB │ gzip:    16.67 kB │ map:    236.01 kB
out/renderer/assets/javascript-nfDcNzAo.js                             174.88 kB │ gzip:    16.67 kB │ map:    236.03 kB
out/renderer/assets/tsx-D5De3fuT.js                                    175.59 kB │ gzip:    16.67 kB │ map:    236.70 kB
out/renderer/assets/tsx-gD9DAEcu.js                                    175.59 kB │ gzip:    16.67 kB │ map:    236.69 kB
out/renderer/assets/jsx-Cd2anHRe.js                                    177.84 kB │ gzip:    16.76 kB │ map:    238.94 kB
out/renderer/assets/jsx-CyvKvO5o.js                                    177.84 kB │ gzip:    16.76 kB │ map:    238.96 kB
out/renderer/assets/typescript-BY6zv6Oy.js                             181.13 kB │ gzip:    16.28 kB │ map:    244.37 kB
out/renderer/assets/typescript-ysg1reRu.js                             181.13 kB │ gzip:    16.28 kB │ map:    244.35 kB
out/renderer/assets/angular-ts-BlSXF1C5.js                             183.73 kB │ gzip:    16.78 kB │ map:    249.37 kB
out/renderer/assets/angular-ts-CJUwYdGh.js                             183.73 kB │ gzip:    16.78 kB │ map:    249.31 kB
out/renderer/assets/vue-vine-C459W_xd.js                               190.05 kB │ gzip:    18.07 kB │ map:    255.11 kB
out/renderer/assets/vue-vine-CrzxM8rm.js                               190.05 kB │ gzip:    18.07 kB │ map:    255.13 kB
out/renderer/assets/chunk-ICPOFSXX-B7b4JIhZ.js                         214.90 kB │ gzip:    33.82 kB │ map:    514.12 kB
out/renderer/assets/imeComposition-DJxP3d0O.js                         249.24 kB │ gzip:    80.94 kB │ map:  1,120.71 kB
out/renderer/assets/katex-Bo-F0e3L.js                                  257.04 kB │ gzip:    76.96 kB │ map:    922.26 kB
out/renderer/assets/chart-CVSfEvCI.js                                  261.02 kB │ gzip:    77.83 kB │ map:  1,335.81 kB
out/renderer/assets/wolfram-B5tUJTrN.js                                262.38 kB │ gzip:    77.63 kB │ map:    279.63 kB
out/renderer/assets/wolfram-CGA7M_oR.js                                262.38 kB │ gzip:    77.63 kB │ map:    279.61 kB
out/renderer/assets/src-DfZm4Csa.js                                    328.84 kB │ gzip:    92.41 kB │ map:  1,756.26 kB
out/renderer/assets/pdf-viewer-CkH1-1Di.js                             427.00 kB │ gzip:   126.51 kB │ map:  1,354.10 kB
out/renderer/assets/cytoscape.esm-BYVGgNzw.js                          434.14 kB │ gzip:   137.50 kB │ map:  1,682.36 kB
out/renderer/assets/chunk-BO2N2NFS-CjPmWEbq.js                         448.66 kB │ gzip:   135.63 kB │ map:  1,685.51 kB
out/renderer/assets/chunk-K5T4RW27-C5G7YQi6.js                         474.01 kB │ gzip:   102.05 kB │ map:  1,677.46 kB
out/renderer/assets/wasm-N2uZZcoE.js                                   622.32 kB │ gzip:   232.09 kB │ map:    622.82 kB
out/renderer/assets/wasm-yK_uhMYi.js                                   622.32 kB │ gzip:   232.09 kB │ map:    622.80 kB
out/renderer/assets/cpp-1Yeqervh.js                                    626.12 kB │ gzip:    48.09 kB │ map:    816.12 kB
out/renderer/assets/cpp-BWlfnRMO.js                                    626.12 kB │ gzip:    48.09 kB │ map:    816.08 kB
out/renderer/assets/IntlProvider-Bl78eqUX.js                           757.72 kB │ gzip:   182.03 kB │ map:  1,044.70 kB
out/renderer/assets/emacs-lisp-CpMeaT51.js                             779.84 kB │ gzip:   197.53 kB │ map:    789.78 kB
out/renderer/assets/emacs-lisp-YmiIV8lc.js                             779.87 kB │ gzip:   197.55 kB │ map:    789.80 kB
out/renderer/assets/previewPaneOfficeLegacyDocContent-dlUxop55.js      900.63 kB │ gzip:   261.94 kB │ map:  4,062.51 kB
out/renderer/assets/pptxRendererPreviewEngine-CnPgEr6T.js            1,042.71 kB │ gzip:   328.59 kB │ map:  2,971.59 kB
out/renderer/assets/previewPaneOfficeXlsxContent-DbDEhg9z.js         2,154.74 kB │ gzip:   697.32 kB │ map:  7,239.13 kB
out/renderer/assets/styles-BKMLEGNi.js                               5,957.53 kB │ gzip: 1,669.56 kB │ map: 20,793.99 kB

[plugin builtin:vite-reporter]
(!) Some chunks are larger than 500 kB after minification. Consider:
- Using dynamic import() to code-split the application
- Use build.rolldownOptions.output.codeSplitting to improve chunking: https://rolldown.rs/reference/OutputOptions.codeSplitting
- Adjust chunk size limit for this warning via build.chunkSizeWarningLimit.
[33m[PLUGIN_TIMINGS] Warning:[0m Your build spent significant time in plugins. Here is a breakdown:
  - vite:asset (41%)
  - vite:worker (32%)
  - vite:css-post (20%)
See https://rolldown.rs/options/checks#plugintimings for more details.

✓ built in 7.18s
